NA,NA,NA,NA,NA,NA,NA,NA,NA,NA,NA,NA,NA,NA,NA,NA,NA,NA,NA,NA,  7.37135E-03,  7.57945E-03,  7.78139E-03,  7.97540E-03,  8.15965E-03,  8.33229E-03,  8.49151E-03,  8.63553E-03,  8.76267E-03,  8.87141E-03,  8.96040E-03,  9.02851E-03,  9.07487E-03,  9.09888E-03,  9.10025E-03,  9.07899E-03,  9.03542E-03,  8.97014E-03,  8.88406E-03,  8.77831E-03,  8.65425E-03,  8.51342E-03,  8.35749E-03,  8.18823E-03,  8.00746E-03,  7.81702E-03,NA,NA,NA,NA,NA,NA,NA,NA,NA,NA,NA,NA,NA,NA,NA,NA,NA,NA,NA,NA,NA,
NA,NA,NA,NA,NA,NA,NA,NA,NA,NA,NA,NA,NA,NA,NA,NA,NA,NA,  7.20751E-03,  7.44341E-03,  7.67683E-03,  7.90596E-03,  8.12891E-03,  8.34365E-03,  8.54808E-03,  8.74006E-03,  8.91749E-03,  9.07827E-03,  9.22046E-03,  9.34225E-03,  9.44203E-03,  9.51847E-03,  9.57053E-03,  9.59750E-03,  9.59903E-03,  9.57512E-03,  9.52615E-03,  9.45285E-03,  9.35627E-03,  9.23777E-03,  9.09896E-03,  8.94163E-03,  8.76776E-03,  8.57942E-03,  8.37872E-03,  8.16778E-03,  7.94868E-03,  7.72343E-03,NA,NA,NA,NA,NA,NA,NA,NA,NA,NA,NA,NA,NA,NA,NA,NA,NA,NA,NA,
NA,NA,NA,NA,NA,NA,NA,NA,NA,NA,NA,NA,NA,NA,NA,NA,  6.96779E-03,  7.22503E-03,  7.48376E-03,  7.74236E-03,  7.99901E-03,  8.25170E-03,  8.49828E-03,  8.73643E-03,  8.96375E-03,  9.17775E-03,  9.37598E-03,  9.55599E-03,  9.71547E-03,  9.85228E-03,  9.96454E-03,  1.00506E-02,  1.01093E-02,  1.01397E-02,  1.01415E-02,  1.01145E-02,  1.00594E-02,  9.97681E-03,  9.86816E-03,  9.73501E-03,  9.57926E-03,  9.40305E-03,  9.20870E-03,  8.99863E-03,  8.77531E-03,  8.54120E-03,  8.29870E-03,  8.05009E-03,  7.79754E-03,  7.54302E-03,NA,NA,NA,NA,NA,NA,NA,NA,NA,NA,NA,NA,NA,NA,NA,NA,NA,
NA,NA,NA,NA,NA,NA,NA,NA,NA,NA,NA,NA,NA,NA,NA,  6.93251E-03,  7.20881E-03,  7.48922E-03,  7.77220E-03,  8.05599E-03,  8.33855E-03,  8.61766E-03,  8.89086E-03,  9.15551E-03,  9.40883E-03,  9.64797E-03,  9.87001E-03,  1.00721E-02,  1.02515E-02,  1.04058E-02,  1.05325E-02,  1.06298E-02,  1.06962E-02,  1.07307E-02,  1.07327E-02,  1.07023E-02,  1.06400E-02,  1.05467E-02,  1.04241E-02,  1.02741E-02,  1.00988E-02,  9.90096E-03,  9.68316E-03,  9.44829E-03,  9.19926E-03,  8.93891E-03,  8.67001E-03,  8.39518E-03,  8.11687E-03,  7.83729E-03,  7.55846E-03,  7.28212E-03,NA,NA,NA,NA,NA,NA,NA,NA,NA,NA,NA,NA,NA,NA,NA,
NA,NA,NA,NA,NA,NA,NA,NA,NA,NA,NA,NA,NA,  6.57829E-03,  6.86358E-03,  7.15692E-03,  7.45720E-03,  7.76304E-03,  8.07280E-03,  8.38454E-03,  8.69603E-03,  9.00478E-03,  9.30800E-03,  9.60268E-03,  9.88562E-03,  1.01535E-02,  1.04029E-02,  1.06305E-02,  1.08330E-02,  1.10074E-02,  1.11510E-02,  1.12614E-02,  1.13369E-02,  1.13761E-02,  1.13786E-02,  1.13442E-02,  1.12735E-02,  1.11679E-02,  1.10292E-02,  1.08596E-02,  1.06619E-02,  1.04390E-02,  1.01943E-02,  9.93106E-03,  9.65271E-03,  9.36258E-03,  9.06386E-03,  8.75955E-03,  8.45242E-03,  8.14497E-03,  7.83942E-03,  7.53768E-03,  7.24140E-03,  6.95191E-03,NA,NA,NA,NA,NA,NA,NA,NA,NA,NA,NA,NA,NA,
NA,NA,NA,NA,NA,NA,NA,NA,NA,NA,NA,NA,  6.46343E-03,  6.76049E-03,  7.06827E-03,  7.38592E-03,  7.71231E-03,  8.04603E-03,  8.38532E-03,  8.72808E-03,  9.07187E-03,  9.41388E-03,  9.75099E-03,  1.00798E-02,  1.03965E-02,  1.06973E-02,  1.09783E-02,  1.12353E-02,  1.14646E-02,  1.16626E-02,  1.18258E-02,  1.19516E-02,  1.20378E-02,  1.20828E-02,  1.20858E-02,  1.20468E-02,  1.19665E-02,  1.18466E-02,  1.16890E-02,  1.14968E-02,  1.12730E-02,  1.10213E-02,  1.07456E-02,  1.04498E-02,  1.01380E-02,  9.81398E-03,  9.48151E-03,  9.14401E-03,  8.80462E-03,  8.46614E-03,  8.13102E-03,  7.80134E-03,  7.47885E-03,  7.16497E-03,  6.86080E-03,NA,NA,NA,NA,NA,NA,NA,NA,NA,NA,NA,NA,
NA,NA,NA,NA,NA,NA,NA,NA,NA,NA,  6.02568E-03,  6.31779E-03,  6.62354E-03,  6.94262E-03,  7.27452E-03,  7.61842E-03,  7.97322E-03,  8.33745E-03,  8.70927E-03,  9.08643E-03,  9.46626E-03,  9.84565E-03,  1.02211E-02,  1.05886E-02,  1.09439E-02,  1.12826E-02,  1.16000E-02,  1.18912E-02,  1.21518E-02,  1.23773E-02,  1.25637E-02,  1.27076E-02,  1.28064E-02,  1.28582E-02,  1.28620E-02,  1.28177E-02,  1.27263E-02,  1.25895E-02,  1.24102E-02,  1.21915E-02,  1.19374E-02,  1.16523E-02,  1.13408E-02,  1.10076E-02,  1.06574E-02,  1.02949E-02,  9.92417E-03,  9.54927E-03,  9.17375E-03,  8.80071E-03,  8.43287E-03,  8.07247E-03,  7.72137E-03,  7.38102E-03,  7.05253E-03,  6.73667E-03,NA,NA,NA,NA,NA,NA,NA,NA,NA,NA,NA,
NA,NA,NA,NA,NA,NA,NA,NA,NA,  5.84764E-03,  6.14294E-03,  6.45397E-03,  6.78079E-03,  7.12324E-03,  7.48090E-03,  7.85306E-03,  8.23865E-03,  8.63621E-03,  9.04383E-03,  9.45910E-03,  9.87914E-03,  1.03005E-02,  1.07192E-02,  1.11308E-02,  1.15304E-02,  1.19127E-02,  1.22722E-02,  1.26033E-02,  1.29003E-02,  1.31582E-02,  1.33719E-02,  1.35374E-02,  1.36512E-02,  1.37112E-02,  1.37161E-02,  1.36657E-02,  1.35613E-02,  1.34049E-02,  1.31999E-02,  1.29504E-02,  1.26610E-02,  1.23370E-02,  1.19841E-02,  1.16078E-02,  1.12137E-02,  1.08071E-02,  1.03930E-02,  9.97589E-03,  9.55986E-03,  9.14835E-03,  8.74432E-03,  8.35020E-03,  7.96790E-03,  7.59890E-03,  7.24426E-03,  6.90469E-03,  6.58059E-03,NA,NA,NA,NA,NA,NA,NA,NA,NA,NA,
NA,NA,NA,NA,NA,NA,NA,NA,  5.64604E-03,  5.94119E-03,  6.25391E-03,  6.58458E-03,  6.93347E-03,  7.30058E-03,  7.68565E-03,  8.08812E-03,  8.50699E-03,  8.94085E-03,  9.38775E-03,  9.84518E-03,  1.03100E-02,  1.07785E-02,  1.12462E-02,  1.17080E-02,  1.21583E-02,  1.25909E-02,  1.29993E-02,  1.33768E-02,  1.37168E-02,  1.40128E-02,  1.42589E-02,  1.44500E-02,  1.45820E-02,  1.46519E-02,  1.46583E-02,  1.46010E-02,  1.44813E-02,  1.43019E-02,  1.40669E-02,  1.37811E-02,  1.34504E-02,  1.30812E-02,  1.26801E-02,  1.22540E-02,  1.18093E-02,  1.13523E-02,  1.08889E-02,  1.04242E-02,  9.96276E-03,  9.50843E-03,  9.06443E-03,  8.63331E-03,  8.21707E-03,  7.81714E-03,  7.43450E-03,  7.06973E-03,  6.72307E-03,  6.39448E-03,NA,NA,NA,NA,NA,NA,NA,NA,NA,
NA,NA,NA,NA,NA,NA,NA,  5.42389E-03,  5.71559E-03,  6.02630E-03,  6.35680E-03,  6.70773E-03,  7.07955E-03,  7.47253E-03,  7.88661E-03,  8.32141E-03,  8.77611E-03,  9.24937E-03,  9.73927E-03,  1.02432E-02,  1.07579E-02,  1.12792E-02,  1.18022E-02,  1.23212E-02,  1.28297E-02,  1.33205E-02,  1.37858E-02,  1.42178E-02,  1.46083E-02,  1.49495E-02,  1.52342E-02,  1.54560E-02,  1.56098E-02,  1.56920E-02,  1.57005E-02,  1.56351E-02,  1.54976E-02,  1.52912E-02,  1.50207E-02,  1.46923E-02,  1.43132E-02,  1.38910E-02,  1.34338E-02,  1.29499E-02,  1.24469E-02,  1.19323E-02,  1.14128E-02,  1.08943E-02,  1.03819E-02,  9.87995E-03,  9.39183E-03,  8.92024E-03,  8.46715E-03,  8.03394E-03,  7.62144E-03,  7.23002E-03,  6.85971E-03,  6.51023E-03,  6.18108E-03,NA,NA,NA,NA,NA,NA,NA,NA,
NA,NA,NA,NA,NA,NA,  5.18467E-03,  5.46972E-03,  5.77485E-03,  6.10113E-03,  6.44962E-03,  6.82122E-03,  7.21671E-03,  7.63661E-03,  8.08119E-03,  8.55030E-03,  9.04335E-03,  9.55919E-03,  1.00960E-02,  1.06511E-02,  1.12211E-02,  1.18016E-02,  1.23872E-02,  1.29713E-02,  1.35465E-02,  1.41046E-02,  1.46363E-02,  1.51322E-02,  1.55825E-02,  1.59775E-02,NA,NA,NA,NA,NA,NA,  1.66234E-02,  1.63850E-02,  1.60726E-02,  1.56939E-02,  1.52576E-02,  1.47733E-02,  1.42506E-02,  1.36995E-02,  1.31292E-02,  1.25485E-02,  1.19651E-02,  1.13858E-02,  1.08163E-02,  1.02614E-02,  9.72471E-03,  9.20892E-03,  8.71599E-03,  8.24711E-03,  7.80289E-03,  7.38346E-03,  6.98852E-03,  6.61750E-03,  6.26960E-03,  5.94384E-03,NA,NA,NA,NA,NA,NA,NA,
NA,NA,NA,NA,NA,NA,  5.20762E-03,  5.50377E-03,  5.82199E-03,  6.16366E-03,  6.53011E-03,  6.92260E-03,  7.34224E-03,  7.78994E-03,  8.26630E-03,  8.77155E-03,  9.30541E-03,  9.86700E-03,  1.04547E-02,  1.10659E-02,  1.16971E-02,  1.23437E-02,  1.29997E-02,  1.36579E-02,  1.43099E-02,  1.49458E-02,  1.55552E-02,  1.61263E-02,NA,NA,NA,NA,NA,NA,NA,NA,NA,NA,NA,  1.67972E-02,  1.62933E-02,  1.57357E-02,  1.51363E-02,  1.45069E-02,  1.38587E-02,  1.32020E-02,  1.25458E-02,  1.18978E-02,  1.12644E-02,  1.06508E-02,  1.00607E-02,  9.49677E-03,  8.96090E-03,  8.45399E-03,  7.97631E-03,  7.52762E-03,  7.10724E-03,  6.71421E-03,  6.34735E-03,  6.00535E-03,  5.68679E-03,NA,NA,NA,NA,NA,NA,
NA,NA,NA,NA,NA,  4.93356E-03,  5.21771E-03,  5.52432E-03,  5.85508E-03,  6.21167E-03,  6.59579E-03,  7.00909E-03,  7.45310E-03,  7.92916E-03,  8.43833E-03,  8.98131E-03,  9.55824E-03,  1.01686E-02,  1.08112E-02,  1.14835E-02,  1.21822E-02,  1.29023E-02,  1.36376E-02,  1.43800E-02,  1.51199E-02,  1.58462E-02,NA,NA,NA,NA,NA,NA,NA,NA,NA,NA,NA,NA,NA,NA,NA,  1.67868E-02,  1.60972E-02,  1.53764E-02,  1.46378E-02,  1.38937E-02,  1.31544E-02,  1.24288E-02,  1.17239E-02,  1.10452E-02,  1.03966E-02,  9.78054E-03,  9.19865E-03,  8.65143E-03,  8.13870E-03,  7.65971E-03,  7.21330E-03,  6.79802E-03,  6.41224E-03,  6.05422E-03,  5.72218E-03,  5.41433E-03,NA,NA,NA,NA,NA,
NA,NA,NA,NA,  4.65187E-03,  4.92144E-03,  5.21337E-03,  5.52956E-03,  5.87201E-03,  6.24278E-03,  6.64396E-03,  7.07765E-03,  7.54585E-03,  8.05046E-03,  8.59309E-03,  9.17501E-03,  9.79695E-03,  1.04590E-02,  1.11602E-02,  1.18987E-02,  1.26712E-02,  1.34728E-02,  1.42968E-02,  1.51346E-02,  1.59753E-02,NA,NA,NA,NA,NA,NA,NA,NA,NA,NA,NA,NA,NA,NA,NA,NA,NA,  1.71399E-02,  1.63120E-02,  1.54684E-02,  1.46236E-02,  1.37896E-02,  1.29763E-02,  1.21916E-02,  1.14410E-02,  1.07285E-02,  1.00562E-02,  9.42533E-03,  8.83571E-03,  8.28657E-03,  7.77653E-03,  7.30380E-03,  6.86634E-03,  6.46197E-03,  6.08845E-03,  5.74355E-03,  5.42511E-03,NA,NA,NA,NA,NA,
NA,NA,NA,NA,  4.61971E-03,  4.89442E-03,  5.19299E-03,  5.51762E-03,  5.87062E-03,  6.25447E-03,  6.67170E-03,  7.12491E-03,  7.61669E-03,  8.14954E-03,  8.72577E-03,  9.34734E-03,  1.00157E-02,  1.07317E-02,  1.14952E-02,  1.23047E-02,  1.31574E-02,  1.40486E-02,  1.49715E-02,  1.59167E-02,NA,NA,NA,NA,NA,NA,NA,NA,NA,NA,NA,NA,NA,NA,NA,NA,NA,NA,NA,  1.73178E-02,  1.63520E-02,  1.53910E-02,  1.44489E-02,  1.35367E-02,  1.26630E-02,  1.18333E-02,  1.10514E-02,  1.03190E-02,  9.63625E-03,  9.00246E-03,  8.41594E-03,  7.87449E-03,  7.37555E-03,  6.91635E-03,  6.49407E-03,  6.10588E-03,  5.74907E-03,  5.42101E-03,  5.11926E-03,NA,NA,NA,NA,
NA,NA,NA,  4.31705E-03,  4.57262E-03,  4.85116E-03,  5.15498E-03,  5.48658E-03,  5.84866E-03,  6.24410E-03,  6.67592E-03,  7.14730E-03,  7.66147E-03,  8.22165E-03,  8.83094E-03,  9.49218E-03,  1.02078E-02,  1.09794E-02,  1.18079E-02,  1.26927E-02,  1.36317E-02,  1.46206E-02,  1.56528E-02,NA,NA,NA,NA,NA,NA,NA,NA,NA,NA,NA,NA,NA,NA,NA,NA,NA,NA,NA,NA,NA,  1.72890E-02,  1.61939E-02,  1.51285E-02,  1.41050E-02,  1.31324E-02,  1.22162E-02,  1.13594E-02,  1.05629E-02,  9.82594E-03,  9.14665E-03,  8.52228E-03,  7.94958E-03,  7.42502E-03,  6.94499E-03,  6.50591E-03,  6.10428E-03,  5.73682E-03,  5.40042E-03,  5.09223E-03,  4.80961E-03,NA,NA,NA,
NA,NA,  4.01763E-03,  4.25274E-03,  4.50954E-03,  4.79036E-03,  5.09777E-03,  5.43458E-03,  5.80387E-03,  6.20896E-03,  6.65342E-03,  7.14103E-03,  7.67574E-03,  8.26159E-03,  8.90261E-03,  9.60266E-03,  1.03652E-02,  1.11933E-02,  1.20887E-02,  1.30522E-02,  1.40827E-02,  1.51769E-02,NA,NA,NA,NA,NA,NA,NA,NA,NA,NA,NA,NA,NA,NA,NA,NA,NA,NA,NA,NA,NA,NA,  1.82788E-02,  1.70289E-02,  1.58229E-02,  1.46744E-02,  1.35923E-02,  1.25818E-02,  1.16448E-02,  1.07809E-02,  9.98796E-03,  9.26254E-03,  8.60052E-03,  7.99737E-03,  7.44842E-03,  6.94903E-03,  6.49474E-03,  6.08133E-03,  5.70486E-03,  5.36172E-03,  5.04862E-03,  4.76254E-03,NA,NA,NA,
NA,NA,  3.93905E-03,  4.17309E-03,  4.42951E-03,  4.71083E-03,  5.01988E-03,  5.35979E-03,  5.73403E-03,  6.14637E-03,  6.60095E-03,  7.10220E-03,  7.65484E-03,  8.26384E-03,  8.93426E-03,  9.67114E-03,  1.04793E-02,  1.13631E-02,  1.23259E-02,  1.33701E-02,  1.44961E-02,  1.57018E-02,NA,NA,NA,NA,NA,NA,NA,NA,NA,NA,NA,NA,NA,NA,NA,NA,NA,NA,NA,NA,NA,NA,NA,  1.78901E-02,  1.65241E-02,  1.52355E-02,  1.40330E-02,  1.29207E-02,  1.18988E-02,  1.09649E-02,  1.01150E-02,  9.34365E-03,  8.64507E-03,  8.01310E-03,  7.44171E-03,  6.92508E-03,  6.45775E-03,  6.03469E-03,  5.65128E-03,  5.30335E-03,  4.98714E-03,  4.69929E-03,  4.43680E-03,NA,NA,
NA,  3.63517E-03,  3.84610E-03,  4.07745E-03,  4.33167E-03,  4.61148E-03,  4.91996E-03,  5.26053E-03,  5.63703E-03,  6.05373E-03,  6.51530E-03,  7.02688E-03,  7.59402E-03,  8.22264E-03,  8.91898E-03,  9.68938E-03,  1.05402E-02,  1.14774E-02,  1.25063E-02,  1.36311E-02,  1.48543E-02,NA,NA,NA,NA,NA,NA,NA,NA,NA,NA,NA,NA,NA,NA,NA,NA,NA,NA,NA,NA,NA,NA,NA,NA,  1.87690E-02,  1.72212E-02,  1.57765E-02,  1.44425E-02,  1.32213E-02,  1.21105E-02,  1.11053E-02,  1.01986E-02,  9.38283E-03,  8.64986E-03,  7.99170E-03,  7.40069E-03,  6.86969E-03,  6.39214E-03,  5.96210E-03,  5.57425E-03,  5.22383E-03,  4.90662E-03,  4.61891E-03,  4.35740E-03,NA,NA,
NA,  3.53210E-03,  3.73843E-03,  3.96534E-03,  4.21538E-03,  4.49145E-03,  4.79686E-03,  5.13531E-03,  5.51099E-03,  5.92862E-03,  6.39344E-03,  6.91129E-03,  7.48855E-03,  8.13220E-03,  8.84966E-03,  9.64874E-03,  1.05375E-02,  1.15237E-02,  1.26149E-02,  1.38176E-02,  1.51367E-02,NA,NA,NA,NA,NA,NA,NA,NA,NA,NA,NA,NA,NA,NA,NA,NA,NA,NA,NA,NA,NA,NA,NA,NA,NA,  1.78994E-02,  1.62818E-02,  1.48056E-02,  1.34695E-02,  1.22676E-02,  1.11910E-02,  1.02295E-02,  9.37227E-03,  8.60847E-03,  7.92791E-03,  7.32111E-03,  6.77945E-03,  6.29517E-03,  5.86141E-03,  5.47207E-03,  5.12185E-03,  4.80606E-03,  4.52064E-03,  4.26202E-03,  4.02713E-03,NA,
  3.23384E-03,  3.41577E-03,  3.61586E-03,  3.83644E-03,  4.08017E-03,  4.35010E-03,  4.64969E-03,  4.98292E-03,  5.35430E-03,  5.76895E-03,  6.23266E-03,  6.75193E-03,  7.33401E-03,  7.98688E-03,  8.71927E-03,  9.54049E-03,  1.04603E-02,  1.14887E-02,  1.26355E-02,  1.39098E-02,NA,NA,NA,NA,NA,NA,NA,NA,NA,NA,NA,NA,NA,NA,NA,NA,NA,NA,NA,NA,NA,NA,NA,NA,NA,NA,NA,  1.67315E-02,  1.51036E-02,  1.36487E-02,  1.23554E-02,  1.12100E-02,  1.01977E-02,  9.30371E-03,  8.51423E-03,  7.81643E-03,  7.19880E-03,  6.65110E-03,  6.16434E-03,  5.73067E-03,  5.34329E-03,  4.99631E-03,  4.68463E-03,  4.40387E-03,  4.15025E-03,  3.92049E-03,NA,
  3.11192E-03,  3.28626E-03,  3.47840E-03,  3.69070E-03,  3.92587E-03,  4.18707E-03,  4.47791E-03,  4.80254E-03,  5.16576E-03,  5.57306E-03,  6.03070E-03,  6.54580E-03,  7.12642E-03,  7.78156E-03,  8.52120E-03,  9.35617E-03,  1.02981E-02,  1.13591E-02,  1.25515E-02,NA,NA,NA,NA,NA,NA,NA,NA,NA,NA,NA,NA,NA,NA,NA,NA,NA,NA,NA,NA,NA,NA,NA,NA,NA,NA,NA,NA,NA,  1.53138E-02,  1.37391E-02,  1.23576E-02,  1.11488E-02,  1.00922E-02,  9.16864E-03,  8.36051E-03,  7.65217E-03,  7.02987E-03,  6.48172E-03,  5.99746E-03,  5.56830E-03,  5.18675E-03,  4.84639E-03,  4.54179E-03,  4.26827E-03,  4.02187E-03,  3.79920E-03,NA,
  2.97862E-03,  3.14387E-03,  3.32631E-03,  3.52830E-03,  3.75259E-03,  4.00237E-03,  4.28134E-03,  4.59379E-03,  4.94471E-03,  5.33987E-03,  5.78594E-03,  6.29060E-03,  6.86261E-03,  7.51191E-03,  8.24966E-03,  9.08821E-03,  1.00410E-02,  1.11221E-02,NA,NA,NA,NA,NA,NA,NA,NA,NA,NA,NA,NA,NA,NA,NA,NA,NA,NA,NA,NA,NA,NA,NA,NA,NA,NA,NA,NA,NA,NA,NA,  1.37183E-02,  1.22559E-02,  1.09930E-02,  9.90206E-03,  8.95864E-03,  8.14101E-03,  7.43045E-03,  6.81093E-03,  6.26887E-03,  5.79283E-03,  5.37314E-03,  5.00170E-03,  4.67166E-03,  4.37730E-03,  4.11375E-03,  3.87692E-03,  3.66335E-03,  3.47008E-03,
  2.83440E-03,  2.98906E-03,  3.16006E-03,  3.34973E-03,  3.56078E-03,  3.79639E-03,  4.06028E-03,  4.35681E-03,  4.69106E-03,  5.06901E-03,  5.49761E-03,  5.98496E-03,  6.54042E-03,  7.17476E-03,  7.90019E-03,  8.73043E-03,  9.68055E-03,NA,NA,NA,NA,NA,NA,NA,NA,NA,NA,NA,NA,NA,NA,NA,NA,NA,NA,NA,NA,NA,NA,NA,NA,NA,NA,NA,NA,NA,NA,NA,NA,  1.35612E-02,  1.20311E-02,  1.07280E-02,  9.61648E-03,  8.66589E-03,  7.85015E-03,  7.14738E-03,  6.53932E-03,  6.01084E-03,  5.54940E-03,  5.14461E-03,  4.78789E-03,  4.47209E-03,  4.19130E-03,  3.94055E-03,  3.71571E-03,  3.51330E-03,  3.33038E-03,
  2.67994E-03,  2.82255E-03,  2.98041E-03,  3.15576E-03,  3.35124E-03,  3.56995E-03,  3.81555E-03,  4.09235E-03,  4.40547E-03,  4.76095E-03,  5.16588E-03,  5.62866E-03,  6.15907E-03,  6.76852E-03,  7.47012E-03,  8.27875E-03,  9.21098E-03,NA,NA,NA,NA,NA,NA,NA,NA,NA,NA,NA,NA,NA,NA,NA,NA,NA,NA,NA,NA,NA,NA,NA,NA,NA,NA,NA,NA,NA,NA,NA,NA,NA,  1.16634E-02,  1.03399E-02,  9.22567E-03,  8.28374E-03,  7.48357E-03,  6.80024E-03,  6.21348E-03,  5.70683E-03,  5.26690E-03,  4.88281E-03,  4.54566E-03,  4.24817E-03,  3.98435E-03,  3.74927E-03,  3.53884E-03,  3.34963E-03,  3.17881E-03,
  2.51606E-03,  2.64525E-03,  2.78836E-03,  2.94751E-03,  3.12517E-03,  3.32433E-03,  3.54848E-03,  3.80183E-03,  4.08938E-03,  4.41710E-03,  4.79209E-03,  5.22284E-03,  5.71936E-03,  6.29350E-03,  6.95903E-03,  7.73179E-03,NA,NA,NA,NA,NA,NA,NA,NA,NA,NA,NA,NA,NA,NA,NA,NA,NA,NA,NA,NA,NA,NA,NA,NA,NA,NA,NA,NA,NA,NA,NA,NA,NA,NA,  1.11341E-02,  9.81624E-03,  8.72182E-03,  7.80750E-03,  7.03869E-03,  6.38786E-03,  5.83317E-03,  5.35720E-03,  4.94607E-03,  4.58866E-03,  4.27602E-03,  4.00092E-03,  3.75748E-03,  3.54089E-03,  3.34722E-03,  3.17321E-03,  3.01615E-03,
  2.34379E-03,  2.45831E-03,  2.58520E-03,  2.72638E-03,  2.88415E-03,  3.06126E-03,  3.26101E-03,  3.48735E-03,  3.74507E-03,  4.03990E-03,  4.37880E-03,  4.77014E-03,  5.22395E-03,  5.75223E-03,  6.36920E-03,  7.09139E-03,NA,NA,NA,NA,NA,NA,NA,NA,NA,NA,NA,NA,NA,NA,NA,NA,NA,NA,NA,NA,NA,NA,NA,NA,NA,NA,NA,NA,NA,NA,NA,NA,NA,NA,NA,  9.14817E-03,  8.10026E-03,  7.23526E-03,  6.51532E-03,  5.91110E-03,  5.39980E-03,  4.96365E-03,  4.58870E-03,  4.26396E-03,  3.98071E-03,  3.73197E-03,  3.51217E-03,  3.31678E-03,  3.14211E-03,  2.98515E-03,  2.84341E-03,
  2.16432E-03,  2.26308E-03,  2.37243E-03,  2.49410E-03,  2.63011E-03,  2.78295E-03,  2.95561E-03,  3.15170E-03,  3.37565E-03,  3.63285E-03,  3.92988E-03,  4.27480E-03,  4.67741E-03,  5.14964E-03,  5.70581E-03,NA,NA,NA,NA,NA,NA,NA,NA,NA,NA,NA,NA,NA,NA,NA,NA,NA,NA,NA,NA,NA,NA,NA,NA,NA,NA,NA,NA,NA,NA,NA,NA,NA,NA,NA,NA,  8.33187E-03,  7.36072E-03,  6.56873E-03,  5.91621E-03,  5.37313E-03,  4.91668E-03,  4.52939E-03,  4.19780E-03,  3.91146E-03,  3.66219E-03,  3.44355E-03,  3.25042E-03,  3.07868E-03,  2.92505E-03,  2.78682E-03,  2.66180E-03,
  1.97900E-03,  2.06108E-03,  2.15182E-03,  2.25267E-03,  2.36536E-03,  2.49204E-03,  2.63529E-03,  2.79833E-03,  2.98509E-03,  3.20045E-03,  3.45047E-03,  3.74266E-03,  4.08636E-03,  4.49311E-03,  4.97711E-03,NA,NA,NA,NA,NA,NA,NA,NA,NA,NA,NA,NA,NA,NA,NA,NA,NA,NA,NA,NA,NA,NA,NA,NA,NA,NA,NA,NA,NA,NA,NA,NA,NA,NA,NA,NA,  7.37074E-03,  6.50863E-03,  5.81407E-03,  5.24754E-03,  4.77981E-03,  4.38914E-03,  4.05919E-03,  3.77758E-03,  3.53486E-03,  3.32371E-03,  3.13847E-03,  2.97465E-03,  2.82874E-03,  2.69789E-03,  2.57984E-03,  2.47274E-03,
  1.78930E-03,  1.85402E-03,  1.92531E-03,  2.00434E-03,  2.09249E-03,  2.19151E-03,  2.30355E-03,  2.43128E-03,  2.57809E-03,  2.74819E-03,  2.94694E-03,  3.18111E-03,  3.45932E-03,  3.79246E-03,  4.19433E-03,NA,NA,NA,NA,NA,NA,NA,NA,NA,NA,NA,NA,NA,NA,NA,NA,NA,NA,NA,NA,NA,NA,NA,NA,NA,NA,NA,NA,NA,NA,NA,NA,NA,NA,NA,NA,NA,  5.55603E-03,  4.98236E-03,  4.51915E-03,  4.13971E-03,  3.82457E-03,  3.55938E-03,  3.33345E-03,  3.13876E-03,  2.96919E-03,  2.82007E-03,  2.68775E-03,  2.56940E-03,  2.46276E-03,  2.36604E-03,  2.27779E-03,
  1.59680E-03,  1.64370E-03,  1.69500E-03,  1.75154E-03,  1.81433E-03,  1.88468E-03,  1.96425E-03,  2.05512E-03,  2.15999E-03,  2.28234E-03,  2.42667E-03,  2.59885E-03,  2.80652E-03,  3.05968E-03,  3.37140E-03,NA,NA,NA,NA,NA,NA,NA,NA,NA,NA,NA,NA,NA,NA,NA,NA,NA,NA,NA,NA,NA,NA,NA,NA,NA,NA,NA,NA,NA,NA,NA,NA,NA,NA,NA,NA,NA,  4.52208E-03,  4.08972E-03,  3.74451E-03,  3.46404E-03,  3.23228E-03,  3.03770E-03,  2.87186E-03,  2.72856E-03,  2.60316E-03,  2.49217E-03,  2.39293E-03,  2.30339E-03,  2.22197E-03,  2.14739E-03,  2.07867E-03,
  1.40313E-03,  1.43202E-03,  1.46309E-03,  1.49684E-03,  1.53389E-03,  1.57509E-03,  1.62154E-03,  1.67473E-03,  1.73660E-03,  1.80981E-03,  1.89789E-03,  2.00564E-03,  2.13956E-03,  2.30851E-03,  2.52454E-03,NA,NA,NA,NA,NA,NA,NA,NA,NA,NA,NA,NA,NA,NA,NA,NA,NA,NA,NA,NA,NA,NA,NA,NA,NA,NA,NA,NA,NA,NA,NA,NA,NA,NA,NA,NA,NA,  3.43267E-03,  3.15692E-03,  2.94032E-03,  2.76625E-03,  2.62318E-03,  2.50304E-03,  2.40009E-03,  2.31026E-03,  2.23058E-03,  2.15891E-03,  2.09367E-03,  2.03366E-03,  1.97800E-03,  1.92601E-03,  1.87717E-03,
  1.20995E-03,  1.22091E-03,  1.23183E-03,  1.24287E-03,  1.25425E-03,  1.26635E-03,  1.27973E-03,  1.29521E-03,  1.31400E-03,  1.33785E-03,  1.36928E-03,  1.41192E-03,  1.47099E-03,  1.55398E-03,  1.67166E-03,NA,NA,NA,NA,NA,NA,NA,NA,NA,NA,NA,NA,NA,NA,NA,NA,NA,NA,NA,NA,NA,NA,NA,NA,NA,NA,NA,NA,NA,NA,NA,NA,NA,NA,NA,NA,NA,  2.31915E-03,  2.20830E-03,  2.12563E-03,  2.06142E-03,  2.00930E-03,  1.96507E-03,  1.92599E-03,  1.89026E-03,  1.85673E-03,  1.82466E-03,  1.79359E-03,  1.76323E-03,  1.73343E-03,  1.70408E-03,  1.67516E-03,
  1.01892E-03,  1.01229E-03,  1.00346E-03,  9.92236E-04,  9.78477E-04,  9.62094E-04,  9.43102E-04,  9.21686E-04,  8.98295E-04,  8.73792E-04,  8.49660E-04,  8.28333E-04,  8.13666E-04,  8.11655E-04,  8.31501E-04,NA,NA,NA,NA,NA,NA,NA,NA,NA,NA,NA,NA,NA,NA,NA,NA,NA,NA,NA,NA,NA,NA,NA,NA,NA,NA,NA,NA,NA,NA,NA,NA,NA,NA,NA,NA,NA,  1.21606E-03,  1.27016E-03,  1.32074E-03,  1.36540E-03,  1.40313E-03,  1.43376E-03,  1.45757E-03,  1.47508E-03,  1.48694E-03,  1.49382E-03,  1.49636E-03,  1.49518E-03,  1.49082E-03,  1.48378E-03,  1.47449E-03,
  8.31637E-04,  8.08017E-04,  7.80127E-04,  7.47475E-04,  7.09547E-04,  6.65824E-04,  6.15809E-04,  5.59086E-04,  4.95387E-04,  4.24730E-04,  3.47600E-04,  2.65261E-04,  1.80207E-04,  9.68801E-05,  2.27579E-05,NA,NA,NA,NA,NA,NA,NA,NA,NA,NA,NA,NA,NA,NA,NA,NA,NA,NA,NA,NA,NA,NA,NA,NA,NA,NA,NA,NA,NA,NA,NA,NA,NA,NA,NA,NA,NA,  1.58231E-04,  3.68759E-04,  5.45744E-04,  6.93771E-04,  8.16938E-04,  9.18851E-04,  1.00265E-03,  1.07106E-03,  1.12640E-03,  1.17066E-03,  1.20553E-03,  1.23247E-03,  1.25269E-03,  1.26723E-03,  1.27697E-03,
  6.49608E-04,  6.09829E-04,  5.63866E-04,  5.10948E-04,  4.50228E-04,  3.80798E-04,  3.01706E-04,  2.11990E-04,  1.10745E-04, -2.77698E-06, -1.28992E-04, -2.67712E-04, -4.17714E-04, -5.76060E-04, -7.37037E-04,NA,NA,NA,NA,NA,NA,NA,NA,NA,NA,NA,NA,NA,NA,NA,NA,NA,NA,NA,NA,NA,NA,NA,NA,NA,NA,NA,NA,NA,NA,NA,NA,NA,NA,NA,NA,NA, -8.22389E-04, -4.71826E-04, -1.80913E-04,  6.08744E-05,  2.62000E-04,  4.29336E-04,  5.68496E-04,  6.84094E-04,  7.79937E-04,  8.59179E-04,  9.24438E-04,  9.77898E-04,  1.02138E-03,  1.05642E-03,  1.08431E-03,
  4.74218E-04,  4.19324E-04,  3.56521E-04,  2.84794E-04,  2.03012E-04,  1.09937E-04,  4.22435E-06, -1.15544E-04, -2.50816E-04, -4.02980E-04, -5.73216E-04, -7.62253E-04, -9.69969E-04, -1.19477E-03, -1.43259E-03,NA,NA,NA,NA,NA,NA,NA,NA,NA,NA,NA,NA,NA,NA,NA,NA,NA,NA,NA,NA,NA,NA,NA,NA,NA,NA,NA,NA,NA,NA,NA,NA,NA,NA,NA,NA,NA, -1.69957E-03, -1.23158E-03, -8.43726E-04, -5.21113E-04, -2.51994E-04, -2.69990E-05,  1.61416E-04,  3.19367E-04,  4.51848E-04,  5.62956E-04,  6.56073E-04,  7.33998E-04,  7.99062E-04,  8.53210E-04,  8.98073E-04,
  3.06696E-04,  2.37909E-04,  1.59707E-04,  7.08741E-05, -2.99483E-05, -1.44266E-04, -2.73730E-04, -4.20119E-04, -5.85302E-04, -7.71163E-04, -9.79472E-04, -1.21167E-03, -1.46849E-03, -1.74944E-03, -2.05185E-03,NA,NA,NA,NA,NA,NA,NA,NA,NA,NA,NA,NA,NA,NA,NA,NA,NA,NA,NA,NA,NA,NA,NA,NA,NA,NA,NA,NA,NA,NA,NA,NA,NA,NA,NA,NA, -3.13011E-03, -2.45485E-03, -1.89596E-03, -1.43111E-03, -1.04286E-03, -7.17465E-04, -4.43937E-04, -2.13449E-04, -1.88442E-05,  1.45713E-04,  2.85013E-04,  4.03004E-04,  5.02957E-04,  5.87598E-04,  6.59200E-04,  7.19672E-04,
  1.48096E-04,  6.67776E-05, -2.52229E-05, -1.29272E-04, -2.46898E-04, -3.79802E-04, -5.29855E-04, -6.99089E-04, -8.89662E-04, -1.10380E-03, -1.34366E-03, -1.61116E-03, -1.90764E-03, -2.23335E-03, -2.58665E-03,NA,NA,NA,NA,NA,NA,NA,NA,NA,NA,NA,NA,NA,NA,NA,NA,NA,NA,NA,NA,NA,NA,NA,NA,NA,NA,NA,NA,NA,NA,NA,NA,NA,NA,NA,NA, -3.82450E-03, -3.07846E-03, -2.45657E-03, -1.93589E-03, -1.49828E-03, -1.12922E-03, -8.17054E-04, -5.52317E-04, -3.27301E-04, -1.35683E-04,  2.77479E-05,  1.67305E-04,  2.86576E-04,  3.88558E-04,  4.75761E-04,  5.50300E-04,
 -7.20979E-07, -9.31115E-05, -1.97198E-04, -3.14448E-04, -4.46503E-04, -5.95183E-04, -7.62493E-04, -9.50607E-04, -1.16184E-03, -1.39860E-03, -1.66325E-03, -1.95794E-03, -2.28431E-03, -2.64305E-03, -3.03313E-03,NA,NA,NA,NA,NA,NA,NA,NA,NA,NA,NA,NA,NA,NA,NA,NA,NA,NA,NA,NA,NA,NA,NA,NA,NA,NA,NA,NA,NA,NA,NA,NA,NA,NA,NA,NA, -4.35075E-03, -3.56912E-03, -2.91112E-03, -2.35538E-03, -1.88455E-03, -1.48454E-03, -1.14379E-03, -8.52835E-04, -6.03865E-04, -3.90414E-04, -2.07112E-04, -4.94807E-05,  8.62298E-05,  2.03168E-04,  3.03988E-04,  3.90932E-04,
 -1.39097E-04, -2.41040E-04, -3.55440E-04, -4.83816E-04, -6.27863E-04, -7.89453E-04, -9.70637E-04, -1.17363E-03, -1.40080E-03, -1.65455E-03, -1.93729E-03, -2.25118E-03, -2.59793E-03, -2.97829E-03, -3.39149E-03,NA,NA,NA,NA,NA,NA,NA,NA,NA,NA,NA,NA,NA,NA,NA,NA,NA,NA,NA,NA,NA,NA,NA,NA,NA,NA,NA,NA,NA,NA,NA,NA,NA,NA,NA,NA, -4.71948E-03, -3.93282E-03, -3.26273E-03, -2.69089E-03, -2.20194E-03, -1.78301E-03, -1.42337E-03, -1.11403E-03, -8.47478E-04, -6.17405E-04, -4.18515E-04, -2.46348E-04, -9.71369E-05,  3.23070E-05,  1.44689E-04,  2.42312E-04,
 -2.66573E-04, -3.76533E-04, -4.99461E-04, -6.36885E-04, -7.90500E-04, -9.62166E-04, -1.15391E-03, -1.36789E-03, -1.60641E-03, -1.87177E-03, -2.16625E-03, -2.49186E-03, -2.85013E-03, -3.24166E-03, -3.66558E-03,NA,NA,NA,NA,NA,NA,NA,NA,NA,NA,NA,NA,NA,NA,NA,NA,NA,NA,NA,NA,NA,NA,NA,NA,NA,NA,NA,NA,NA,NA,NA,NA,NA,NA,NA,NA, -4.94832E-03, -4.18102E-03, -3.51878E-03, -2.94711E-03, -2.45328E-03, -2.02628E-03, -1.65663E-03, -1.33620E-03, -1.05809E-03, -8.16382E-04, -6.06053E-04, -4.22813E-04, -2.63002E-04, -1.23492E-04, -1.60666E-06,  1.04950E-04,
 -3.82889E-04, -4.99347E-04, -6.29050E-04, -7.73496E-04, -9.34333E-04, -1.11335E-03, -1.31249E-03, -1.53380E-03, -1.77939E-03, -2.05140E-03, -2.35184E-03, -2.68244E-03, -3.04440E-03, -3.43799E-03, -3.86204E-03, -4.31318E-03,NA,NA,NA,NA,NA,NA,NA,NA,NA,NA,NA,NA,NA,NA,NA,NA,NA,NA,NA,NA,NA,NA,NA,NA,NA,NA,NA,NA,NA,NA,NA,NA,NA,NA,NA, -5.05881E-03, -4.32865E-03, -3.68958E-03, -3.13111E-03, -2.64343E-03, -2.21761E-03, -1.84571E-03, -1.52072E-03, -1.23652E-03, -9.87785E-04, -7.69900E-04, -5.78867E-04, -4.11235E-04, -2.64020E-04, -1.34640E-04, -2.08659E-05,
 -4.87966E-04, -6.09455E-04, -7.44251E-04, -8.93790E-04, -1.05963E-03, -1.24347E-03, -1.44708E-03, -1.67235E-03, -1.92117E-03, -2.19540E-03, -2.49673E-03, -2.82653E-03, -3.18557E-03, -3.57371E-03, -3.98936E-03, -4.42888E-03,NA,NA,NA,NA,NA,NA,NA,NA,NA,NA,NA,NA,NA,NA,NA,NA,NA,NA,NA,NA,NA,NA,NA,NA,NA,NA,NA,NA,NA,NA,NA,NA,NA,NA,NA, -5.07364E-03, -4.39216E-03, -3.78705E-03, -3.25150E-03, -2.77855E-03, -2.36141E-03, -1.99375E-03, -1.66979E-03, -1.38430E-03, -1.13265E-03, -9.10730E-04, -7.14923E-04, -5.42059E-04, -3.89361E-04, -2.54400E-04, -1.35055E-04,
 -5.81896E-04, -7.07025E-04, -8.45335E-04, -9.98172E-04, -1.16698E-03, -1.35331E-03, -1.55878E-03, -1.78503E-03, -2.03370E-03, -2.30636E-03, -2.60432E-03, -2.92855E-03, -3.27937E-03, -3.65620E-03, -4.05704E-03, -4.47796E-03,NA,NA,NA,NA,NA,NA,NA,NA,NA,NA,NA,NA,NA,NA,NA,NA,NA,NA,NA,NA,NA,NA,NA,NA,NA,NA,NA,NA,NA,NA,NA,NA,NA,NA, -5.70537E-03, -5.01463E-03, -4.38802E-03, -3.82353E-03, -3.31754E-03, -2.86557E-03, -2.46285E-03, -2.10459E-03, -1.78624E-03, -1.50351E-03, -1.25248E-03, -1.02962E-03, -8.31741E-04, -6.55993E-04, -4.99855E-04, -3.61092E-04, -2.37725E-04,
 -6.64915E-04, -7.92394E-04, -9.32765E-04, -1.08726E-03, -1.25721E-03, -1.44398E-03, -1.64898E-03, -1.87365E-03, -2.11934E-03, -2.38727E-03, -2.67841E-03, -2.99332E-03, -3.33190E-03, -3.69315E-03, -4.07472E-03, -4.47250E-03,NA,NA,NA,NA,NA,NA,NA,NA,NA,NA,NA,NA,NA,NA,NA,NA,NA,NA,NA,NA,NA,NA,NA,NA,NA,NA,NA,NA,NA,NA,NA,NA,NA,NA, -5.51942E-03, -4.90128E-03, -4.33153E-03, -3.81097E-03, -3.33846E-03, -2.91161E-03, -2.52739E-03, -2.18243E-03, -1.87327E-03, -1.59657E-03, -1.34913E-03, -1.12797E-03, -9.30356E-04, -7.53801E-04, -5.96058E-04, -4.55108E-04,NA,
NA, -8.66039E-04, -1.00716E-03, -1.16187E-03, -1.33133E-03, -1.51675E-03, -1.71934E-03, -1.94028E-03, -2.18064E-03, -2.44135E-03, -2.72302E-03, -3.02582E-03, -3.34931E-03, -3.69212E-03, -4.05168E-03, -4.42378E-03, -4.80213E-03,NA,NA,NA,NA,NA,NA,NA,NA,NA,NA,NA,NA,NA,NA,NA,NA,NA,NA,NA,NA,NA,NA,NA,NA,NA,NA,NA,NA,NA,NA,NA,NA,NA, -5.29940E-03, -4.75014E-03, -4.23619E-03, -3.76025E-03, -3.32297E-03, -2.92360E-03, -2.56052E-03, -2.23156E-03, -1.93428E-03, -1.66615E-03, -1.42465E-03, -1.20737E-03, -1.01200E-03, -8.36429E-04, -6.78689E-04, -5.36993E-04,NA,
NA, -9.28550E-04, -1.06926E-03, -1.22291E-03, -1.39050E-03, -1.57307E-03, -1.77162E-03, -1.98709E-03, -2.22031E-03, -2.47189E-03, -2.74214E-03, -3.03092E-03, -3.33747E-03, -3.66018E-03, -3.99635E-03, -4.34181E-03, -4.69064E-03,NA,NA,NA,NA,NA,NA,NA,NA,NA,NA,NA,NA,NA,NA,NA,NA,NA,NA,NA,NA,NA,NA,NA,NA,NA,NA,NA,NA,NA,NA,NA,NA, -5.56513E-03, -5.06065E-03, -4.57457E-03, -4.11337E-03, -3.68087E-03, -3.27892E-03, -2.90796E-03, -2.56745E-03, -2.25620E-03, -1.97264E-03, -1.71494E-03, -1.48121E-03, -1.26954E-03, -1.07805E-03, -9.04956E-04, -7.48595E-04,NA,NA,
NA,NA, -1.11990E-03, -1.27140E-03, -1.43596E-03, -1.61444E-03, -1.80765E-03, -2.01632E-03, -2.24102E-03, -2.48211E-03, -2.73963E-03, -3.01319E-03, -3.30181E-03, -3.60371E-03, -3.91615E-03, -4.23516E-03, -4.55525E-03, -4.86920E-03,NA,NA,NA,NA,NA,NA,NA,NA,NA,NA,NA,NA,NA,NA,NA,NA,NA,NA,NA,NA,NA,NA,NA,NA,NA,NA,NA,NA,NA,NA,NA, -5.25418E-03, -4.81443E-03, -4.38495E-03, -3.97232E-03, -3.58086E-03, -3.21316E-03, -2.87044E-03, -2.55297E-03, -2.26033E-03, -1.99162E-03, -1.74563E-03, -1.52099E-03, -1.31625E-03, -1.12992E-03, -9.60536E-04, -8.06704E-04,NA,NA,
NA,NA, -1.15995E-03, -1.30840E-03, -1.46899E-03, -1.64240E-03, -1.82927E-03, -2.03013E-03, -2.24535E-03, -2.47505E-03, -2.71907E-03, -2.97682E-03, -3.24716E-03, -3.52826E-03, -3.81742E-03, -4.11091E-03, -4.40378E-03, -4.68972E-03,NA,NA,NA,NA,NA,NA,NA,NA,NA,NA,NA,NA,NA,NA,NA,NA,NA,NA,NA,NA,NA,NA,NA,NA,NA,NA,NA,NA,NA,NA, -5.33325E-03, -4.95286E-03, -4.56865E-03, -4.18903E-03, -3.82026E-03, -3.46675E-03, -3.13144E-03, -2.81604E-03, -2.52138E-03, -2.24758E-03, -1.99427E-03, -1.76076E-03, -1.54612E-03, -1.34927E-03, -1.16907E-03, -1.00436E-03,NA,NA,NA,
NA,NA,NA, -1.33500E-03, -1.49086E-03, -1.65846E-03, -1.83826E-03, -2.03062E-03, -2.23573E-03, -2.45354E-03, -2.68372E-03, -2.92553E-03, -3.17776E-03, -3.43856E-03, -3.70538E-03, -3.97478E-03, -4.24236E-03, -4.50266E-03,NA,NA,NA,NA,NA,NA,NA,NA,NA,NA,NA,NA,NA,NA,NA,NA,NA,NA,NA,NA,NA,NA,NA,NA,NA,NA,NA,NA,NA,NA, -4.99599E-03, -4.66553E-03, -4.32856E-03, -3.99238E-03, -3.66269E-03, -3.34373E-03, -3.03851E-03, -2.74901E-03, -2.47639E-03, -2.22117E-03, -1.98339E-03, -1.76272E-03, -1.55859E-03, -1.37027E-03, -1.19692E-03, -1.03762E-03,NA,NA,NA,
NA,NA,NA, -1.35227E-03, -1.50284E-03, -1.66407E-03, -1.83630E-03, -2.01973E-03, -2.21440E-03, -2.42013E-03, -2.63646E-03, -2.86257E-03, -3.09720E-03, -3.33858E-03, -3.58430E-03, -3.83127E-03, -4.07563E-03, -4.31272E-03,NA,NA,NA,NA,NA,NA,NA,NA,NA,NA,NA,NA,NA,NA,NA,NA,NA,NA,NA,NA,NA,NA,NA,NA,NA,NA,NA,NA,NA,NA,NA, -4.39441E-03, -4.09743E-03, -3.79884E-03, -3.50365E-03, -3.21580E-03, -2.93818E-03, -2.67286E-03, -2.42119E-03, -2.18395E-03, -1.96144E-03, -1.75365E-03, -1.56028E-03, -1.38088E-03, -1.21483E-03,NA,NA,NA,NA,
NA,NA,NA,NA, -1.50611E-03, -1.66062E-03, -1.82497E-03, -1.99926E-03, -2.18339E-03, -2.37710E-03, -2.57982E-03, -2.79071E-03, -3.00851E-03, -3.23154E-03, -3.45758E-03, -3.68389E-03, -3.90710E-03, -4.12327E-03,NA,NA,NA,NA,NA,NA,NA,NA,NA,NA,NA,NA,NA,NA,NA,NA,NA,NA,NA,NA,NA,NA,NA,NA,NA,NA,NA,NA,NA,NA,NA, -4.14025E-03, -3.87711E-03, -3.61093E-03, -3.34605E-03, -3.08598E-03, -2.83344E-03, -2.59045E-03, -2.35844E-03, -2.13832E-03, -1.93061E-03, -1.73549E-03, -1.55289E-03, -1.38255E-03, -1.22409E-03,NA,NA,NA,NA,
NA,NA,NA,NA, -1.50181E-03, -1.64938E-03, -1.80572E-03, -1.97081E-03, -2.14450E-03, -2.32642E-03, -2.51598E-03, -2.71230E-03, -2.91418E-03, -3.12003E-03, -3.32787E-03, -3.53526E-03, -3.73931E-03, -3.93669E-03,NA,NA,NA,NA,NA,NA,NA,NA,NA,NA,NA,NA,NA,NA,NA,NA,NA,NA,NA,NA,NA,NA,NA,NA,NA,NA,NA,NA,NA,NA,NA, -3.90288E-03, -3.66844E-03, -3.43019E-03, -3.19185E-03, -2.95649E-03, -2.72658E-03, -2.50405E-03, -2.29030E-03, -2.08633E-03, -1.89276E-03, -1.70993E-03, -1.53792E-03, -1.37665E-03,NA,NA,NA,NA,NA,
NA,NA,NA,NA,NA, -1.63151E-03, -1.77983E-03, -1.93584E-03, -2.09931E-03, -2.26983E-03, -2.44677E-03, -2.62928E-03, -2.81622E-03, -3.00613E-03, -3.19723E-03, -3.38737E-03, -3.57409E-03, -3.75459E-03,NA,NA,NA,NA,NA,NA,NA,NA,NA,NA,NA,NA,NA,NA,NA,NA,NA,NA,NA,NA,NA,NA,NA,NA,NA,NA,NA,NA,NA,NA, -3.88398E-03, -3.68162E-03, -3.47161E-03, -3.25748E-03, -3.04236E-03, -2.82892E-03, -2.61936E-03, -2.41546E-03, -2.21857E-03, -2.02969E-03, -1.84951E-03, -1.67845E-03, -1.51673E-03,NA,NA,NA,NA,NA,NA,
NA,NA,NA,NA,NA,NA, -1.74849E-03, -1.89562E-03, -2.04919E-03, -2.20877E-03, -2.37374E-03, -2.54326E-03, -2.71628E-03, -2.89145E-03, -3.06720E-03, -3.24166E-03, -3.41272E-03, -3.57804E-03,NA,NA,NA,NA,NA,NA,NA,NA,NA,NA,NA,NA,NA,NA,NA,NA,NA,NA,NA,NA,NA,NA,NA,NA,NA,NA,NA,NA,NA,NA, -3.65752E-03, -3.47547E-03, -3.28638E-03, -3.09314E-03, -2.89837E-03, -2.70437E-03, -2.51306E-03, -2.32607E-03, -2.14465E-03, -1.96978E-03, -1.80218E-03, -1.64232E-03, -1.49048E-03,NA,NA,NA,NA,NA,NA,
NA,NA,NA,NA,NA,NA,NA, -1.85125E-03, -1.99532E-03, -2.14450E-03, -2.29817E-03, -2.45554E-03, -2.61563E-03, -2.77724E-03, -2.93896E-03, -3.09918E-03, -3.25608E-03, -3.40772E-03, -3.55204E-03,NA,NA,NA,NA,NA,NA,NA,NA,NA,NA,NA,NA,NA,NA,NA,NA,NA,NA,NA,NA,NA,NA,NA,NA,NA,NA,NA,NA,NA, -3.44802E-03, -3.28334E-03, -3.11229E-03, -2.93722E-03, -2.76032E-03, -2.58355E-03, -2.40861E-03, -2.23692E-03, -2.06966E-03, -1.90775E-03, -1.75190E-03, -1.60260E-03,NA,NA,NA,NA,NA,NA,NA,
NA,NA,NA,NA,NA,NA,NA,NA, -1.93871E-03, -2.07804E-03, -2.22111E-03, -2.36716E-03, -2.51530E-03, -2.66444E-03, -2.81336E-03, -2.96063E-03, -3.10473E-03, -3.24401E-03, -3.37677E-03,NA,NA,NA,NA,NA,NA,NA,NA,NA,NA,NA,NA,NA,NA,NA,NA,NA,NA,NA,NA,NA,NA,NA,NA,NA,NA,NA,NA,NA, -3.25377E-03, -3.10411E-03, -2.94872E-03, -2.78953E-03, -2.62838E-03, -2.46693E-03, -2.30665E-03, -2.14881E-03, -1.99448E-03, -1.84451E-03, -1.69959E-03,NA,NA,NA,NA,NA,NA,NA,NA,
NA,NA,NA,NA,NA,NA,NA,NA,NA, -2.01027E-03, -2.14342E-03, -2.27896E-03, -2.41606E-03, -2.55377E-03, -2.69100E-03, -2.82652E-03, -2.95902E-03, -3.08711E-03, -3.20937E-03,NA,NA,NA,NA,NA,NA,NA,NA,NA,NA,NA,NA,NA,NA,NA,NA,NA,NA,NA,NA,NA,NA,NA,NA,NA,NA,NA,NA, -3.20309E-03, -3.07327E-03, -2.93670E-03, -2.79500E-03, -2.64978E-03, -2.50255E-03, -2.35474E-03, -2.20763E-03, -2.06232E-03, -1.91978E-03, -1.78079E-03,NA,NA,NA,NA,NA,NA,NA,NA,NA,
NA,NA,NA,NA,NA,NA,NA,NA,NA,NA, -2.06578E-03, -2.19158E-03, -2.31852E-03, -2.44575E-03, -2.57231E-03, -2.69714E-03, -2.81910E-03, -2.93704E-03, -3.04975E-03, -3.15608E-03,NA,NA,NA,NA,NA,NA,NA,NA,NA,NA,NA,NA,NA,NA,NA,NA,NA,NA,NA,NA,NA,NA,NA,NA,NA,NA,NA, -3.02430E-03, -2.90515E-03, -2.78010E-03, -2.65047E-03, -2.51758E-03, -2.38273E-03, -2.24711E-03, -2.11182E-03, -1.97786E-03, -1.84606E-03,NA,NA,NA,NA,NA,NA,NA,NA,NA,NA,
NA,NA,NA,NA,NA,NA,NA,NA,NA,NA,NA, -2.10553E-03, -2.22312E-03, -2.34075E-03, -2.45756E-03, -2.57266E-03, -2.68505E-03, -2.79374E-03, -2.89774E-03, -2.99606E-03,NA,NA,NA,NA,NA,NA,NA,NA,NA,NA,NA,NA,NA,NA,NA,NA,NA,NA,NA,NA,NA,NA,NA,NA,NA,NA, -2.96132E-03, -2.85789E-03, -2.74823E-03, -2.63340E-03, -2.51447E-03, -2.39255E-03, -2.26873E-03, -2.14403E-03, -2.01940E-03, -1.89571E-03,NA,NA,NA,NA,NA,NA,NA,NA,NA,NA,NA,
NA,NA,NA,NA,NA,NA,NA,NA,NA,NA,NA,NA, -2.13019E-03, -2.23901E-03, -2.34693E-03, -2.45315E-03, -2.55682E-03, -2.65710E-03, -2.75312E-03, -2.84406E-03, -2.92918E-03,NA,NA,NA,NA,NA,NA,NA,NA,NA,NA,NA,NA,NA,NA,NA,NA,NA,NA,NA,NA,NA,NA,NA,NA, -2.88780E-03, -2.79832E-03, -2.70262E-03, -2.60148E-03, -2.49577E-03, -2.38638E-03, -2.27426E-03, -2.16032E-03, -2.04543E-03,NA,NA,NA,NA,NA,NA,NA,NA,NA,NA,NA,NA,NA,
NA,NA,NA,NA,NA,NA,NA,NA,NA,NA,NA,NA,NA,NA, -2.24049E-03, -2.33861E-03, -2.43433E-03, -2.52692E-03, -2.61564E-03, -2.69979E-03, -2.77873E-03, -2.85188E-03,NA,NA,NA,NA,NA,NA,NA,NA,NA,NA,NA,NA,NA,NA,NA,NA,NA,NA,NA,NA,NA,NA,NA, -2.72933E-03, -2.64611E-03, -2.55744E-03, -2.46398E-03, -2.36646E-03, -2.26564E-03, -2.16231E-03, -2.05725E-03,NA,NA,NA,NA,NA,NA,NA,NA,NA,NA,NA,NA,NA,NA,
NA,NA,NA,NA,NA,NA,NA,NA,NA,NA,NA,NA,NA,NA,NA, -2.22898E-03, -2.31744E-03, -2.40300E-03, -2.48502E-03, -2.56292E-03, -2.63611E-03, -2.70412E-03, -2.76652E-03,NA,NA,NA,NA,NA,NA,NA,NA,NA,NA,NA,NA,NA,NA,NA,NA,NA,NA,NA,NA,NA, -2.65325E-03, -2.58111E-03, -2.50367E-03, -2.42143E-03, -2.33494E-03, -2.24482E-03, -2.15172E-03,NA,NA,NA,NA,NA,NA,NA,NA,NA,NA,NA,NA,NA,NA,NA,NA,
NA,NA,NA,NA,NA,NA,NA,NA,NA,NA,NA,NA,NA,NA,NA,NA,NA, -2.28510E-03, -2.36099E-03, -2.43311E-03, -2.50098E-03, -2.56416E-03, -2.62229E-03, -2.67505E-03,NA,NA,NA,NA,NA,NA,NA,NA,NA,NA,NA,NA,NA,NA,NA,NA,NA,NA, -2.62892E-03, -2.57192E-03, -2.50960E-03, -2.44222E-03, -2.37015E-03, -2.29381E-03, -2.21366E-03,NA,NA,NA,NA,NA,NA,NA,NA,NA,NA,NA,NA,NA,NA,NA,NA,NA,NA,
NA,NA,NA,NA,NA,NA,NA,NA,NA,NA,NA,NA,NA,NA,NA,NA,NA,NA,NA, -2.31003E-03, -2.37297E-03, -2.43164E-03, -2.48573E-03, -2.53495E-03, -2.57909E-03, -2.61801E-03,NA,NA,NA,NA,NA,NA,NA,NA,NA,NA,NA,NA,NA,NA,NA, -2.53537E-03, -2.48675E-03, -2.43316E-03, -2.37479E-03, -2.31190E-03, -2.24480E-03,NA,NA,NA,NA,NA,NA,NA,NA,NA,NA,NA,NA,NA,NA,NA,NA,NA,NA,NA,NA,
NA,NA,NA,NA,NA,NA,NA,NA,NA,NA,NA,NA,NA,NA,NA,NA,NA,NA,NA,NA,NA,NA, -2.35649E-03, -2.40234E-03, -2.44355E-03, -2.47996E-03, -2.51148E-03, -2.53805E-03,NA,NA,NA,NA,NA,NA,NA,NA,NA,NA,NA, -2.47638E-03, -2.43997E-03, -2.39883E-03, -2.35304E-03, -2.30275E-03, -2.24814E-03,NA,NA,NA,NA,NA,NA,NA,NA,NA,NA,NA,NA,NA,NA,NA,NA,NA,NA,NA,NA,NA,NA,
NA,NA,NA,NA,NA,NA,NA,NA,NA,NA,NA,NA,NA,NA,NA,NA,NA,NA,NA,NA,NA,NA,NA,NA,NA, -2.34928E-03, -2.37876E-03, -2.40365E-03, -2.42390E-03, -2.43951E-03, -2.45048E-03, -2.45682E-03,NA,NA, -2.44834E-03, -2.43640E-03, -2.41993E-03, -2.39893E-03, -2.37343E-03, -2.34344E-03, -2.30903E-03,NA,NA,NA,NA,NA,NA,NA,NA,NA,NA,NA,NA,NA,NA,NA,NA,NA,NA,NA,NA,NA,NA,NA,NA,NA,NA,
NA,NA,NA,NA,NA,NA,NA,NA,NA,NA,NA,NA,NA,NA,NA,NA,NA,NA,NA,NA,NA,NA,NA,NA,NA,NA,NA,NA,NA,NA,NA,NA,NA,NA,NA,NA,NA,NA,NA,NA,NA,NA,NA,NA,NA,NA,NA,NA,NA,NA,NA,NA,NA,NA,NA,NA,NA,NA,NA,NA,NA,NA,NA,NA,NA,NA,NA,
NA,NA,NA,NA,NA,NA,NA,NA,NA,NA,NA,NA,NA,NA,NA,NA,NA,NA,NA,NA,NA,NA,NA,NA,NA,NA,NA,NA,NA,NA,NA,NA,NA,NA,NA,NA,NA,NA,NA,NA,NA,NA,NA,NA,NA,NA,NA,NA,NA,NA,NA,NA,NA,NA,NA,NA,NA,NA,NA,NA,NA,NA,NA,NA,NA,NA,NA,
NA,NA,NA,NA,NA,NA,NA,NA,NA,NA,NA,NA,NA,NA,NA,NA,NA,NA,NA,NA,NA,NA,NA,NA,NA,NA,NA,NA,NA,NA,NA,NA,NA,NA,NA,NA,NA,NA,NA,NA,NA,NA,NA,NA,NA,NA,NA,NA,NA,NA,NA,NA,NA,NA,NA,NA,NA,NA,NA,NA,NA,NA,NA,NA,NA,NA,NA,
NA,NA,NA,NA,NA,NA,NA,NA,NA,NA,NA,NA,NA,NA,NA,NA,NA,NA,NA,NA,NA,NA,NA,NA,NA,NA,NA,NA,NA,NA,NA,NA,NA,NA,NA,NA,NA,NA,NA,NA,NA,NA,NA,NA,NA,NA,NA,NA,NA,NA,NA,NA,NA,NA,NA,NA,NA,NA,NA,NA,NA,NA,NA,NA,NA,NA,NA,
NA,NA,NA,NA,NA,NA,NA,NA,NA,NA,NA,NA,NA,NA,NA,NA,NA,NA,NA,NA,NA,NA,NA,NA,NA,NA,NA,NA,NA,NA,NA,NA,NA,NA,NA,NA,NA,NA,NA,NA,NA,NA,NA,NA,NA,NA,NA,NA,NA,NA,NA,NA,NA,NA,NA,NA,NA,NA,NA,NA,NA,NA,NA,NA,NA,NA,NA,
NA,NA,NA,NA,NA,NA,NA,NA,NA,NA,NA,NA,NA,NA,NA,NA,NA,NA,NA,NA,NA,NA,NA,NA,NA,NA,NA,NA,NA,NA,NA,NA,NA,NA,NA,NA,NA,NA,NA,NA,NA,NA,NA,NA,NA,NA,NA,NA,NA,NA,NA,NA,NA,NA,NA,NA,NA,NA,NA,NA,NA,NA,NA,NA,NA,NA,NA,
NA,NA,NA,NA,NA,NA,NA,NA,NA,NA,NA,NA,NA,NA,NA,NA,NA,NA,NA,NA,NA,NA,NA,NA,NA,NA,NA,NA,NA,NA,NA,NA,NA,NA,NA,NA,NA,NA,NA,NA,NA,NA,NA,NA,NA,NA,NA,NA,NA,NA,NA,NA,NA,NA,NA,NA,NA,NA,NA,NA,NA,NA,NA,NA,NA,NA,NA,
NA,NA,NA,NA,NA,NA,NA,NA,NA,NA,NA,NA,NA,NA,NA,NA,NA,NA,NA,NA,NA,NA,NA,NA,NA,NA,NA,NA,NA,NA,NA,NA,NA,NA,NA,NA,NA,NA,NA,NA,NA,NA,NA,NA,NA,NA,NA,NA,NA,NA,NA,NA,NA,NA,NA,NA,NA,NA,NA,NA,NA,NA,NA,NA,NA,NA,NA,
