NA,NA,NA,NA,NA,NA,NA,NA,NA,NA,NA,NA,NA,NA,NA,NA,NA,NA,NA,NA,NA,NA,NA,NA,NA,NA,NA,NA,NA,NA,NA,NA,NA,NA,NA,NA,NA,NA,NA,NA,NA,NA,NA,NA,NA,NA,NA,NA,NA,NA,NA,NA,NA,NA,NA,NA,NA,NA,NA,NA,NA,NA,NA,NA,NA,NA,NA,NA,NA,NA,NA,NA,NA,NA,NA,NA,
NA,NA,NA,NA,NA,NA,NA,NA,NA,NA,NA,NA,NA,NA,NA,NA,NA,NA,NA,NA,NA,NA,NA,NA,NA,NA,NA,NA,NA,NA,NA,NA,NA,NA,NA,NA,NA,NA,NA,NA,NA,NA,NA,NA,NA,NA,NA,NA,NA,NA,NA,NA,NA,NA,NA,NA,NA,NA,NA,NA,NA,NA,NA,NA,NA,NA,NA,NA,NA,NA,NA,NA,NA,NA,NA,NA,
NA,NA,NA,NA,NA,NA,NA,NA,NA,NA,NA,NA,NA,NA,NA,NA,NA,NA,NA,NA,NA,NA,NA,NA,NA,NA,NA,NA,NA,NA,NA,NA,NA,NA,NA,NA,NA,NA,NA,NA,NA,NA,NA,NA,NA,NA,NA,NA,NA,NA,NA,NA,NA,NA,NA,NA,NA,NA,NA,NA,NA,NA,NA,NA,NA,NA,NA,NA,NA,NA,NA,NA,NA,NA,NA,NA,
NA,NA,NA,NA,NA,NA,NA,NA,NA,NA,NA,NA,NA,NA,NA,NA,NA,NA,NA,NA,NA,NA,NA,NA,NA,NA,NA,NA,NA,NA,NA,NA,NA,NA,NA,NA,NA,NA,NA,NA,NA,NA,NA,NA,NA,NA,NA,NA,NA,NA,NA,NA,NA,NA,NA,NA,NA,NA,NA,NA,NA,NA,NA,NA,NA,NA,NA,NA,NA,NA,NA,NA,NA,NA,NA,NA,
NA,NA,NA,NA,NA,NA,NA,NA,NA,NA,NA,NA,NA,NA,NA,NA,NA,NA,NA,NA,NA,NA,NA,NA,NA,NA,NA,NA,NA,NA,NA,NA, -2.72156E-02, -2.72799E-02, -2.73070E-02, -2.72969E-02, -2.72499E-02, -2.71669E-02, -2.70492E-02, -2.68985E-02,NA,NA,NA,NA,NA,NA,NA,NA,NA,NA,NA,NA,NA,NA,NA,NA,NA,NA,NA,NA,NA,NA,NA,NA,NA,NA,NA,NA,NA,NA,NA,NA,NA,NA,NA,NA,
NA,NA,NA,NA,NA,NA,NA,NA,NA,NA,NA,NA,NA,NA,NA,NA,NA,NA,NA,NA,NA,NA,NA,NA,NA,NA,NA,NA, -2.75725E-02, -2.78005E-02, -2.79923E-02, -2.81457E-02, -2.82589E-02, -2.83310E-02, -2.83610E-02, -2.83491E-02, -2.82957E-02, -2.82017E-02, -2.80688E-02, -2.78990E-02, -2.76946E-02, -2.74584E-02, -2.71933E-02, -2.69023E-02,NA,NA,NA,NA,NA,NA,NA,NA,NA,NA,NA,NA,NA,NA,NA,NA,NA,NA,NA,NA,NA,NA,NA,NA,NA,NA,NA,NA,NA,NA,NA,NA,
NA,NA,NA,NA,NA,NA,NA,NA,NA,NA,NA,NA,NA,NA,NA,NA,NA,NA,NA,NA,NA,NA,NA,NA,NA,NA, -2.79969E-02, -2.83253E-02, -2.86196E-02, -2.88763E-02, -2.90924E-02, -2.92654E-02, -2.93932E-02, -2.94744E-02, -2.95080E-02, -2.94941E-02, -2.94330E-02, -2.93261E-02, -2.91753E-02, -2.89830E-02, -2.87522E-02, -2.84860E-02, -2.81881E-02, -2.78621E-02, -2.75117E-02, -2.71405E-02,NA,NA,NA,NA,NA,NA,NA,NA,NA,NA,NA,NA,NA,NA,NA,NA,NA,NA,NA,NA,NA,NA,NA,NA,NA,NA,NA,NA,NA,NA,
NA,NA,NA,NA,NA,NA,NA,NA,NA,NA,NA,NA,NA,NA,NA,NA,NA,NA,NA,NA,NA,NA,NA,NA, -2.82168E-02, -2.86491E-02, -2.90525E-02, -2.94224E-02, -2.97545E-02, -3.00449E-02, -3.02898E-02, -3.04861E-02, -3.06312E-02, -3.07233E-02, -3.07613E-02, -3.07450E-02, -3.06750E-02, -3.05529E-02, -3.03809E-02, -3.01620E-02, -2.98999E-02, -2.95985E-02, -2.92622E-02, -2.88953E-02, -2.85023E-02, -2.80875E-02, -2.76550E-02, -2.72087E-02,NA,NA,NA,NA,NA,NA,NA,NA,NA,NA,NA,NA,NA,NA,NA,NA,NA,NA,NA,NA,NA,NA,NA,NA,NA,NA,NA,NA,
NA,NA,NA,NA,NA,NA,NA,NA,NA,NA,NA,NA,NA,NA,NA,NA,NA,NA,NA,NA,NA,NA, -2.82071E-02, -2.87398E-02, -2.92520E-02, -2.97383E-02, -3.01933E-02, -3.06119E-02, -3.09887E-02, -3.13188E-02, -3.15979E-02, -3.18221E-02, -3.19880E-02, -3.20933E-02, -3.21367E-02, -3.21177E-02, -3.20372E-02, -3.18969E-02, -3.16997E-02, -3.14493E-02, -3.11501E-02, -3.08070E-02, -3.04254E-02, -3.00106E-02, -2.95680E-02, -2.91026E-02, -2.86194E-02, -2.81227E-02, -2.76165E-02, -2.71046E-02,NA,NA,NA,NA,NA,NA,NA,NA,NA,NA,NA,NA,NA,NA,NA,NA,NA,NA,NA,NA,NA,NA,NA,NA,NA,NA,
NA,NA,NA,NA,NA,NA,NA,NA,NA,NA,NA,NA,NA,NA,NA,NA,NA, -2.60857E-02, -2.67056E-02, -2.73307E-02, -2.79565E-02, -2.85783E-02, -2.91908E-02, -2.97883E-02, -3.03648E-02, -3.09141E-02, -3.14297E-02, -3.19054E-02, -3.23351E-02, -3.27127E-02, -3.30327E-02, -3.32904E-02, -3.34815E-02, -3.36032E-02, -3.36533E-02, -3.36315E-02, -3.35385E-02, -3.33766E-02, -3.31491E-02, -3.28608E-02, -3.25173E-02, -3.21246E-02, -3.16893E-02, -3.12180E-02, -3.07172E-02, -3.01929E-02, -2.96509E-02, -2.90964E-02, -2.85339E-02, -2.79674E-02, -2.74003E-02,NA,NA,NA,NA,NA,NA,NA,NA,NA,NA,NA,NA,NA,NA,NA,NA,NA,NA,NA,NA,NA,NA,NA,NA,NA,
NA,NA,NA,NA,NA,NA,NA,NA,NA,NA,NA,NA,NA,NA, -2.48282E-02, -2.54633E-02, -2.61174E-02, -2.67877E-02, -2.74709E-02, -2.81629E-02, -2.88587E-02, -2.95530E-02, -3.02397E-02, -3.09121E-02, -3.15634E-02, -3.21862E-02, -3.27731E-02, -3.33165E-02, -3.38091E-02, -3.42435E-02, -3.46130E-02, -3.49114E-02, -3.51336E-02, -3.52755E-02, -3.53345E-02, -3.53097E-02, -3.52019E-02, -3.50138E-02, -3.47499E-02, -3.44159E-02, -3.40189E-02, -3.35666E-02, -3.30672E-02, -3.25288E-02, -3.19594E-02, -3.13662E-02, -3.07561E-02, -3.01349E-02, -2.95079E-02, -2.88795E-02, -2.82535E-02, -2.76330E-02,NA,NA,NA,NA,NA,NA,NA,NA,NA,NA,NA,NA,NA,NA,NA,NA,NA,NA,NA,NA,NA,NA,NA,NA,
NA,NA,NA,NA,NA,NA,NA,NA,NA,NA,NA, -2.34595E-02, -2.40684E-02, -2.47054E-02, -2.53697E-02, -2.60603E-02, -2.67752E-02, -2.75116E-02, -2.82659E-02, -2.90336E-02, -2.98092E-02, -3.05866E-02, -3.13587E-02, -3.21181E-02, -3.28566E-02, -3.35657E-02, -3.42367E-02, -3.48605E-02, -3.54283E-02, -3.59313E-02, -3.63610E-02, -3.67096E-02, -3.69703E-02, -3.71378E-02, -3.72084E-02, -3.71807E-02, -3.70554E-02, -3.68357E-02, -3.65274E-02, -3.61377E-02, -3.56757E-02, -3.51513E-02, -3.45748E-02, -3.39563E-02, -3.33055E-02, -3.26313E-02, -3.19417E-02, -3.12435E-02, -3.05426E-02, -2.98439E-02, -2.91514E-02, -2.84684E-02, -2.77974E-02,NA,NA,NA,NA,NA,NA,NA,NA,NA,NA,NA,NA,NA,NA,NA,NA,NA,NA,NA,NA,NA,NA,NA,
NA,NA,NA,NA,NA,NA,NA,NA,NA,NA, -2.32389E-02, -2.38571E-02, -2.45084E-02, -2.51934E-02, -2.59119E-02, -2.66630E-02, -2.74450E-02, -2.82550E-02, -2.90892E-02, -2.99427E-02, -3.08094E-02, -3.16822E-02, -3.25532E-02, -3.34136E-02, -3.42541E-02, -3.50648E-02, -3.58353E-02, -3.65552E-02, -3.72136E-02, -3.77998E-02, -3.83033E-02, -3.87142E-02, -3.90235E-02, -3.92238E-02, -3.93101E-02, -3.92798E-02, -3.91337E-02, -3.88756E-02, -3.85127E-02, -3.80546E-02, -3.75129E-02, -3.69004E-02, -3.62303E-02, -3.55154E-02, -3.47677E-02, -3.39978E-02, -3.32152E-02, -3.24277E-02, -3.16419E-02, -3.08632E-02, -3.00958E-02, -2.93428E-02, -2.86069E-02, -2.78897E-02,NA,NA,NA,NA,NA,NA,NA,NA,NA,NA,NA,NA,NA,NA,NA,NA,NA,NA,NA,NA,NA,NA,
NA,NA,NA,NA,NA,NA,NA,NA, -2.23828E-02, -2.29660E-02, -2.35849E-02, -2.42413E-02, -2.49369E-02, -2.56728E-02, -2.64495E-02, -2.72665E-02, -2.81224E-02, -2.90144E-02, -2.99385E-02, -3.08893E-02, -3.18601E-02, -3.28428E-02, -3.38283E-02, -3.48065E-02, -3.57666E-02, -3.66971E-02, -3.75859E-02, -3.84206E-02, -3.91885E-02, -3.98765E-02, -4.04714E-02, -4.09604E-02, -4.13316E-02, -4.15748E-02, -4.16826E-02, -4.16510E-02, -4.14801E-02, -4.11749E-02, -4.07443E-02, -4.02010E-02, -3.95606E-02, -3.88396E-02, -3.80551E-02, -3.72235E-02, -3.63594E-02, -3.54760E-02, -3.45842E-02, -3.36930E-02, -3.28098E-02, -3.19400E-02, -3.10880E-02, -3.02569E-02, -2.94490E-02, -2.86656E-02, -2.79078E-02,NA,NA,NA,NA,NA,NA,NA,NA,NA,NA,NA,NA,NA,NA,NA,NA,NA,NA,NA,NA,NA,
NA,NA,NA,NA,NA,NA,NA, -2.20753E-02, -2.26484E-02, -2.32594E-02, -2.39110E-02, -2.46062E-02, -2.53475E-02, -2.61369E-02, -2.69758E-02, -2.78642E-02, -2.88013E-02, -2.97846E-02, -3.08098E-02, -3.18713E-02, -3.29613E-02, -3.40708E-02, -3.51892E-02, -3.63050E-02, -3.74055E-02, -3.84775E-02, -3.95071E-02, -4.04799E-02,NA,NA,NA,NA,NA,NA,NA,NA,NA,NA, -4.32697E-02, -4.26195E-02, -4.18553E-02, -4.09994E-02, -4.00739E-02, -3.90998E-02, -3.80955E-02, -3.70769E-02, -3.60566E-02, -3.50449E-02, -3.40494E-02, -3.30761E-02, -3.21289E-02, -3.12106E-02, -3.03230E-02, -2.94671E-02, -2.86433E-02, -2.78514E-02,NA,NA,NA,NA,NA,NA,NA,NA,NA,NA,NA,NA,NA,NA,NA,NA,NA,NA,NA,NA,
NA,NA,NA,NA,NA,NA, -2.17391E-02, -2.22954E-02, -2.28902E-02, -2.35274E-02, -2.42109E-02, -2.49447E-02, -2.57325E-02, -2.65775E-02, -2.74821E-02, -2.84475E-02, -2.94736E-02, -3.05582E-02, -3.16973E-02, -3.28846E-02, -3.41115E-02, -3.53677E-02, -3.66408E-02, -3.79174E-02, -3.91831E-02,NA,NA,NA,NA,NA,NA,NA,NA,NA,NA,NA,NA,NA,NA,NA,NA, -4.34155E-02, -4.23148E-02, -4.11659E-02, -3.99919E-02, -3.88116E-02, -3.76399E-02, -3.64879E-02, -3.53636E-02, -3.42725E-02, -3.32183E-02, -3.22030E-02, -3.12277E-02, -3.02925E-02, -2.93970E-02, -2.85405E-02,NA,NA,NA,NA,NA,NA,NA,NA,NA,NA,NA,NA,NA,NA,NA,NA,NA,NA,NA,NA,
NA,NA,NA,NA,NA, -2.13836E-02, -2.19173E-02, -2.24888E-02, -2.31027E-02, -2.37638E-02, -2.44772E-02, -2.52483E-02, -2.60823E-02, -2.69839E-02, -2.79572E-02, -2.90049E-02, -3.01279E-02, -3.13251E-02, -3.25923E-02, -3.39231E-02, -3.53076E-02, -3.67338E-02, -3.81874E-02,NA,NA,NA,NA,NA,NA,NA,NA,NA,NA,NA,NA,NA,NA,NA,NA,NA,NA,NA,NA, -4.34448E-02, -4.20645E-02, -4.06908E-02, -3.93406E-02, -3.80255E-02, -3.67534E-02, -3.55290E-02, -3.43550E-02, -3.32322E-02, -3.21606E-02, -3.11391E-02, -3.01664E-02, -2.92407E-02, -2.83600E-02,NA,NA,NA,NA,NA,NA,NA,NA,NA,NA,NA,NA,NA,NA,NA,NA,NA,NA,NA,
NA,NA,NA,NA, -2.10176E-02, -2.15245E-02, -2.20672E-02, -2.26506E-02, -2.32799E-02, -2.39612E-02, -2.47012E-02, -2.55068E-02, -2.63851E-02, -2.73431E-02, -2.83870E-02, -2.95215E-02, -3.07495E-02, -3.20711E-02, -3.34826E-02, -3.49772E-02, -3.65437E-02, -3.81678E-02,NA,NA,NA,NA,NA,NA,NA,NA,NA,NA,NA,NA,NA,NA,NA,NA,NA,NA,NA,NA,NA,NA, -4.43286E-02, -4.27236E-02, -4.11634E-02, -3.96594E-02, -3.82184E-02, -3.68437E-02, -3.55362E-02, -3.42950E-02, -3.31182E-02, -3.20035E-02, -3.09480E-02, -2.99486E-02, -2.90023E-02,NA,NA,NA,NA,NA,NA,NA,NA,NA,NA,NA,NA,NA,NA,NA,NA,NA,NA,NA,
NA,NA,NA, -2.06496E-02, -2.11272E-02, -2.16375E-02, -2.21851E-02, -2.27755E-02, -2.34152E-02, -2.41116E-02, -2.48728E-02, -2.57080E-02, -2.66267E-02, -2.76387E-02, -2.87531E-02, -2.99778E-02, -3.13184E-02, -3.27768E-02, -3.43508E-02, -3.60329E-02,NA,NA,NA,NA,NA,NA,NA,NA,NA,NA,NA,NA,NA,NA,NA,NA,NA,NA,NA,NA,NA,NA,NA,NA,NA,NA, -4.31096E-02, -4.13879E-02, -3.97553E-02, -3.82123E-02, -3.67571E-02, -3.53862E-02, -3.40957E-02, -3.28809E-02, -3.17372E-02, -3.06601E-02, -2.96450E-02, -2.86880E-02,NA,NA,NA,NA,NA,NA,NA,NA,NA,NA,NA,NA,NA,NA,NA,NA,NA,NA,
NA,NA, -2.02868E-02, -2.07343E-02, -2.12104E-02, -2.17195E-02, -2.22667E-02, -2.28583E-02, -2.35018E-02, -2.42059E-02, -2.49808E-02, -2.58379E-02, -2.67899E-02, -2.78503E-02, -2.90323E-02, -3.03482E-02, -3.18075E-02, -3.34157E-02, -3.51724E-02,NA,NA,NA,NA,NA,NA,NA,NA,NA,NA,NA,NA,NA,NA,NA,NA,NA,NA,NA,NA,NA,NA,NA,NA,NA,NA,NA,NA, -4.32053E-02, -4.13571E-02, -3.96274E-02, -3.80104E-02, -3.64991E-02, -3.50864E-02, -3.37652E-02, -3.25285E-02, -3.13700E-02, -3.02835E-02, -2.92636E-02,NA,NA,NA,NA,NA,NA,NA,NA,NA,NA,NA,NA,NA,NA,NA,NA,NA,NA,
NA,NA, -2.03526E-02, -2.07949E-02, -2.12652E-02, -2.17678E-02, -2.23084E-02, -2.28938E-02, -2.35325E-02, -2.42346E-02, -2.50123E-02, -2.58801E-02, -2.68542E-02, -2.79529E-02, -2.91950E-02, -3.05990E-02, -3.21807E-02, -3.39508E-02,NA,NA,NA,NA,NA,NA,NA,NA,NA,NA,NA,NA,NA,NA,NA,NA,NA,NA,NA,NA,NA,NA,NA,NA,NA,NA,NA,NA,NA,NA, -4.30123E-02, -4.10780E-02, -3.92858E-02, -3.76241E-02, -3.60819E-02, -3.46488E-02, -3.33152E-02, -3.20724E-02, -3.09125E-02, -2.98284E-02, -2.88136E-02,NA,NA,NA,NA,NA,NA,NA,NA,NA,NA,NA,NA,NA,NA,NA,NA,NA,
NA, -1.99872E-02, -2.03977E-02, -2.08308E-02, -2.12902E-02, -2.17803E-02, -2.23069E-02, -2.28772E-02, -2.35003E-02, -2.41878E-02, -2.49540E-02, -2.58163E-02, -2.67955E-02, -2.79159E-02, -2.92037E-02, -3.06862E-02, -3.23886E-02,NA,NA,NA,NA,NA,NA,NA,NA,NA,NA,NA,NA,NA,NA,NA,NA,NA,NA,NA,NA,NA,NA,NA,NA,NA,NA,NA,NA,NA,NA,NA, -4.47034E-02, -4.25487E-02, -4.05698E-02, -3.87495E-02, -3.70719E-02, -3.55228E-02, -3.40894E-02, -3.27605E-02, -3.15260E-02, -3.03771E-02, -2.93057E-02,NA,NA,NA,NA,NA,NA,NA,NA,NA,NA,NA,NA,NA,NA,NA,NA,NA,
NA, -2.00227E-02, -2.04221E-02, -2.08418E-02, -2.12849E-02, -2.17557E-02, -2.22598E-02, -2.28044E-02, -2.33989E-02, -2.40559E-02, -2.47915E-02, -2.56264E-02, -2.65862E-02, -2.77023E-02, -2.90109E-02,NA,NA,NA,NA,NA,NA,NA,NA,NA,NA,NA,NA,NA,NA,NA,NA,NA,NA,NA,NA,NA,NA,NA,NA,NA,NA,NA,NA,NA,NA,NA,NA,NA,NA, -4.40192E-02, -4.18452E-02, -3.98605E-02, -3.80438E-02, -3.63764E-02, -3.48420E-02, -3.34264E-02, -3.21173E-02, -3.09038E-02, -2.97765E-02,NA,NA,NA,NA,NA,NA,NA,NA,NA,NA,NA,NA,NA,NA,NA,NA,NA,
 -1.96717E-02, -2.00417E-02, -2.04266E-02, -2.08284E-02, -2.12496E-02, -2.16939E-02, -2.21661E-02, -2.26729E-02, -2.32235E-02, -2.38307E-02, -2.45116E-02, -2.52896E-02, -2.61954E-02, -2.72685E-02,NA,NA,NA,NA,NA,NA,NA,NA,NA,NA,NA,NA,NA,NA,NA,NA,NA,NA,NA,NA,NA,NA,NA,NA,NA,NA,NA,NA,NA,NA,NA,NA,NA,NA,NA,NA, -4.30912E-02, -4.09400E-02, -3.89833E-02, -3.71976E-02, -3.55628E-02, -3.40615E-02, -3.26791E-02, -3.14025E-02, -3.02208E-02,NA,NA,NA,NA,NA,NA,NA,NA,NA,NA,NA,NA,NA,NA,NA,NA,NA,
 -1.96897E-02, -2.00456E-02, -2.04127E-02, -2.07922E-02, -2.11859E-02, -2.15961E-02, -2.20265E-02, -2.24824E-02, -2.29717E-02, -2.35062E-02, -2.41028E-02, -2.47861E-02, -2.55908E-02,NA,NA,NA,NA,NA,NA,NA,NA,NA,NA,NA,NA,NA,NA,NA,NA,NA,NA,NA,NA,NA,NA,NA,NA,NA,NA,NA,NA,NA,NA,NA,NA,NA,NA,NA,NA,NA, -4.42835E-02, -4.19682E-02, -3.98742E-02, -3.79731E-02, -3.62408E-02, -3.46568E-02, -3.32037E-02, -3.18667E-02, -3.06329E-02, -2.94913E-02,NA,NA,NA,NA,NA,NA,NA,NA,NA,NA,NA,NA,NA,NA,NA,NA,
 -1.96969E-02, -2.00363E-02, -2.03826E-02, -2.07359E-02, -2.10967E-02, -2.14656E-02, -2.18442E-02, -2.22356E-02, -2.26448E-02, -2.30808E-02, -2.35581E-02, -2.40997E-02,NA,NA,NA,NA,NA,NA,NA,NA,NA,NA,NA,NA,NA,NA,NA,NA,NA,NA,NA,NA,NA,NA,NA,NA,NA,NA,NA,NA,NA,NA,NA,NA,NA,NA,NA,NA,NA,NA,NA, -4.29237E-02, -4.06993E-02, -3.86888E-02, -3.68644E-02, -3.52025E-02, -3.36832E-02, -3.22896E-02, -3.10073E-02, -2.98241E-02,NA,NA,NA,NA,NA,NA,NA,NA,NA,NA,NA,NA,NA,NA,NA,NA,
 -1.96952E-02, -2.00164E-02, -2.03395E-02, -2.06633E-02, -2.09865E-02, -2.13075E-02, -2.16252E-02, -2.19387E-02, -2.22490E-02, -2.25594E-02, -2.28783E-02,NA,NA,NA,NA,NA,NA,NA,NA,NA,NA,NA,NA,NA,NA,NA,NA,NA,NA,NA,NA,NA,NA,NA,NA,NA,NA,NA,NA,NA,NA,NA,NA,NA,NA,NA,NA,NA,NA,NA,NA, -4.37844E-02, -4.14406E-02, -3.93303E-02, -3.74219E-02, -3.56891E-02, -3.41095E-02, -3.26647E-02, -3.13386E-02, -3.01177E-02,NA,NA,NA,NA,NA,NA,NA,NA,NA,NA,NA,NA,NA,NA,NA,NA,
 -1.96873E-02, -1.99890E-02, -2.02873E-02, -2.05793E-02, -2.08614E-02, -2.11295E-02, -2.13785E-02, -2.16029E-02, -2.17968E-02, -2.19552E-02, -2.20758E-02,NA,NA,NA,NA,NA,NA,NA,NA,NA,NA,NA,NA,NA,NA,NA,NA,NA,NA,NA,NA,NA,NA,NA,NA,NA,NA,NA,NA,NA,NA,NA,NA,NA,NA,NA,NA,NA,NA,NA,NA, -4.45281E-02, -4.20807E-02, -3.98835E-02, -3.79019E-02, -3.61072E-02, -3.44752E-02, -3.29857E-02, -3.16214E-02, -3.03678E-02,NA,NA,NA,NA,NA,NA,NA,NA,NA,NA,NA,NA,NA,NA,NA,NA,
 -1.96759E-02, -1.99578E-02, -2.02306E-02, -2.04896E-02, -2.07289E-02, -2.09411E-02, -2.11166E-02, -2.12437E-02, -2.13080E-02, -2.12925E-02,NA,NA,NA,NA,NA,NA,NA,NA,NA,NA,NA,NA,NA,NA,NA,NA,NA,NA,NA,NA,NA,NA,NA,NA,NA,NA,NA,NA,NA,NA,NA,NA,NA,NA,NA,NA,NA,NA,NA,NA,NA,NA, -4.26032E-02, -4.03353E-02, -3.82938E-02, -3.64483E-02, -3.47731E-02, -3.32468E-02, -3.18510E-02, -3.05704E-02,NA,NA,NA,NA,NA,NA,NA,NA,NA,NA,NA,NA,NA,NA,NA,NA,
 -1.96640E-02, -1.99266E-02, -2.01744E-02, -2.04009E-02, -2.05976E-02, -2.07537E-02, -2.08547E-02, -2.08815E-02, -2.08096E-02, -2.06068E-02,NA,NA,NA,NA,NA,NA,NA,NA,NA,NA,NA,NA,NA,NA,NA,NA,NA,NA,NA,NA,NA,NA,NA,NA,NA,NA,NA,NA,NA,NA,NA,NA,NA,NA,NA,NA,NA,NA,NA,NA,NA,NA,NA, -4.06743E-02, -3.85884E-02, -3.67049E-02, -3.49971E-02, -3.34428E-02, -3.20231E-02, -3.07219E-02,NA,NA,NA,NA,NA,NA,NA,NA,NA,NA,NA,NA,NA,NA,NA,NA,
 -1.96548E-02, -1.98994E-02, -2.01239E-02, -2.03199E-02, -2.04768E-02, -2.05798E-02, -2.06097E-02, -2.05399E-02, -2.03347E-02, -1.99448E-02,NA,NA,NA,NA,NA,NA,NA,NA,NA,NA,NA,NA,NA,NA,NA,NA,NA,NA,NA,NA,NA,NA,NA,NA,NA,NA,NA,NA,NA,NA,NA,NA,NA,NA,NA,NA,NA,NA,NA,NA,NA,NA,NA,NA,NA,NA,NA, -3.35698E-02, -3.21343E-02, -3.08195E-02,NA,NA,NA,NA,NA,NA,NA,NA,NA,NA,NA,NA,NA,NA,NA,NA,
 -1.96511E-02, -1.98800E-02, -2.00840E-02, -2.02535E-02, -2.03753E-02, -2.04319E-02, -2.03992E-02, -2.02438E-02, -1.99192E-02,NA,NA,NA,NA,NA,NA,NA,NA,NA,NA,NA,NA,NA,NA,NA,NA,NA,NA,NA,NA,NA,NA,NA,NA,NA,NA,NA,NA,NA,NA,NA,NA,NA,NA,NA,NA,NA,NA,NA,NA,NA,NA,NA,NA,NA,NA,NA,NA,NA,NA,NA,NA,NA,NA,NA,NA,NA,NA,NA,NA,NA,NA,NA,NA,NA,NA,NA,
 -1.96555E-02, -1.98717E-02, -2.00593E-02, -2.02075E-02, -2.03015E-02, -2.03213E-02, -2.02392E-02, -2.00164E-02, -1.95980E-02,NA,NA,NA,NA,NA,NA,NA,NA,NA,NA,NA,NA,NA,NA,NA,NA,NA,NA,NA,NA,NA,NA,NA,NA,NA,NA,NA,NA,NA,NA,NA,NA,NA,NA,NA,NA,NA,NA,NA,NA,NA,NA,NA,NA,NA,NA,NA,NA,NA,NA,NA,NA,NA,NA,NA,NA,NA,NA,NA,NA,NA,NA,NA,NA,NA,NA,NA,
 -1.96700E-02, -1.98772E-02, -2.00532E-02, -2.01866E-02, -2.02617E-02, -2.02568E-02, -2.01424E-02, -1.98764E-02, -1.93991E-02,NA,NA,NA,NA,NA,NA,NA,NA,NA,NA,NA,NA,NA,NA,NA,NA,NA,NA,NA,NA,NA,NA,NA,NA,NA,NA,NA,NA,NA,NA,NA,NA,NA,NA,NA,NA,NA,NA,NA,NA,NA,NA,NA,NA,NA,NA,NA,NA,NA,NA,NA,NA,NA,NA,NA,NA,NA,NA,NA,NA,NA,NA,NA,NA,NA,NA,NA,
 -1.96963E-02, -1.98983E-02, -2.00682E-02, -2.01940E-02, -2.02598E-02, -2.02440E-02, -2.01164E-02, -1.98348E-02, -1.93390E-02,NA,NA,NA,NA,NA,NA,NA,NA,NA,NA,NA,NA,NA,NA,NA,NA,NA,NA,NA,NA,NA,NA,NA,NA,NA,NA,NA,NA,NA,NA,NA,NA,NA,NA,NA,NA,NA,NA,NA,NA,NA,NA,NA,NA,NA,NA,NA,NA,NA,NA,NA,NA,NA,NA,NA,NA,NA,NA,NA,NA,NA,NA,NA,NA,NA,NA,NA,
 -1.97349E-02, -1.99360E-02, -2.01051E-02, -2.02307E-02, -2.02974E-02, -2.02843E-02, -2.01628E-02, -1.98933E-02, -1.94196E-02,NA,NA,NA,NA,NA,NA,NA,NA,NA,NA,NA,NA,NA,NA,NA,NA,NA,NA,NA,NA,NA,NA,NA,NA,NA,NA,NA,NA,NA,NA,NA,NA,NA,NA,NA,NA,NA,NA,NA,NA,NA,NA,NA,NA,NA,NA,NA,NA,NA,NA,NA,NA,NA,NA,NA,NA,NA,NA,NA,NA,NA,NA,NA,NA,NA,NA,NA,
 -1.97860E-02, -1.99902E-02, -2.01638E-02, -2.02961E-02, -2.03729E-02, -2.03752E-02, -2.02775E-02, -2.00446E-02, -1.96282E-02, -1.89602E-02,NA,NA,NA,NA,NA,NA,NA,NA,NA,NA,NA,NA,NA,NA,NA,NA,NA,NA,NA,NA,NA,NA,NA,NA,NA,NA,NA,NA,NA,NA,NA,NA,NA,NA,NA,NA,NA,NA,NA,NA,NA,NA,NA,NA,NA,NA,NA,NA,NA,NA,NA,NA,NA,NA,NA,NA,NA,NA,NA,NA,NA,NA,NA,NA,NA,NA,
 -1.98491E-02, -2.00600E-02, -2.02427E-02, -2.03878E-02, -2.04828E-02, -2.05111E-02, -2.04511E-02, -2.02740E-02, -1.99410E-02, -1.93999E-02,NA,NA,NA,NA,NA,NA,NA,NA,NA,NA,NA,NA,NA,NA,NA,NA,NA,NA,NA,NA,NA,NA,NA,NA,NA,NA,NA,NA,NA,NA,NA,NA,NA,NA,NA,NA,NA,NA,NA,NA,NA,NA,NA,NA,NA,NA,NA,NA,NA,NA,NA,NA,NA,NA,NA,NA,NA,NA,NA,NA,NA,NA,NA,NA,NA,NA,
 -1.99230E-02, -2.01436E-02, -2.03395E-02, -2.05023E-02, -2.06215E-02, -2.06836E-02, -2.06713E-02, -2.05622E-02, -2.03278E-02, -1.99314E-02,NA,NA,NA,NA,NA,NA,NA,NA,NA,NA,NA,NA,NA,NA,NA,NA,NA,NA,NA,NA,NA,NA,NA,NA,NA,NA,NA,NA,NA,NA,NA,NA,NA,NA,NA,NA,NA,NA,NA,NA,NA,NA,NA,NA,NA,NA,NA,NA,NA,NA,NA,NA,NA,NA,NA,NA,NA,NA,NA,NA,NA,NA,NA,NA,NA,NA,
 -2.00062E-02, -2.02391E-02, -2.04509E-02, -2.06350E-02, -2.07827E-02, -2.08835E-02, -2.09243E-02, -2.08888E-02, -2.07577E-02, -2.05077E-02, -2.01130E-02,NA,NA,NA,NA,NA,NA,NA,NA,NA,NA,NA,NA,NA,NA,NA,NA,NA,NA,NA,NA,NA,NA,NA,NA,NA,NA,NA,NA,NA,NA,NA,NA,NA,NA,NA,NA,NA,NA,NA,NA,NA,NA,NA,NA,NA,NA,NA,NA,NA,NA,NA,NA,NA,NA,NA,NA,NA,NA,NA,NA,NA,NA,NA,NA,NA,
 -2.00969E-02, -2.03438E-02, -2.05737E-02, -2.07812E-02, -2.09598E-02, -2.11014E-02, -2.11968E-02, -2.12349E-02, -2.12036E-02, -2.10898E-02, -2.08814E-02,NA,NA,NA,NA,NA,NA,NA,NA,NA,NA,NA,NA,NA,NA,NA,NA,NA,NA,NA,NA,NA,NA,NA,NA,NA,NA,NA,NA,NA,NA,NA,NA,NA,NA,NA,NA,NA,NA,NA,NA,NA,NA,NA,NA,NA,NA,NA,NA,NA,NA,NA,NA,NA,NA,NA,NA,NA,NA,NA,NA,NA,NA,NA,NA,NA,
 -2.01933E-02, -2.04553E-02, -2.07044E-02, -2.09364E-02, -2.11465E-02, -2.13289E-02, -2.14774E-02, -2.15850E-02, -2.16447E-02, -2.16503E-02, -2.15978E-02, -2.14879E-02,NA,NA,NA,NA,NA,NA,NA,NA,NA,NA,NA,NA,NA,NA,NA,NA,NA,NA,NA,NA,NA,NA,NA,NA,NA,NA,NA,NA,NA,NA,NA,NA,NA,NA,NA,NA,NA,NA,NA,NA,NA,NA,NA,NA,NA,NA,NA,NA,NA,NA,NA,NA,NA,NA,NA,NA,NA,NA,NA,NA,NA,NA,NA,NA,
 -2.02934E-02, -2.05712E-02, -2.08399E-02, -2.10965E-02, -2.13374E-02, -2.15590E-02, -2.17570E-02, -2.19276E-02, -2.20671E-02, -2.21733E-02, -2.22460E-02, -2.22890E-02, -2.23113E-02,NA,NA,NA,NA,NA,NA,NA,NA,NA,NA,NA,NA,NA,NA,NA,NA,NA,NA,NA,NA,NA,NA,NA,NA,NA,NA,NA,NA,NA,NA,NA,NA,NA,NA,NA,NA,NA,NA,NA,NA,NA,NA,NA,NA,NA,NA,NA,NA,NA,NA,NA,NA,NA,NA,NA,NA,NA,NA,NA,NA,NA,NA,NA,
 -2.03955E-02, -2.06892E-02, -2.09773E-02, -2.12577E-02, -2.15282E-02, -2.17861E-02, -2.20292E-02, -2.22553E-02, -2.24629E-02, -2.26517E-02, -2.28229E-02, -2.29804E-02, -2.31300E-02,NA,NA,NA,NA,NA,NA,NA,NA,NA,NA,NA,NA,NA,NA,NA,NA,NA,NA,NA,NA,NA,NA,NA,NA,NA,NA,NA,NA,NA,NA,NA,NA,NA,NA,NA,NA,NA,NA,NA,NA,NA,NA,NA,NA,NA,NA,NA,NA,NA,NA,NA,NA,NA,NA,NA,NA,NA,NA,NA,NA,NA,NA,NA,
 -2.04982E-02, -2.08074E-02, -2.11143E-02, -2.14175E-02, -2.17154E-02, -2.20066E-02, -2.22898E-02, -2.25640E-02, -2.28288E-02, -2.30848E-02, -2.33333E-02, -2.35769E-02, -2.38186E-02, -2.40600E-02,NA,NA,NA,NA,NA,NA,NA,NA,NA,NA,NA,NA,NA,NA,NA,NA,NA,NA,NA,NA,NA,NA,NA,NA,NA,NA,NA,NA,NA,NA,NA,NA,NA,NA,NA,NA,NA,NA,NA,NA,NA,NA,NA,NA,NA,NA,NA,NA,NA,NA,NA,NA,NA,NA,NA,NA,NA,NA,NA,NA,NA,NA,
NA, -2.09242E-02, -2.12491E-02, -2.15736E-02, -2.18968E-02, -2.22180E-02, -2.25365E-02, -2.28521E-02, -2.31649E-02, -2.34756E-02, -2.37852E-02, -2.40951E-02, -2.44063E-02,NA,NA,NA,NA,NA,NA,NA,NA,NA,NA,NA,NA,NA,NA,NA,NA,NA,NA,NA,NA,NA,NA,NA,NA,NA,NA,NA,NA,NA,NA,NA,NA,NA,NA,NA,NA,NA,NA,NA,NA,NA,NA,NA,NA,NA,NA,NA,NA,NA,NA,NA,NA,NA,NA,NA,NA,NA,NA,NA,NA,NA,NA,NA,
NA,NA, -2.13802E-02, -2.17245E-02, -2.20709E-02, -2.24190E-02, -2.27686E-02, -2.31198E-02, -2.34730E-02, -2.38287E-02, -2.41875E-02, -2.45502E-02,NA,NA,NA,NA,NA,NA,NA,NA,NA,NA,NA,NA,NA,NA,NA,NA,NA,NA,NA,NA,NA,NA,NA,NA,NA,NA,NA,NA,NA,NA,NA,NA,NA,NA,NA,NA,NA,NA,NA,NA,NA,NA,NA,NA,NA,NA,NA,NA,NA,NA,NA,NA,NA,NA,NA,NA,NA,NA,NA,NA,NA,NA,NA,NA,
NA,NA, -2.15066E-02, -2.18693E-02, -2.22368E-02, -2.26090E-02, -2.29861E-02, -2.33682E-02, -2.37558E-02, -2.41492E-02, -2.45488E-02,NA,NA,NA,NA,NA,NA,NA,NA,NA,NA,NA,NA,NA,NA,NA,NA,NA,NA,NA,NA,NA,NA,NA,NA,NA,NA,NA,NA,NA,NA,NA,NA,NA,NA,NA,NA,NA,NA,NA,NA,NA,NA,NA,NA,NA,NA,NA,NA,NA,NA,NA,NA,NA,NA,NA,NA,NA,NA,NA,NA,NA,NA,NA,NA,NA,
NA,NA,NA, -2.20073E-02, -2.23941E-02, -2.27881E-02, -2.31896E-02, -2.35989E-02, -2.40163E-02, -2.44421E-02, -2.48764E-02,NA,NA,NA,NA,NA,NA,NA,NA,NA,NA,NA,NA,NA,NA,NA,NA,NA,NA,NA,NA,NA,NA,NA,NA,NA,NA,NA,NA,NA,NA,NA,NA,NA,NA,NA,NA,NA,NA,NA,NA,NA,NA,NA,NA,NA,NA,NA,NA,NA,NA,NA,NA,NA,NA,NA,NA,NA,NA,NA,NA,NA,NA,NA,NA,NA,
NA,NA,NA,NA, -2.25427E-02, -2.29566E-02, -2.33802E-02, -2.38137E-02, -2.42574E-02, -2.47117E-02,NA,NA,NA,NA,NA,NA,NA,NA,NA,NA,NA,NA,NA,NA,NA,NA,NA,NA,NA,NA,NA,NA,NA,NA,NA,NA,NA,NA,NA,NA,NA,NA,NA,NA,NA,NA,NA,NA,NA,NA,NA,NA,NA,NA,NA,NA,NA,NA,NA,NA,NA,NA,NA,NA,NA,NA,NA,NA,NA,NA,NA,NA,NA,NA,NA,NA,
NA,NA,NA,NA,NA, -2.31150E-02, -2.35587E-02, -2.40143E-02, -2.44820E-02, -2.49620E-02,NA,NA,NA,NA,NA,NA,NA,NA,NA,NA,NA,NA,NA,NA,NA,NA,NA,NA,NA,NA,NA,NA,NA,NA,NA,NA,NA,NA,NA,NA,NA,NA,NA,NA,NA,NA,NA,NA,NA,NA,NA,NA,NA,NA,NA,NA,NA,NA,NA,NA,NA,NA,NA,NA,NA,NA,NA,NA,NA,NA,NA,NA,NA,NA,NA,NA,
NA,NA,NA,NA,NA, -2.32638E-02, -2.37262E-02, -2.42022E-02, -2.46921E-02,NA,NA,NA,NA,NA,NA,NA,NA,NA,NA,NA,NA,NA,NA,NA,NA,NA,NA,NA,NA,NA,NA,NA,NA,NA,NA,NA,NA,NA,NA,NA,NA,NA,NA,NA,NA,NA,NA,NA,NA,NA,NA,NA,NA,NA,NA,NA,NA,NA,NA,NA,NA,NA,NA,NA,NA,NA,NA,NA,NA,NA,NA,NA,NA,NA,NA,NA,
NA,NA,NA,NA,NA,NA,NA, -2.43789E-02, -2.48898E-02,NA,NA,NA,NA,NA,NA,NA,NA,NA,NA,NA,NA,NA,NA,NA,NA,NA,NA,NA,NA,NA,NA,NA,NA,NA,NA,NA,NA,NA,NA,NA,NA,NA,NA,NA,NA,NA,NA,NA,NA,NA,NA,NA,NA,NA,NA,NA,NA,NA,NA,NA,NA,NA,NA,NA,NA,NA,NA,NA,NA,NA,NA,NA,NA,NA,NA,NA,
NA,NA,NA,NA,NA,NA,NA,NA, -2.50765E-02,NA,NA,NA,NA,NA,NA,NA,NA,NA,NA,NA,NA,NA,NA,NA,NA,NA,NA,NA,NA,NA,NA,NA,NA,NA,NA,NA,NA,NA,NA,NA,NA,NA,NA,NA,NA,NA,NA,NA,NA,NA,NA,NA,NA,NA,NA,NA,NA,NA,NA,NA,NA,NA,NA,NA,NA,NA,NA,NA,NA,NA,NA,NA,NA,NA,NA,NA,
NA,NA,NA,NA,NA,NA,NA,NA,NA,NA,NA,NA,NA,NA,NA,NA,NA,NA,NA,NA,NA,NA,NA,NA,NA,NA,NA,NA,NA,NA,NA,NA,NA,NA,NA,NA,NA,NA,NA,NA,NA,NA,NA,NA,NA,NA,NA,NA,NA,NA,NA,NA,NA,NA,NA,NA,NA,NA,NA,NA,NA,NA,NA,NA,NA,NA,NA,NA,NA,NA,NA,NA,NA,NA,NA,NA,
NA,NA,NA,NA,NA,NA,NA,NA,NA,NA,NA,NA,NA,NA,NA,NA,NA,NA,NA,NA,NA,NA,NA,NA,NA,NA,NA,NA,NA,NA,NA,NA,NA,NA,NA,NA,NA,NA,NA,NA,NA,NA,NA,NA,NA,NA,NA,NA,NA,NA,NA,NA,NA,NA,NA,NA,NA,NA,NA,NA,NA,NA,NA,NA,NA,NA,NA,NA,NA,NA,NA,NA,NA,NA,NA,NA,
NA,NA,NA,NA,NA,NA,NA,NA,NA,NA,NA,NA,NA,NA,NA,NA,NA,NA,NA,NA,NA,NA,NA,NA,NA,NA,NA,NA,NA,NA,NA,NA,NA,NA,NA,NA,NA,NA,NA,NA,NA,NA,NA,NA,NA,NA,NA,NA,NA,NA,NA,NA,NA,NA,NA,NA,NA,NA,NA,NA,NA,NA,NA,NA,NA,NA,NA,NA,NA,NA,NA,NA,NA,NA,NA,NA,
NA,NA,NA,NA,NA,NA,NA,NA,NA,NA,NA,NA,NA,NA,NA,NA,NA,NA,NA,NA,NA,NA,NA,NA,NA,NA,NA,NA,NA,NA,NA,NA,NA,NA,NA,NA,NA,NA,NA,NA,NA,NA,NA,NA,NA,NA,NA,NA,NA,NA,NA,NA,NA,NA,NA,NA,NA,NA,NA,NA,NA,NA,NA,NA,NA,NA,NA,NA,NA,NA,NA,NA,NA,NA,NA,NA,
NA,NA,NA,NA,NA,NA,NA,NA,NA,NA,NA,NA,NA,NA,NA,NA,NA,NA,NA,NA,NA,NA,NA,NA,NA,NA,NA,NA,NA,NA,NA,NA,NA,NA,NA,NA,NA,NA,NA,NA,NA,NA,NA,NA,NA,NA,NA,NA,NA,NA,NA,NA,NA,NA,NA,NA,NA,NA,NA,NA,NA,NA,NA,NA,NA,NA,NA,NA,NA,NA,NA,NA,NA,NA,NA,NA,
NA,NA,NA,NA,NA,NA,NA,NA,NA,NA,NA,NA,NA,NA,NA,NA,NA,NA,NA,NA,NA,NA,NA,NA,NA,NA,NA,NA,NA,NA,NA,NA,NA,NA,NA,NA,NA,NA,NA,NA,NA,NA,NA,NA,NA,NA,NA,NA,NA,NA,NA,NA,NA,NA,NA,NA,NA,NA,NA,NA,NA,NA, -1.73753E-02, -1.73250E-02,NA,NA,NA,NA,NA,NA,NA,NA,NA,NA,NA,NA,
NA,NA,NA,NA,NA,NA,NA,NA,NA, -2.68066E-02,NA,NA,NA,NA,NA,NA,NA,NA,NA,NA,NA,NA,NA,NA,NA,NA,NA,NA,NA,NA,NA,NA,NA,NA,NA,NA,NA,NA,NA,NA,NA,NA,NA,NA,NA,NA,NA,NA,NA,NA,NA,NA,NA,NA,NA,NA,NA,NA,NA,NA,NA, -1.69800E-02, -1.69929E-02, -1.69760E-02,NA,NA,NA,NA,NA,NA,NA,NA,NA,NA,NA,NA,
NA,NA,NA,NA,NA,NA,NA,NA,NA, -2.69242E-02, -2.76963E-02,NA,NA,NA,NA,NA,NA,NA,NA,NA,NA,NA,NA,NA,NA,NA,NA,NA,NA,NA,NA,NA,NA,NA,NA,NA,NA,NA,NA,NA,NA,NA,NA,NA,NA,NA,NA,NA,NA,NA,NA,NA,NA,NA,NA,NA,NA,NA,NA,NA, -1.65100E-02, -1.65960E-02, -1.66430E-02, -1.66557E-02, -1.66386E-02,NA,NA,NA,NA,NA,NA,NA,NA,NA,NA,NA,
NA,NA,NA,NA,NA,NA,NA,NA, -2.62722E-02, -2.70221E-02, -2.78196E-02,NA,NA,NA,NA,NA,NA,NA,NA,NA,NA,NA,NA,NA,NA,NA,NA,NA,NA,NA,NA,NA,NA,NA,NA,NA,NA,NA,NA,NA,NA,NA,NA,NA,NA,NA,NA,NA,NA,NA,NA,NA,NA,NA,NA,NA,NA,NA, -1.57386E-02, -1.59646E-02, -1.61340E-02, -1.62535E-02, -1.63294E-02, -1.63674E-02, -1.63724E-02,NA,NA,NA,NA,NA,NA,NA,NA,NA,NA,NA,
NA,NA,NA,NA,NA,NA,NA, -2.56059E-02, -2.63279E-02, -2.70969E-02, -2.79179E-02, -2.87968E-02,NA,NA,NA,NA,NA,NA,NA,NA,NA,NA,NA,NA,NA,NA,NA,NA,NA,NA,NA,NA,NA,NA,NA,NA,NA,NA,NA,NA,NA,NA,NA,NA,NA,NA,NA,NA,NA,NA,NA,NA,NA,NA,NA,NA, -1.45973E-02, -1.50123E-02, -1.53467E-02, -1.56100E-02, -1.58107E-02, -1.59570E-02, -1.60559E-02, -1.61139E-02, -1.61365E-02,NA,NA,NA,NA,NA,NA,NA,NA,NA,NA,NA,
NA,NA,NA,NA,NA,NA,NA, -2.56244E-02, -2.63597E-02, -2.71451E-02, -2.79866E-02, -2.88914E-02, -2.98675E-02,NA,NA,NA,NA,NA,NA,NA,NA,NA,NA,NA,NA,NA,NA,NA,NA,NA,NA,NA,NA,NA,NA,NA,NA,NA,NA,NA,NA,NA,NA,NA,NA,NA,NA,NA,NA,NA,NA,NA,NA,NA,NA,NA, -1.42121E-02, -1.46664E-02, -1.50328E-02, -1.53223E-02, -1.55452E-02, -1.57102E-02, -1.58253E-02, -1.58975E-02, -1.59328E-02,NA,NA,NA,NA,NA,NA,NA,NA,NA,NA,NA,
NA,NA,NA,NA,NA,NA,NA, -2.56192E-02, -2.63647E-02, -2.71631E-02, -2.80212E-02, -2.89472E-02, -2.99509E-02, -3.10438E-02,NA,NA,NA,NA,NA,NA,NA,NA,NA,NA,NA,NA,NA,NA,NA,NA,NA,NA,NA,NA,NA,NA,NA,NA,NA,NA,NA,NA,NA,NA,NA,NA,NA,NA,NA,NA,NA,NA,NA,NA,NA,NA, -1.39456E-02, -1.44208E-02, -1.48038E-02, -1.51069E-02, -1.53411E-02, -1.55160E-02, -1.56399E-02, -1.57200E-02, -1.57626E-02, -1.57730E-02,NA,NA,NA,NA,NA,NA,NA,NA,NA,NA,
NA,NA,NA,NA,NA,NA, -2.48850E-02, -2.55884E-02, -2.63405E-02, -2.71476E-02, -2.80172E-02, -2.89585E-02, -2.99826E-02, -3.11032E-02, -3.23367E-02, -3.37036E-02,NA,NA,NA,NA,NA,NA,NA,NA,NA,NA,NA,NA,NA,NA,NA,NA,NA,NA,NA,NA,NA,NA,NA,NA,NA,NA,NA,NA,NA,NA,NA,NA,NA,NA,NA,NA,NA,NA,NA,NA, -1.38073E-02, -1.42822E-02, -1.46644E-02, -1.49669E-02, -1.52009E-02, -1.53761E-02, -1.55007E-02, -1.55820E-02, -1.56263E-02, -1.56388E-02,NA,NA,NA,NA,NA,NA,NA,NA,NA,NA,
NA,NA,NA,NA,NA,NA, -2.48254E-02, -2.55306E-02, -2.62852E-02, -2.70959E-02, -2.79709E-02, -2.89200E-02, -2.99554E-02, -3.10923E-02, -3.23499E-02, -3.37522E-02, -3.53297E-02, -3.71212E-02,NA,NA,NA,NA,NA,NA,NA,NA,NA,NA,NA,NA,NA,NA,NA,NA,NA,NA,NA,NA,NA,NA,NA,NA,NA,NA,NA,NA,NA,NA,NA,NA,NA,NA,NA,NA,NA,NA, -1.38020E-02, -1.42534E-02, -1.46163E-02, -1.49033E-02, -1.51250E-02, -1.52904E-02, -1.54077E-02, -1.54835E-02, -1.55238E-02, -1.55337E-02,NA,NA,NA,NA,NA,NA,NA,NA,NA,NA,
NA,NA,NA,NA,NA, -2.40822E-02, -2.47414E-02, -2.54445E-02, -2.61971E-02, -2.70060E-02, -2.78794E-02, -2.88276E-02, -2.98633E-02, -3.10027E-02, -3.22667E-02, -3.36822E-02, -3.52844E-02, -3.71199E-02,NA,NA,NA,NA,NA,NA,NA,NA,NA,NA,NA,NA,NA,NA,NA,NA,NA,NA,NA,NA,NA,NA,NA,NA,NA,NA,NA,NA,NA,NA,NA,NA,NA,NA,NA,NA,NA,NA, -1.39282E-02, -1.43325E-02, -1.46576E-02, -1.49142E-02, -1.51115E-02, -1.52576E-02, -1.53595E-02, -1.54232E-02, -1.54541E-02, -1.54567E-02,NA,NA,NA,NA,NA,NA,NA,NA,NA,NA,
NA,NA,NA,NA,NA, -2.39787E-02, -2.46327E-02, -2.53300E-02, -2.60758E-02, -2.68768E-02, -2.77412E-02, -2.86788E-02, -2.97025E-02, -3.08285E-02, -3.20779E-02, -3.34789E-02, -3.50694E-02,NA,NA,NA,NA,NA,NA,NA,NA,NA,NA,NA,NA,NA,NA,NA,NA,NA,NA,NA,NA,NA,NA,NA,NA,NA,NA,NA,NA,NA,NA,NA,NA,NA,NA,NA,NA,NA,NA,NA, -1.41774E-02, -1.45126E-02, -1.47826E-02, -1.49950E-02, -1.51568E-02, -1.52744E-02, -1.53535E-02, -1.53990E-02, -1.54153E-02, -1.54065E-02,NA,NA,NA,NA,NA,NA,NA,NA,NA,NA,
NA,NA,NA,NA,NA, -2.38539E-02, -2.44996E-02, -2.51871E-02, -2.59214E-02, -2.67086E-02, -2.75562E-02, -2.84735E-02, -2.94722E-02, -3.05674E-02, -3.17791E-02, -3.31340E-02, -3.46693E-02,NA,NA,NA,NA,NA,NA,NA,NA,NA,NA,NA,NA,NA,NA,NA,NA,NA,NA,NA,NA,NA,NA,NA,NA,NA,NA,NA,NA,NA,NA,NA,NA,NA,NA,NA,NA,NA,NA,NA, -1.45342E-02, -1.47819E-02, -1.49818E-02, -1.51381E-02, -1.52549E-02, -1.53362E-02, -1.53859E-02, -1.54077E-02, -1.54049E-02, -1.53807E-02,NA,NA,NA,NA,NA,NA,NA,NA,NA,NA,
NA,NA,NA,NA,NA, -2.37085E-02, -2.43429E-02, -2.50170E-02, -2.57352E-02, -2.65028E-02, -2.73264E-02, -2.82137E-02, -2.91746E-02, -3.02219E-02, -3.13722E-02, -3.26480E-02,NA,NA,NA,NA,NA,NA,NA,NA,NA,NA,NA,NA,NA,NA,NA,NA,NA,NA,NA,NA,NA,NA,NA,NA,NA,NA,NA,NA,NA,NA,NA,NA,NA,NA,NA,NA,NA,NA,NA,NA, -1.49776E-02, -1.51242E-02, -1.52431E-02, -1.53341E-02, -1.53981E-02, -1.54366E-02, -1.54516E-02, -1.54452E-02, -1.54196E-02, -1.53767E-02,NA,NA,NA,NA,NA,NA,NA,NA,NA,NA,
NA,NA,NA,NA,NA, -2.35435E-02, -2.41640E-02, -2.48215E-02, -2.55195E-02, -2.62624E-02, -2.70553E-02, -2.79040E-02, -2.88159E-02, -2.97997E-02, -3.08669E-02, -3.20327E-02,NA,NA,NA,NA,NA,NA,NA,NA,NA,NA,NA,NA,NA,NA,NA,NA,NA,NA,NA,NA,NA,NA,NA,NA,NA,NA,NA,NA,NA,NA,NA,NA,NA,NA,NA,NA,NA,NA,NA,NA, -1.54830E-02, -1.55207E-02, -1.55516E-02, -1.55713E-02, -1.55774E-02, -1.55687E-02, -1.55451E-02, -1.55071E-02, -1.54555E-02, -1.53915E-02,NA,NA,NA,NA,NA,NA,NA,NA,NA,NA,
NA,NA,NA,NA,NA, -2.33606E-02, -2.39649E-02, -2.46028E-02, -2.52773E-02, -2.59914E-02, -2.67483E-02, -2.75517E-02, -2.84054E-02, -2.93135E-02, -3.02807E-02, -3.13117E-02,NA,NA,NA,NA,NA,NA,NA,NA,NA,NA,NA,NA,NA,NA,NA,NA,NA,NA,NA,NA,NA,NA,NA,NA,NA,NA,NA,NA,NA,NA,NA,NA,NA,NA,NA,NA,NA,NA,NA,NA, -1.60241E-02, -1.59511E-02, -1.58918E-02, -1.58376E-02, -1.57830E-02, -1.57245E-02, -1.56599E-02, -1.55880E-02, -1.55086E-02, -1.54215E-02,NA,NA,NA,NA,NA,NA,NA,NA,NA,NA,
NA,NA,NA,NA,NA, -2.31614E-02, -2.37476E-02, -2.43641E-02, -2.50125E-02, -2.56947E-02, -2.64121E-02, -2.71656E-02, -2.79554E-02, -2.87804E-02, -2.96373E-02, -3.05192E-02,NA,NA,NA,NA,NA,NA,NA,NA,NA,NA,NA,NA,NA,NA,NA,NA,NA,NA,NA,NA,NA,NA,NA,NA,NA,NA,NA,NA,NA,NA,NA,NA,NA,NA,NA,NA,NA,NA,NA, -1.68030E-02, -1.65754E-02, -1.63957E-02, -1.62479E-02, -1.61204E-02, -1.60050E-02, -1.58960E-02, -1.57895E-02, -1.56828E-02, -1.55744E-02, -1.54632E-02,NA,NA,NA,NA,NA,NA,NA,NA,NA,NA,
NA,NA,NA,NA, -2.24067E-02, -2.29480E-02, -2.35149E-02, -2.41084E-02, -2.47293E-02, -2.53780E-02, -2.60540E-02, -2.67558E-02, -2.74799E-02, -2.82199E-02, -2.89646E-02, -2.96956E-02,NA,NA,NA,NA,NA,NA,NA,NA,NA,NA,NA,NA,NA,NA,NA,NA,NA,NA,NA,NA,NA,NA,NA,NA,NA,NA,NA,NA,NA,NA,NA,NA,NA,NA,NA,NA,NA,NA,NA, -1.74581E-02, -1.71142E-02, -1.68360E-02, -1.66052E-02, -1.64078E-02, -1.62337E-02, -1.60754E-02, -1.59275E-02, -1.57861E-02, -1.56486E-02, -1.55130E-02,NA,NA,NA,NA,NA,NA,NA,NA,NA,NA,
NA,NA,NA,NA,NA, -2.27225E-02, -2.32694E-02, -2.38393E-02, -2.44321E-02, -2.50470E-02, -2.56818E-02, -2.63327E-02, -2.69930E-02, -2.76517E-02, -2.82909E-02, -2.88825E-02,NA,NA,NA,NA,NA,NA,NA,NA,NA,NA,NA,NA,NA,NA,NA,NA,NA,NA,NA,NA,NA,NA,NA,NA,NA,NA,NA,NA,NA,NA,NA,NA,NA,NA,NA,NA,NA,NA,NA, -1.80661E-02, -1.76219E-02, -1.72567E-02, -1.69509E-02, -1.66892E-02, -1.64603E-02, -1.62553E-02, -1.60677E-02, -1.58928E-02, -1.57268E-02,NA,NA,NA,NA,NA,NA,NA,NA,NA,NA,NA,
NA,NA,NA,NA,NA, -2.24870E-02, -2.30136E-02, -2.35599E-02, -2.41251E-02, -2.47071E-02, -2.53026E-02, -2.59059E-02, -2.65077E-02, -2.70937E-02, -2.76415E-02, -2.81161E-02,NA,NA,NA,NA,NA,NA,NA,NA,NA,NA,NA,NA,NA,NA,NA,NA,NA,NA,NA,NA,NA,NA,NA,NA,NA,NA,NA,NA,NA,NA,NA,NA,NA,NA,NA,NA,NA,NA, -1.92502E-02, -1.86111E-02, -1.80843E-02, -1.76452E-02, -1.72742E-02, -1.69555E-02, -1.66769E-02, -1.64291E-02, -1.62047E-02, -1.59982E-02, -1.58052E-02,NA,NA,NA,NA,NA,NA,NA,NA,NA,NA,NA,
NA,NA,NA,NA,NA, -2.22435E-02, -2.27501E-02, -2.32735E-02, -2.38122E-02, -2.43634E-02, -2.49227E-02, -2.54833E-02, -2.60345E-02, -2.65601E-02, -2.70353E-02, -2.74226E-02,NA,NA,NA,NA,NA,NA,NA,NA,NA,NA,NA,NA,NA,NA,NA,NA,NA,NA,NA,NA,NA,NA,NA,NA,NA,NA,NA,NA,NA,NA,NA,NA,NA,NA,NA,NA,NA,NA, -1.97904E-02, -1.90834E-02, -1.84917E-02, -1.79926E-02, -1.75668E-02, -1.71992E-02, -1.68772E-02, -1.65913E-02, -1.63336E-02, -1.60981E-02, -1.58802E-02,NA,NA,NA,NA,NA,NA,NA,NA,NA,NA,NA,
NA,NA,NA,NA,NA, -2.19938E-02, -2.24811E-02, -2.29826E-02, -2.34965E-02, -2.40195E-02, -2.45469E-02, -2.50710E-02, -2.55808E-02, -2.60598E-02, -2.64833E-02, -2.68149E-02,NA,NA,NA,NA,NA,NA,NA,NA,NA,NA,NA,NA,NA,NA,NA,NA,NA,NA,NA,NA,NA,NA,NA,NA,NA,NA,NA,NA,NA,NA,NA,NA,NA,NA,NA,NA,NA, -2.11258E-02, -2.02324E-02, -1.94780E-02, -1.88384E-02, -1.82926E-02, -1.78229E-02, -1.74148E-02, -1.70561E-02, -1.67372E-02, -1.64503E-02, -1.61891E-02,NA,NA,NA,NA,NA,NA,NA,NA,NA,NA,NA,NA,
NA,NA,NA,NA,NA, -2.17395E-02, -2.22083E-02, -2.26894E-02, -2.31806E-02, -2.36785E-02, -2.41783E-02, -2.46725E-02, -2.51504E-02, -2.55964E-02, -2.59882E-02, -2.62934E-02, -2.64656E-02,NA,NA,NA,NA,NA,NA,NA,NA,NA,NA,NA,NA,NA,NA,NA,NA,NA,NA,NA,NA,NA,NA,NA,NA,NA,NA,NA,NA,NA,NA,NA,NA,NA,NA,NA, -2.25658E-02, -2.14941E-02, -2.05780E-02, -1.97943E-02, -1.91218E-02, -1.85420E-02, -1.80387E-02, -1.75984E-02, -1.72098E-02, -1.68634E-02, -1.65516E-02, -1.62680E-02,NA,NA,NA,NA,NA,NA,NA,NA,NA,NA,NA,NA,
NA,NA,NA,NA,NA, -2.14819E-02, -2.19333E-02, -2.23954E-02, -2.28661E-02, -2.33421E-02, -2.38188E-02, -2.42892E-02, -2.47438E-02, -2.51690E-02, -2.55460E-02, -2.58483E-02, -2.60398E-02,NA,NA,NA,NA,NA,NA,NA,NA,NA,NA,NA,NA,NA,NA,NA,NA,NA,NA,NA,NA,NA,NA,NA,NA,NA,NA,NA,NA,NA,NA,NA,NA,NA,NA, -2.40480E-02, -2.28189E-02, -2.17538E-02, -2.08321E-02, -2.00342E-02, -1.93421E-02, -1.87396E-02, -1.82123E-02, -1.77479E-02, -1.73358E-02, -1.69674E-02, -1.66351E-02,NA,NA,NA,NA,NA,NA,NA,NA,NA,NA,NA,NA,NA,
NA,NA,NA,NA,NA,NA, -2.16571E-02, -2.21018E-02, -2.25541E-02, -2.30111E-02, -2.34686E-02, -2.39206E-02, -2.43592E-02, -2.47732E-02, -2.51479E-02, -2.54635E-02, -2.56942E-02, -2.58072E-02,NA,NA,NA,NA,NA,NA,NA,NA,NA,NA,NA,NA,NA,NA,NA,NA,NA,NA,NA,NA,NA,NA,NA,NA,NA,NA,NA,NA,NA,NA,NA,NA, -2.55073E-02, -2.41511E-02, -2.29592E-02, -2.19148E-02, -2.10010E-02, -2.02016E-02, -1.95013E-02, -1.88860E-02, -1.83432E-02, -1.78620E-02, -1.74328E-02, -1.70475E-02, -1.66991E-02,NA,NA,NA,NA,NA,NA,NA,NA,NA,NA,NA,NA,NA,
NA,NA,NA,NA,NA,NA, -2.13804E-02, -2.18091E-02, -2.22450E-02, -2.26855E-02, -2.31271E-02, -2.35650E-02, -2.39929E-02, -2.44023E-02, -2.47827E-02, -2.51204E-02, -2.53990E-02, -2.55996E-02, -2.57025E-02,NA,NA,NA,NA,NA,NA,NA,NA,NA,NA,NA,NA,NA,NA,NA,NA,NA,NA,NA,NA,NA,NA,NA,NA,NA,NA,NA,NA,NA,NA, -2.68814E-02, -2.54345E-02, -2.41452E-02, -2.30008E-02, -2.19878E-02, -2.10926E-02, -2.03017E-02, -1.96025E-02, -1.89830E-02, -1.84324E-02, -1.79410E-02, -1.75004E-02, -1.71031E-02,NA,NA,NA,NA,NA,NA,NA,NA,NA,NA,NA,NA,NA,NA,
NA,NA,NA,NA,NA,NA, -2.11038E-02, -2.15177E-02, -2.19387E-02, -2.23647E-02, -2.27929E-02, -2.32197E-02, -2.36404E-02, -2.40492E-02, -2.44389E-02, -2.48014E-02, -2.51276E-02, -2.54091E-02, -2.56399E-02,NA,NA,NA,NA,NA,NA,NA,NA,NA,NA,NA,NA,NA,NA,NA,NA,NA,NA,NA,NA,NA,NA,NA,NA,NA,NA,NA,NA,NA, -2.81136E-02, -2.66161E-02, -2.52635E-02, -2.40471E-02, -2.29572E-02, -2.19834E-02, -2.11148E-02, -2.03405E-02, -1.96500E-02, -1.90334E-02, -1.84814E-02, -1.79857E-02, -1.75388E-02,NA,NA,NA,NA,NA,NA,NA,NA,NA,NA,NA,NA,NA,NA,NA,
NA,NA,NA,NA,NA,NA,NA, -2.12275E-02, -2.16349E-02, -2.20479E-02, -2.24644E-02, -2.28819E-02, -2.32973E-02, -2.37068E-02, -2.41063E-02, -2.44917E-02, -2.48593E-02, -2.52077E-02, -2.55390E-02, -2.58631E-02,NA,NA,NA,NA,NA,NA,NA,NA,NA,NA,NA,NA,NA,NA,NA,NA,NA,NA,NA,NA,NA,NA,NA,NA,NA,NA, -3.07885E-02, -2.91542E-02, -2.76485E-02, -2.62693E-02, -2.50124E-02, -2.38720E-02, -2.28411E-02, -2.19118E-02, -2.10756E-02, -2.03241E-02, -1.96485E-02, -1.90406E-02, -1.84928E-02, -1.79977E-02,NA,NA,NA,NA,NA,NA,NA,NA,NA,NA,NA,NA,NA,NA,NA,NA,
NA,NA,NA,NA,NA,NA,NA, -2.09384E-02, -2.13331E-02, -2.17340E-02, -2.21398E-02, -2.25489E-02, -2.29594E-02, -2.33693E-02, -2.37766E-02, -2.41802E-02, -2.45799E-02, -2.49783E-02, -2.53817E-02, -2.58033E-02, -2.62654E-02, -2.68030E-02,NA,NA,NA,NA,NA,NA,NA,NA,NA,NA,NA,NA,NA,NA,NA,NA,NA,NA,NA,NA,NA,NA, -3.31953E-02, -3.15327E-02, -2.99624E-02, -2.84915E-02, -2.71236E-02, -2.58593E-02, -2.46971E-02, -2.36335E-02, -2.26639E-02, -2.17826E-02, -2.09831E-02, -2.02588E-02, -1.96028E-02, -1.90084E-02, -1.84692E-02, -1.79790E-02,NA,NA,NA,NA,NA,NA,NA,NA,NA,NA,NA,NA,NA,NA,NA,NA,
NA,NA,NA,NA,NA,NA,NA,NA, -2.10327E-02, -2.14221E-02, -2.18176E-02, -2.22184E-02, -2.26234E-02, -2.30320E-02, -2.34438E-02, -2.38595E-02, -2.42809E-02, -2.47126E-02, -2.51624E-02, -2.56433E-02, -2.61749E-02, -2.67847E-02, -2.75080E-02,NA,NA,NA,NA,NA,NA,NA,NA,NA,NA,NA,NA,NA,NA,NA,NA,NA,NA, -3.65851E-02, -3.50311E-02, -3.34840E-02, -3.19702E-02, -3.05089E-02, -2.91141E-02, -2.77947E-02, -2.65564E-02, -2.54019E-02, -2.43316E-02, -2.33440E-02, -2.24364E-02, -2.16049E-02, -2.08447E-02, -2.01509E-02, -1.95181E-02, -1.89408E-02, -1.84137E-02,NA,NA,NA,NA,NA,NA,NA,NA,NA,NA,NA,NA,NA,NA,NA,NA,NA,
NA,NA,NA,NA,NA,NA,NA,NA, -2.07333E-02, -2.11114E-02, -2.14965E-02, -2.18884E-02, -2.22869E-02, -2.26919E-02, -2.31043E-02, -2.35256E-02, -2.39587E-02, -2.44086E-02, -2.48833E-02, -2.53939E-02, -2.59562E-02, -2.65901E-02, -2.73195E-02, -2.81696E-02, -2.91630E-02, -3.03129E-02,NA,NA,NA,NA,NA,NA,NA, -4.01387E-02, -4.03846E-02, -4.02872E-02, -3.98750E-02, -3.91912E-02, -3.82860E-02, -3.72107E-02, -3.60139E-02, -3.47388E-02, -3.34223E-02, -3.20946E-02, -3.07801E-02, -2.94974E-02, -2.82607E-02, -2.70799E-02, -2.59619E-02, -2.49107E-02, -2.39282E-02, -2.30145E-02, -2.21682E-02, -2.13869E-02, -2.06676E-02, -2.00063E-02, -1.93991E-02,NA,NA,NA,NA,NA,NA,NA,NA,NA,NA,NA,NA,NA,NA,NA,NA,NA,NA,NA,
NA,NA,NA,NA,NA,NA,NA,NA,NA, -2.08012E-02, -2.11757E-02, -2.15579E-02, -2.19483E-02, -2.23473E-02, -2.27562E-02, -2.31770E-02, -2.36129E-02, -2.40688E-02, -2.45514E-02, -2.50699E-02, -2.56360E-02, -2.62636E-02, -2.69678E-02, -2.77630E-02, -2.86598E-02, -2.96609E-02, -3.07567E-02, -3.19221E-02, -3.31156E-02, -3.42812E-02, -3.53552E-02, -3.62742E-02, -3.69840E-02, -3.74463E-02, -3.76424E-02, -3.75723E-02, -3.72524E-02, -3.67105E-02, -3.59814E-02, -3.51024E-02, -3.41104E-02, -3.30396E-02, -3.19204E-02, -3.07789E-02, -2.96366E-02, -2.85108E-02, -2.74152E-02, -2.63598E-02, -2.53521E-02, -2.43970E-02, -2.34973E-02, -2.26542E-02, -2.18676E-02, -2.11362E-02, -2.04581E-02, -1.98305E-02,NA,NA,NA,NA,NA,NA,NA,NA,NA,NA,NA,NA,NA,NA,NA,NA,NA,NA,NA,NA,
NA,NA,NA,NA,NA,NA,NA,NA,NA,NA, -2.08545E-02, -2.12262E-02, -2.16069E-02, -2.19974E-02, -2.23992E-02, -2.28143E-02, -2.32457E-02, -2.36978E-02, -2.41758E-02, -2.46869E-02, -2.52393E-02, -2.58422E-02, -2.65044E-02, -2.72336E-02, -2.80331E-02, -2.89005E-02, -2.98243E-02, -3.07831E-02, -3.17448E-02, -3.26691E-02, -3.35113E-02, -3.42273E-02, -3.47789E-02, -3.51384E-02, -3.52908E-02, -3.52338E-02, -3.49767E-02, -3.45379E-02, -3.39414E-02, -3.32146E-02, -3.23853E-02, -3.14805E-02, -3.05251E-02, -2.95408E-02, -2.85464E-02, -2.75576E-02, -2.65868E-02, -2.56441E-02, -2.47367E-02, -2.38701E-02, -2.30476E-02, -2.22714E-02, -2.15421E-02, -2.08594E-02,NA,NA,NA,NA,NA,NA,NA,NA,NA,NA,NA,NA,NA,NA,NA,NA,NA,NA,NA,NA,NA,NA,
NA,NA,NA,NA,NA,NA,NA,NA,NA,NA, -2.05328E-02, -2.08930E-02, -2.12626E-02, -2.16424E-02, -2.20339E-02, -2.24390E-02, -2.28604E-02, -2.33013E-02, -2.37660E-02, -2.42595E-02, -2.47874E-02, -2.53552E-02, -2.59679E-02, -2.66284E-02, -2.73364E-02, -2.80868E-02, -2.88685E-02, -2.96633E-02, -3.04467E-02, -3.11890E-02, -3.18580E-02, -3.24223E-02, -3.28547E-02, -3.31347E-02, -3.32506E-02, -3.31994E-02, -3.29864E-02, -3.26237E-02, -3.21285E-02, -3.15207E-02, -3.08215E-02, -3.00520E-02, -2.92324E-02, -2.83807E-02, -2.75130E-02, -2.66431E-02, -2.57824E-02, -2.49400E-02, -2.41232E-02, -2.33375E-02, -2.25866E-02, -2.18730E-02,NA,NA,NA,NA,NA,NA,NA,NA,NA,NA,NA,NA,NA,NA,NA,NA,NA,NA,NA,NA,NA,NA,NA,NA,
NA,NA,NA,NA,NA,NA,NA,NA,NA,NA,NA, -2.05587E-02, -2.09158E-02, -2.12831E-02, -2.16619E-02, -2.20537E-02, -2.24607E-02, -2.28854E-02, -2.33309E-02, -2.38005E-02, -2.42978E-02, -2.48257E-02, -2.53865E-02, -2.59805E-02, -2.66053E-02, -2.72549E-02, -2.79190E-02, -2.85828E-02, -2.92271E-02, -2.98297E-02, -3.03670E-02, -3.08164E-02, -3.11579E-02, -3.13763E-02, -3.14625E-02, -3.14134E-02, -3.12323E-02, -3.09272E-02, -3.05104E-02, -2.99966E-02, -2.94020E-02, -2.87432E-02, -2.80364E-02, -2.72966E-02, -2.65372E-02, -2.57703E-02, -2.50061E-02, -2.42528E-02, -2.35174E-02, -2.28052E-02,NA,NA,NA,NA,NA,NA,NA,NA,NA,NA,NA,NA,NA,NA,NA,NA,NA,NA,NA,NA,NA,NA,NA,NA,NA,NA,
NA,NA,NA,NA,NA,NA,NA,NA,NA,NA,NA,NA, -2.05673E-02, -2.09207E-02, -2.12848E-02, -2.16609E-02, -2.20506E-02, -2.24558E-02, -2.28785E-02, -2.33207E-02, -2.37845E-02, -2.42711E-02, -2.47810E-02, -2.53129E-02, -2.58635E-02, -2.64268E-02, -2.69935E-02, -2.75516E-02, -2.80860E-02, -2.85800E-02, -2.90159E-02, -2.93769E-02, -2.96483E-02, -2.98188E-02, -2.98812E-02, -2.98328E-02, -2.96754E-02, -2.94147E-02, -2.90594E-02, -2.86207E-02, -2.81109E-02, -2.75432E-02, -2.69304E-02, -2.62849E-02, -2.56182E-02, -2.49404E-02,NA,NA,NA,NA,NA,NA,NA,NA,NA,NA,NA,NA,NA,NA,NA,NA,NA,NA,NA,NA,NA,NA,NA,NA,NA,NA,NA,NA,NA,NA,
NA,NA,NA,NA,NA,NA,NA,NA,NA,NA,NA,NA,NA,NA, -2.09046E-02, -2.12635E-02, -2.16341E-02, -2.20178E-02, -2.24157E-02, -2.28290E-02, -2.32585E-02, -2.37044E-02, -2.41661E-02, -2.46414E-02, -2.51267E-02, -2.56162E-02, -2.61020E-02, -2.65742E-02, -2.70209E-02, -2.74293E-02, -2.77859E-02, -2.80783E-02, -2.82953E-02, -2.84283E-02, -2.84718E-02, -2.84235E-02, -2.82845E-02, -2.80586E-02, -2.77524E-02, -2.73743E-02, -2.69338E-02, -2.64412E-02, -2.59071E-02, -2.53415E-02, -2.47540E-02,NA,NA,NA,NA,NA,NA,NA,NA,NA,NA,NA,NA,NA,NA,NA,NA,NA,NA,NA,NA,NA,NA,NA,NA,NA,NA,NA,NA,NA,NA,NA,
NA,NA,NA,NA,NA,NA,NA,NA,NA,NA,NA,NA,NA,NA,NA, -2.08640E-02, -2.12145E-02, -2.15758E-02, -2.19482E-02, -2.23324E-02, -2.27283E-02, -2.31354E-02, -2.35523E-02, -2.39767E-02, -2.44048E-02, -2.48314E-02, -2.52497E-02, -2.56516E-02, -2.60276E-02, -2.63678E-02, -2.66619E-02, -2.69003E-02, -2.70746E-02, -2.71782E-02, -2.72069E-02, -2.71587E-02, -2.70341E-02, -2.68362E-02, -2.65696E-02, -2.62409E-02, -2.58575E-02, -2.54275E-02, -2.49595E-02, -2.44616E-02,NA,NA,NA,NA,NA,NA,NA,NA,NA,NA,NA,NA,NA,NA,NA,NA,NA,NA,NA,NA,NA,NA,NA,NA,NA,NA,NA,NA,NA,NA,NA,NA,
NA,NA,NA,NA,NA,NA,NA,NA,NA,NA,NA,NA,NA,NA,NA,NA, -2.07949E-02, -2.11335E-02, -2.14807E-02, -2.18364E-02, -2.22001E-02, -2.25708E-02, -2.29470E-02, -2.33260E-02, -2.37042E-02, -2.40771E-02, -2.44388E-02, -2.47827E-02, -2.51013E-02, -2.53866E-02, -2.56308E-02, -2.58264E-02, -2.59670E-02, -2.60475E-02, -2.60645E-02, -2.60166E-02, -2.59039E-02, -2.57287E-02, -2.54946E-02, -2.52066E-02, -2.48705E-02, -2.44930E-02, -2.40807E-02,NA,NA,NA,NA,NA,NA,NA,NA,NA,NA,NA,NA,NA,NA,NA,NA,NA,NA,NA,NA,NA,NA,NA,NA,NA,NA,NA,NA,NA,NA,NA,NA,NA,
NA,NA,NA,NA,NA,NA,NA,NA,NA,NA,NA,NA,NA,NA,NA,NA,NA,NA, -2.10167E-02, -2.13451E-02, -2.16786E-02, -2.20158E-02, -2.23550E-02, -2.26937E-02, -2.30286E-02, -2.33555E-02, -2.36697E-02, -2.39655E-02, -2.42370E-02, -2.44778E-02, -2.46818E-02, -2.48432E-02, -2.49569E-02, -2.50191E-02, -2.50272E-02, -2.49797E-02, -2.48770E-02, -2.47206E-02, -2.45135E-02, -2.42593E-02, -2.39629E-02,NA,NA,NA,NA,NA,NA,NA,NA,NA,NA,NA,NA,NA,NA,NA,NA,NA,NA,NA,NA,NA,NA,NA,NA,NA,NA,NA,NA,NA,NA,NA,NA,NA,NA,NA,
NA,NA,NA,NA,NA,NA,NA,NA,NA,NA,NA,NA,NA,NA,NA,NA,NA,NA,NA,NA, -2.11672E-02, -2.14738E-02, -2.17798E-02, -2.20828E-02, -2.23799E-02, -2.26675E-02, -2.29414E-02, -2.31972E-02, -2.34297E-02, -2.36342E-02, -2.38056E-02, -2.39394E-02, -2.40317E-02, -2.40794E-02, -2.40804E-02, -2.40338E-02, -2.39395E-02, -2.37990E-02, -2.36144E-02,NA,NA,NA,NA,NA,NA,NA,NA,NA,NA,NA,NA,NA,NA,NA,NA,NA,NA,NA,NA,NA,NA,NA,NA,NA,NA,NA,NA,NA,NA,NA,NA,NA,NA,NA,NA,NA,
NA,NA,NA,NA,NA,NA,NA,NA,NA,NA,NA,NA,NA,NA,NA,NA,NA,NA,NA,NA,NA,NA,NA, -2.14949E-02, -2.17591E-02, -2.20128E-02, -2.22526E-02, -2.24747E-02, -2.26750E-02, -2.28494E-02, -2.29942E-02, -2.31056E-02, -2.31807E-02, -2.32168E-02, -2.32125E-02,NA,NA,NA,NA,NA,NA,NA,NA,NA,NA,NA,NA,NA,NA,NA,NA,NA,NA,NA,NA,NA,NA,NA,NA,NA,NA,NA,NA,NA,NA,NA,NA,NA,NA,NA,NA,NA,NA,NA,NA,NA,
NA,NA,NA,NA,NA,NA,NA,NA,NA,NA,NA,NA,NA,NA,NA,NA,NA,NA,NA,NA,NA,NA,NA,NA,NA,NA,NA,NA,NA,NA,NA,NA,NA,NA,NA,NA,NA,NA,NA,NA,NA,NA,NA,NA,NA,NA,NA,NA,NA,NA,NA,NA,NA,NA,NA,NA,NA,NA,NA,NA,NA,NA,NA,NA,NA,NA,NA,NA,NA,NA,NA,NA,NA,NA,NA,NA,
NA,NA,NA,NA,NA,NA,NA,NA,NA,NA,NA,NA,NA,NA,NA,NA,NA,NA,NA,NA,NA,NA,NA,NA,NA,NA,NA,NA,NA,NA,NA,NA,NA,NA,NA,NA,NA,NA,NA,NA,NA,NA,NA,NA,NA,NA,NA,NA,NA,NA,NA,NA,NA,NA,NA,NA,NA,NA,NA,NA,NA,NA,NA,NA,NA,NA,NA,NA,NA,NA,NA,NA,NA,NA,NA,NA,
