NA,NA,NA,NA,NA,NA,NA,NA,NA,NA,NA,NA,NA,NA,NA,NA,NA,NA,NA,NA,NA,NA,NA,NA,NA,NA,NA,NA,NA,NA,NA,NA,NA,NA,NA,NA,NA,NA,NA,NA,NA,NA, -3.10330E-02, -3.03276E-02, -2.95816E-02, -2.87988E-02, -2.79833E-02, -2.71398E-02, -2.62736E-02, -2.53902E-02, -2.44960E-02, -2.35973E-02, -2.27012E-02, -2.18147E-02, -2.09450E-02, -2.00993E-02, -1.92845E-02, -1.85071E-02, -1.77728E-02, -1.70868E-02, -1.64531E-02, -1.58745E-02, -1.53530E-02, -1.48891E-02, -1.44822E-02, -1.41307E-02, -1.38320E-02, -1.35825E-02, -1.33784E-02, -1.32152E-02, -1.30881E-02, -1.29924E-02, -1.29233E-02, -1.28762E-02, -1.28470E-02,NA,NA,NA,NA,NA,NA,NA,NA,NA,NA,NA,NA,NA,NA,NA,NA,NA,NA,NA,NA,NA,NA,NA,
NA,NA,NA,NA,NA,NA,NA,NA,NA,NA,NA,NA,NA,NA,NA,NA,NA,NA,NA,NA,NA,NA,NA,NA,NA,NA,NA,NA,NA,NA,NA,NA,NA,NA,NA,NA,NA,NA,NA,NA, -3.32590E-02, -3.25913E-02, -3.18715E-02, -3.11026E-02, -3.02882E-02, -2.94320E-02, -2.85388E-02, -2.76138E-02, -2.66625E-02, -2.56916E-02, -2.47078E-02, -2.37186E-02, -2.27321E-02, -2.17565E-02, -2.08002E-02, -1.98718E-02, -1.89793E-02, -1.81306E-02, -1.73326E-02, -1.65913E-02, -1.59116E-02, -1.52968E-02, -1.47490E-02, -1.42686E-02, -1.38546E-02, -1.35048E-02, -1.32157E-02, -1.29829E-02, -1.28013E-02, -1.26652E-02, -1.25689E-02, -1.25065E-02, -1.24722E-02, -1.24606E-02, -1.24668E-02, -1.24862E-02, -1.25147E-02,NA,NA,NA,NA,NA,NA,NA,NA,NA,NA,NA,NA,NA,NA,NA,NA,NA,NA,NA,NA,NA,
NA,NA,NA,NA,NA,NA,NA,NA,NA,NA,NA,NA,NA,NA,NA,NA,NA,NA,NA,NA,NA,NA,NA,NA,NA,NA,NA,NA,NA,NA,NA,NA,NA,NA,NA,NA,NA,NA, -3.55396E-02, -3.49374E-02, -3.42724E-02, -3.35467E-02, -3.27627E-02, -3.19236E-02, -3.10330E-02, -3.00953E-02, -2.91153E-02, -2.80986E-02, -2.70518E-02, -2.59818E-02, -2.48965E-02, -2.38044E-02, -2.27148E-02, -2.16372E-02, -2.05817E-02, -1.95583E-02, -1.85769E-02, -1.76467E-02, -1.67763E-02, -1.59728E-02, -1.52421E-02, -1.45882E-02, -1.40132E-02, -1.35175E-02, -1.30996E-02, -1.27563E-02, -1.24830E-02, -1.22741E-02, -1.21230E-02, -1.20226E-02, -1.19657E-02, -1.19452E-02, -1.19542E-02, -1.19861E-02, -1.20352E-02, -1.20962E-02, -1.21646E-02, -1.22364E-02, -1.23084E-02,NA,NA,NA,NA,NA,NA,NA,NA,NA,NA,NA,NA,NA,NA,NA,NA,NA,NA,NA,
NA,NA,NA,NA,NA,NA,NA,NA,NA,NA,NA,NA,NA,NA,NA,NA,NA,NA,NA,NA,NA,NA,NA,NA,NA,NA,NA,NA,NA,NA,NA,NA,NA,NA,NA,NA, -3.78177E-02, -3.73098E-02, -3.67297E-02, -3.60782E-02, -3.53566E-02, -3.45672E-02, -3.37123E-02, -3.27954E-02, -3.18203E-02, -3.07914E-02, -2.97143E-02, -2.85948E-02, -2.74401E-02, -2.62579E-02, -2.50571E-02, -2.38475E-02, -2.26396E-02, -2.14448E-02, -2.02749E-02, -1.91419E-02, -1.80578E-02, -1.70339E-02, -1.60806E-02, -1.52066E-02, -1.44190E-02, -1.37226E-02, -1.31199E-02, -1.26110E-02, -1.21935E-02, -1.18631E-02, -1.16138E-02, -1.14381E-02, -1.13277E-02, -1.12737E-02, -1.12671E-02, -1.12992E-02, -1.13616E-02, -1.14466E-02, -1.15475E-02, -1.16582E-02, -1.17736E-02, -1.18894E-02, -1.20021E-02, -1.21092E-02, -1.22084E-02,NA,NA,NA,NA,NA,NA,NA,NA,NA,NA,NA,NA,NA,NA,NA,NA,NA,
NA,NA,NA,NA,NA,NA,NA,NA,NA,NA,NA,NA,NA,NA,NA,NA,NA,NA,NA,NA,NA,NA,NA,NA,NA,NA,NA,NA,NA,NA,NA,NA,NA,NA,NA, -3.96441E-02, -3.91794E-02, -3.86341E-02, -3.80083E-02, -3.73029E-02, -3.65193E-02, -3.56596E-02, -3.47265E-02, -3.37234E-02, -3.26543E-02, -3.15239E-02, -3.03378E-02, -2.91027E-02, -2.78260E-02, -2.65165E-02, -2.51839E-02, -2.38395E-02, -2.24954E-02, -2.11649E-02, -1.98622E-02, -1.86017E-02, -1.73982E-02, -1.62654E-02, -1.52162E-02, -1.42616E-02, -1.34102E-02, -1.26678E-02, -1.20372E-02, -1.15181E-02, -1.11071E-02, -1.07984E-02, -1.05837E-02, -1.04535E-02, -1.03970E-02, -1.04030E-02, -1.04602E-02, -1.05579E-02, -1.06861E-02, -1.08358E-02, -1.09989E-02, -1.11687E-02, -1.13394E-02, -1.15064E-02, -1.16662E-02, -1.18159E-02, -1.19537E-02, -1.20782E-02,NA,NA,NA,NA,NA,NA,NA,NA,NA,NA,NA,NA,NA,NA,NA,NA,
NA,NA,NA,NA,NA,NA,NA,NA,NA,NA,NA,NA,NA,NA,NA,NA,NA,NA,NA,NA,NA,NA,NA,NA,NA,NA,NA,NA,NA,NA,NA,NA,NA, -4.18683E-02, -4.15491E-02, -4.11420E-02, -4.06461E-02, -4.00603E-02, -3.93849E-02, -3.86206E-02, -3.77690E-02, -3.68320E-02, -3.58125E-02, -3.47138E-02, -3.35401E-02, -3.22963E-02, -3.09883E-02, -2.96229E-02, -2.82081E-02, -2.67535E-02, -2.52701E-02, -2.37703E-02, -2.22683E-02, -2.07799E-02, -1.93218E-02, -1.79119E-02, -1.65680E-02, -1.53075E-02, -1.41465E-02, -1.30988E-02, -1.21751E-02, -1.13827E-02, -1.07247E-02, -1.02002E-02, -9.80429E-03, -9.52892E-03, -9.36322E-03, -9.29446E-03, -9.30873E-03, -9.39183E-03, -9.52977E-03, -9.70937E-03, -9.91856E-03, -1.01467E-02, -1.03845E-02, -1.06243E-02, -1.08599E-02, -1.10864E-02, -1.13002E-02, -1.14985E-02, -1.16796E-02, -1.18426E-02, -1.19870E-02, -1.21129E-02,NA,NA,NA,NA,NA,NA,NA,NA,NA,NA,NA,NA,NA,NA,
NA,NA,NA,NA,NA,NA,NA,NA,NA,NA,NA,NA,NA,NA,NA,NA,NA,NA,NA,NA,NA,NA,NA,NA,NA,NA,NA,NA,NA,NA,NA,NA, -4.37595E-02, -4.35216E-02, -4.31887E-02, -4.27584E-02, -4.22291E-02, -4.15997E-02, -4.08703E-02, -4.00418E-02, -3.91153E-02, -3.80932E-02, -3.69781E-02, -3.57735E-02, -3.44836E-02, -3.31132E-02, -3.16684E-02, -3.01560E-02, -2.85847E-02, -2.69646E-02, -2.53076E-02, -2.36280E-02, -2.19422E-02, -2.02685E-02, -1.86272E-02, -1.70402E-02, -1.55297E-02, -1.41177E-02, -1.28247E-02, -1.16682E-02, -1.06620E-02, -9.81516E-03, -9.13121E-03, -8.60830E-03, -8.23953E-03, -8.01360E-03, -7.91589E-03, -7.92954E-03, -8.03655E-03, -8.21877E-03, -8.45874E-03, -8.74027E-03, -9.04889E-03, -9.37207E-03, -9.69929E-03, -1.00220E-02, -1.03335E-02, -1.06287E-02, -1.09041E-02, -1.11573E-02, -1.13871E-02, -1.15927E-02, -1.17745E-02, -1.19328E-02, -1.20688E-02,NA,NA,NA,NA,NA,NA,NA,NA,NA,NA,NA,NA,NA,
NA,NA,NA,NA,NA,NA,NA,NA,NA,NA,NA,NA,NA,NA,NA,NA,NA,NA,NA,NA,NA,NA,NA,NA,NA,NA,NA,NA,NA,NA,NA, -4.56857E-02, -4.55467E-02, -4.53063E-02, -4.49604E-02, -4.45060E-02, -4.39412E-02, -4.32647E-02, -4.24767E-02, -4.15775E-02, -4.05689E-02, -3.94529E-02, -3.82323E-02, -3.69104E-02, -3.54912E-02, -3.39796E-02, -3.23812E-02, -3.07032E-02, -2.89540E-02, -2.71444E-02, -2.52874E-02, -2.33988E-02, -2.14972E-02, -1.96045E-02, -1.77453E-02, -1.59463E-02, -1.42357E-02, -1.26415E-02, -1.11903E-02, -9.90501E-03, -8.80355E-03, -7.89732E-03, -7.19045E-03, -6.67968E-03, -6.35496E-03, -6.20056E-03, -6.19655E-03, -6.32047E-03, -6.54881E-03, -6.85836E-03, -7.22724E-03, -7.63564E-03, -8.06627E-03, -8.50454E-03, -8.93855E-03, -9.35899E-03, -9.75885E-03, -1.01332E-02, -1.04788E-02, -1.07938E-02, -1.10775E-02, -1.13302E-02, -1.15526E-02, -1.17461E-02, -1.19122E-02, -1.20527E-02,NA,NA,NA,NA,NA,NA,NA,NA,NA,NA,NA,NA,
NA,NA,NA,NA,NA,NA,NA,NA,NA,NA,NA,NA,NA,NA,NA,NA,NA,NA,NA,NA,NA,NA,NA,NA,NA,NA,NA,NA,NA,NA, -4.76262E-02, -4.76051E-02, -4.74771E-02, -4.72364E-02, -4.68783E-02, -4.63991E-02, -4.57966E-02, -4.50692E-02, -4.42170E-02, -4.32407E-02, -4.21416E-02, -4.09221E-02, -3.95848E-02, -3.81330E-02, -3.65703E-02, -3.49011E-02, -3.31307E-02, -3.12656E-02, -2.93142E-02, -2.72874E-02, -2.51987E-02, -2.30657E-02, -2.09095E-02, -1.87558E-02, -1.66344E-02, -1.45786E-02, -1.26243E-02, -1.08080E-02, -9.16442E-03, -7.72423E-03, -6.51112E-03, -5.54010E-03, -4.81573E-03, -4.33261E-03, -4.07610E-03, -4.02381E-03, -4.14852E-03, -4.41997E-03, -4.80725E-03, -5.28053E-03, -5.81243E-03, -6.37881E-03, -6.95909E-03, -7.53651E-03, -8.09786E-03, -8.63324E-03, -9.13569E-03, -9.60068E-03, -1.00257E-02, -1.04098E-02, -1.07533E-02, -1.10573E-02, -1.13237E-02, -1.15546E-02, -1.17526E-02, -1.19202E-02, -1.20599E-02,NA,NA,NA,NA,NA,NA,NA,NA,NA,NA,NA,
NA,NA,NA,NA,NA,NA,NA,NA,NA,NA,NA,NA,NA,NA,NA,NA,NA,NA,NA,NA,NA,NA,NA,NA,NA,NA,NA,NA,NA, -4.95558E-02, -4.96722E-02, -4.96781E-02, -4.95655E-02, -4.93274E-02, -4.89583E-02, -4.84537E-02, -4.78109E-02, -4.70284E-02, -4.61061E-02, -4.50449E-02, -4.38463E-02, -4.25126E-02, -4.10465E-02, -3.94510E-02, -3.77290E-02, -3.58842E-02, -3.39209E-02, -3.18448E-02, -2.96633E-02, -2.73867E-02, -2.50290E-02, -2.26088E-02, -2.01499E-02, -1.76823E-02, -1.52422E-02, -1.28714E-02, -1.06159E-02, -8.52385E-03, -6.64204E-03, -5.01205E-03, -3.66613E-03, -2.62420E-03, -1.89168E-03, -1.45950E-03, -1.30582E-03, -1.39881E-03, -1.70025E-03, -2.16938E-03, -2.76527E-03, -3.44951E-03, -4.18797E-03, -4.95123E-03, -5.71511E-03, -6.46059E-03, -7.17344E-03, -7.84362E-03, -8.46467E-03, -9.03300E-03, -9.54735E-03, -1.00081E-02, -1.04171E-02, -1.07768E-02, -1.10902E-02, -1.13609E-02, -1.15923E-02, -1.17879E-02, -1.19511E-02, -1.20852E-02, -1.21931E-02,NA,NA,NA,NA,NA,NA,NA,NA,NA,
NA,NA,NA,NA,NA,NA,NA,NA,NA,NA,NA,NA,NA,NA,NA,NA,NA,NA,NA,NA,NA,NA,NA,NA,NA,NA,NA,NA, -5.14443E-02, -5.17176E-02, -5.18796E-02, -5.19195E-02, -5.18277E-02, -5.15960E-02, -5.12173E-02, -5.06868E-02, -5.00011E-02, -4.91588E-02, -4.81597E-02, -4.70051E-02, -4.56967E-02, -4.42372E-02, -4.26289E-02, -4.08743E-02, -3.89759E-02, -3.69358E-02, -3.47568E-02, -3.24427E-02, -2.99992E-02, -2.74352E-02, -2.47639E-02, -2.20043E-02, -1.91829E-02, -1.63342E-02, -1.35021E-02, -1.07390E-02, -8.10511E-03, -5.66454E-03, -3.48162E-03, -1.61415E-03, -1.07228E-04,  1.01197E-03,  1.73725E-03,  2.08366E-03,  2.08406E-03,  1.78487E-03,  1.23958E-03,  5.04533E-04, -3.66113E-04, -1.32319E-03, -2.32381E-03, -3.33256E-03, -4.32167E-03, -5.26985E-03, -6.16262E-03, -6.99034E-03, -7.74786E-03, -8.43334E-03, -9.04749E-03, -9.59278E-03, -1.00729E-02, -1.04922E-02, -1.08555E-02, -1.11677E-02, -1.14337E-02, -1.16580E-02, -1.18450E-02, -1.19987E-02, -1.21229E-02,NA,NA,NA,NA,NA,NA,NA,NA,NA,
NA,NA,NA,NA,NA,NA,NA,NA,NA,NA,NA,NA,NA,NA,NA,NA,NA,NA,NA,NA,NA,NA,NA,NA,NA,NA,NA, -5.32567E-02, -5.37052E-02, -5.40447E-02, -5.42621E-02, -5.43444E-02, -5.42801E-02, -5.40592E-02, -5.36733E-02, -5.31165E-02, -5.23852E-02, -5.14778E-02, -5.03944E-02, -4.91368E-02, -4.77073E-02, -4.61088E-02, -4.43436E-02, -4.24138E-02, -4.03202E-02, -3.80635E-02, -3.56437E-02, -3.30617E-02, -3.03200E-02, -2.74245E-02, -2.43864E-02, -2.12240E-02, -1.79652E-02, -1.46494E-02, -1.13292E-02, -8.07063E-03, -4.95266E-03, -2.06252E-03,  5.09882E-04,NA,NA,NA,NA,  6.49158E-03,  6.26433E-03,  5.67093E-03,  4.78831E-03,  3.69385E-03,  2.45956E-03,  1.14883E-03, -1.85228E-04, -1.50077E-03, -2.76596E-03, -3.95860E-03, -5.06434E-03, -6.07541E-03, -6.98912E-03, -7.80651E-03, -8.53126E-03, -9.16875E-03, -9.72535E-03, -1.02079E-02, -1.06234E-02, -1.09784E-02, -1.12796E-02, -1.15327E-02, -1.17433E-02, -1.19164E-02, -1.20565E-02, -1.21675E-02,NA,NA,NA,NA,NA,NA,NA,NA,
NA,NA,NA,NA,NA,NA,NA,NA,NA,NA,NA,NA,NA,NA,NA,NA,NA,NA,NA,NA,NA,NA,NA,NA,NA,NA, -5.49555E-02, -5.55934E-02, -5.61295E-02, -5.65477E-02, -5.68321E-02, -5.69670E-02, -5.69384E-02, -5.67339E-02, -5.63438E-02, -5.57609E-02, -5.49810E-02, -5.40027E-02, -5.28266E-02, -5.14554E-02, -4.98923E-02, -4.81404E-02, -4.62024E-02, -4.40797E-02, -4.17712E-02, -3.92749E-02, -3.65872E-02, -3.37043E-02, -3.06235E-02, -2.73457E-02, -2.38774E-02, -2.02343E-02, -1.64442E-02, -1.25504E-02, -8.61518E-03,NA,NA,NA,NA,NA,NA,NA,NA,NA,NA,NA,NA,  7.51377E-03,  5.79656E-03,  4.02598E-03,  2.26672E-03,  5.67764E-04, -1.03604E-03, -2.52261E-03, -3.87980E-03, -5.10327E-03, -6.19460E-03, -7.15933E-03, -8.00549E-03, -8.74249E-03, -9.38032E-03, -9.92899E-03, -1.03981E-02, -1.07967E-02, -1.11330E-02, -1.14146E-02, -1.16483E-02, -1.18400E-02, -1.19952E-02, -1.21184E-02, -1.22139E-02,NA,NA,NA,NA,NA,NA,NA,
NA,NA,NA,NA,NA,NA,NA,NA,NA,NA,NA,NA,NA,NA,NA,NA,NA,NA,NA,NA,NA,NA,NA,NA,NA, -5.65015E-02, -5.73378E-02, -5.80842E-02, -5.87225E-02, -5.92338E-02, -5.95985E-02, -5.97980E-02, -5.98150E-02, -5.96343E-02, -5.92441E-02, -5.86357E-02, -5.78045E-02, -5.67491E-02, -5.54713E-02, -5.39747E-02, -5.22640E-02, -5.03433E-02, -4.82156E-02, -4.58811E-02, -4.33371E-02, -4.05773E-02, -3.75929E-02, -3.43732E-02, -3.09077E-02, -2.71888E-02, -2.32153E-02, -1.89964E-02, -1.45569E-02,NA,NA,NA,NA,NA,NA,NA,NA,NA,NA,NA,NA,NA,NA,NA,NA,  7.37768E-03,  5.07558E-03,  2.89720E-03,  8.78467E-04, -9.60827E-04, -2.61348E-03, -4.08152E-03, -5.37326E-03, -6.50097E-03, -7.47887E-03, -8.32185E-03, -9.04467E-03, -9.66130E-03, -1.01847E-02, -1.06265E-02, -1.09973E-02, -1.13064E-02, -1.15619E-02, -1.17711E-02, -1.19402E-02, -1.20746E-02, -1.21790E-02, -1.22575E-02,NA,NA,NA,NA,NA,NA,
NA,NA,NA,NA,NA,NA,NA,NA,NA,NA,NA,NA,NA,NA,NA,NA,NA,NA,NA,NA,NA,NA,NA,NA,NA, -5.88937E-02, -5.98563E-02, -6.07263E-02, -6.14826E-02, -6.21025E-02, -6.25627E-02, -6.28407E-02, -6.29152E-02, -6.27675E-02, -6.23828E-02, -6.17510E-02, -6.08663E-02, -5.97279E-02, -5.83387E-02, -5.67043E-02, -5.48314E-02, -5.27255E-02, -5.03903E-02, -4.78251E-02, -4.50243E-02, -4.19767E-02, -3.86658E-02, -3.50713E-02, -3.11708E-02, -2.69438E-02, -2.23761E-02,NA,NA,NA,NA,NA,NA,NA,NA,NA,NA,NA,NA,NA,NA,NA,NA,NA,NA,NA,  8.28869E-03,  5.51088E-03,  2.98476E-03,  7.23716E-04, -1.27433E-03, -3.02177E-03, -4.53741E-03, -5.84329E-03, -6.96213E-03, -7.91620E-03, -8.72630E-03, -9.41138E-03, -9.98836E-03, -1.04722E-02, -1.08758E-02, -1.12106E-02, -1.14863E-02, -1.17112E-02, -1.18927E-02, -1.20368E-02, -1.21488E-02, -1.22334E-02, -1.22943E-02,NA,NA,NA,NA,NA,
NA,NA,NA,NA,NA,NA,NA,NA,NA,NA,NA,NA,NA,NA,NA,NA,NA,NA,NA,NA,NA,NA,NA,NA, -6.02215E-02, -6.13958E-02, -6.24976E-02, -6.35053E-02, -6.43945E-02, -6.51390E-02, -6.57110E-02, -6.60831E-02, -6.62291E-02, -6.61260E-02, -6.57553E-02, -6.51039E-02, -6.41655E-02, -6.29392E-02, -6.14300E-02, -5.96456E-02, -5.75955E-02, -5.52881E-02, -5.27277E-02, -4.99132E-02, -4.68353E-02, -4.34763E-02, -3.98096E-02, -3.58011E-02, -3.14114E-02, -2.66007E-02,NA,NA,NA,NA,NA,NA,NA,NA,NA,NA,NA,NA,NA,NA,NA,NA,NA,NA,NA,NA,NA,NA,  5.28410E-03,  2.52140E-03,  1.22789E-04, -1.94073E-03, -3.70349E-03, -5.20110E-03, -6.46814E-03, -7.53629E-03, -8.43402E-03, -9.18632E-03, -9.81481E-03, -1.03381E-02, -1.07719E-02, -1.11298E-02, -1.14232E-02, -1.16617E-02, -1.18536E-02, -1.20057E-02, -1.21240E-02, -1.22134E-02, -1.22781E-02, -1.23216E-02,NA,NA,NA,NA,
NA,NA,NA,NA,NA,NA,NA,NA,NA,NA,NA,NA,NA,NA,NA,NA,NA,NA,NA,NA,NA,NA,NA, -6.12912E-02, -6.26611E-02, -6.39812E-02, -6.52309E-02,NA,NA,NA,NA,NA,NA,NA,NA,NA,NA,NA, -6.47287E-02, -6.27843E-02, -6.05444E-02, -5.80203E-02, -5.52190E-02, -5.21384E-02, -4.87657E-02, -4.50746E-02, -4.10252E-02, -3.65645E-02, -3.16292E-02,NA,NA,NA,NA,NA,NA,NA,NA,NA,NA,NA,NA,NA,NA,NA,NA,NA,NA,NA,NA,NA,NA,NA,NA,  4.41320E-03,  1.55475E-03, -8.61513E-04, -2.89229E-03, -4.59247E-03, -6.01182E-03, -7.19412E-03, -8.17729E-03, -8.99344E-03, -9.66958E-03, -1.02284E-02, -1.06887E-02, -1.10663E-02, -1.13743E-02, -1.16237E-02, -1.18237E-02, -1.19818E-02, -1.21046E-02, -1.21974E-02, -1.22647E-02, -1.23102E-02,NA,NA,NA,NA,
NA,NA,NA,NA,NA,NA,NA,NA,NA,NA,NA,NA,NA,NA,NA,NA,NA,NA,NA,NA,NA,NA,NA, -6.36266E-02, -6.51374E-02,NA,NA,NA,NA,NA,NA,NA,NA,NA,NA,NA,NA,NA,NA,NA,NA, -6.08929E-02, -5.78392E-02, -5.44808E-02, -5.08006E-02, -4.67623E-02, -4.23088E-02, -3.73622E-02,NA,NA,NA,NA,NA,NA,NA,NA,NA,NA,NA,NA,NA,NA,NA,NA,NA,NA,NA,NA,NA,NA,NA,NA,NA,NA,  2.98827E-03,  1.85678E-04, -2.12979E-03, -4.03835E-03, -5.60960E-03, -6.90247E-03, -7.96582E-03, -8.83998E-03, -9.55801E-03, -1.01469E-02, -1.06288E-02, -1.10218E-02, -1.13408E-02, -1.15979E-02, -1.18033E-02, -1.19652E-02, -1.20906E-02, -1.21853E-02, -1.22538E-02, -1.23004E-02, -1.23282E-02,NA,NA,NA,
NA,NA,NA,NA,NA,NA,NA,NA,NA,NA,NA,NA,NA,NA,NA,NA,NA,NA,NA,NA,NA,NA, -6.42863E-02,NA,NA,NA,NA,NA,NA,NA,NA,NA,NA,NA,NA,NA,NA,NA,NA,NA,NA,NA,NA, -5.68994E-02, -5.29083E-02, -4.85176E-02, -4.36493E-02,NA,NA,NA,NA,NA,NA,NA,NA,NA,NA,NA,NA,NA,NA,NA,NA,NA,NA,NA,NA,NA,NA,NA,NA,NA,NA,NA,  4.37729E-03,  1.16222E-03, -1.44642E-03, -3.56219E-03, -5.27919E-03, -6.67428E-03, -7.80890E-03, -8.73254E-03, -9.48464E-03, -1.00968E-02, -1.05943E-02, -1.09976E-02, -1.13232E-02, -1.15845E-02, -1.17923E-02, -1.19556E-02, -1.20817E-02, -1.21765E-02, -1.22451E-02, -1.22916E-02, -1.23194E-02,NA,NA,NA,
NA,NA,NA,NA,NA,NA,NA,NA,NA,NA,NA,NA,NA,NA,NA,NA,NA,NA,NA,NA,NA,NA,NA,NA,NA,NA,NA,NA,NA,NA,NA,NA,NA,NA,NA,NA,NA,NA,NA,NA,NA,NA,NA,NA,NA, -5.03006E-02, -4.50237E-02,NA,NA,NA,NA,NA,NA,NA,NA,NA,NA,NA,NA,NA,NA,NA,NA,NA,NA,NA,NA,NA,NA,NA,NA,NA,NA,NA,NA,  2.02145E-03, -8.76589E-04, -3.18865E-03, -5.03804E-03, -6.52148E-03, -7.71469E-03, -8.67648E-03, -9.45288E-03, -1.00800E-02, -1.05862E-02, -1.09940E-02, -1.13216E-02, -1.15831E-02, -1.17902E-02, -1.19523E-02, -1.20770E-02, -1.21705E-02, -1.22378E-02, -1.22832E-02, -1.23101E-02, -1.23214E-02,NA,NA,
NA,NA,NA,NA,NA,NA,NA,NA,NA,NA,NA,NA,NA,NA,NA,NA,NA,NA,NA,NA,NA,NA,NA,NA,NA,NA,NA,NA,NA,NA,NA,NA,NA,NA,NA,NA,NA,NA,NA,NA,NA,NA,NA,NA,NA,NA,NA,NA,NA,NA,NA,NA,NA,NA,NA,NA,NA,NA,NA,NA,NA,NA,NA,NA,NA,NA,NA,NA,NA,NA,NA,NA,NA,NA,NA,  2.71019E-03, -4.56566E-04, -2.94181E-03, -4.90151E-03, -6.45400E-03, -7.68913E-03, -8.67515E-03, -9.46434E-03, -1.00969E-02, -1.06041E-02, -1.10104E-02, -1.13347E-02, -1.15925E-02, -1.17957E-02, -1.19541E-02, -1.20754E-02, -1.21659E-02, -1.22308E-02, -1.22742E-02, -1.22996E-02, -1.23097E-02, -1.23069E-02,NA,
NA,NA,NA,NA,NA,NA,NA,NA,NA,NA,NA,NA,NA,NA,NA,NA,NA,NA,NA,NA,NA,NA,NA,NA,NA,NA,NA,NA,NA,NA,NA,NA,NA,NA,NA,NA,NA,NA,NA,NA,NA,NA,NA,NA,NA,NA,NA,NA,NA,NA,NA,NA,NA,NA,NA,NA,NA,NA,NA,NA,NA,NA,NA,NA,NA,NA,NA,NA,NA,NA,NA,NA,NA,NA,NA,NA, -2.19695E-04, -2.84158E-03, -4.88117E-03, -6.47781E-03, -7.73493E-03, -8.72915E-03, -9.51838E-03, -1.01463E-02, -1.06465E-02, -1.10446E-02, -1.13608E-02, -1.16108E-02, -1.18070E-02, -1.19592E-02, -1.20752E-02, -1.21614E-02, -1.22228E-02, -1.22634E-02, -1.22867E-02, -1.22953E-02, -1.22916E-02,NA,
NA,NA,NA,NA,NA,NA,NA,NA,NA,NA,NA,NA,NA,NA,NA,NA,NA,NA,NA,NA,NA,NA,NA,NA,NA,NA,NA,NA,NA,NA,NA,NA,NA,NA,NA,NA,NA,NA,NA,NA,NA,NA,NA,NA,NA,NA,NA,NA,NA,NA,NA,NA,NA,NA,NA,NA,NA,NA,NA,NA,NA,NA,NA,NA,NA,NA,NA,NA,NA,NA,NA,NA,NA,NA,NA,NA, -1.91289E-04, -2.90009E-03, -4.98151E-03, -6.59340E-03, -7.85023E-03, -8.83561E-03, -9.61160E-03, -1.02246E-02, -1.07096E-02, -1.10934E-02, -1.13966E-02, -1.16351E-02, -1.18214E-02, -1.19653E-02, -1.20745E-02, -1.21552E-02, -1.22122E-02, -1.22495E-02, -1.22703E-02, -1.22772E-02, -1.22723E-02,NA,
NA,NA,NA,NA,NA,NA,NA,NA,NA,NA,NA,NA,NA,NA,NA,NA,NA,NA,NA,NA,NA,NA,NA,NA,NA,NA,NA,NA,NA,NA,NA,NA,NA,NA,NA,NA,NA,NA,NA,NA,NA,NA,NA,NA,NA,NA,NA,NA,NA,NA,NA,NA,NA,NA,NA,NA,NA,NA,NA,NA,NA,NA,NA,NA,NA,NA,NA,NA,NA,NA,NA,NA,NA,NA,NA,NA,NA, -3.11685E-03, -5.19790E-03, -6.79424E-03, -8.02811E-03, -8.98760E-03, -9.73752E-03, -1.03258E-02, -1.07882E-02, -1.11521E-02, -1.14379E-02, -1.16617E-02, -1.18357E-02, -1.19696E-02, -1.20707E-02, -1.21450E-02, -1.21971E-02, -1.22308E-02, -1.22490E-02, -1.22542E-02, -1.22482E-02, -1.22328E-02,
NA,NA,NA,NA,NA,NA,NA,NA,NA,NA,NA,NA,NA,NA,NA,NA,NA,NA,NA,NA,NA,NA,NA,NA,NA,NA,NA,NA,NA,NA,NA,NA,NA,NA,NA,NA,NA,NA,NA,NA,NA,NA,NA,NA,NA,NA,NA,NA,NA,NA,NA,NA,NA,NA,NA,NA,NA,NA,NA,NA,NA,NA,NA,NA,NA,NA,NA,NA,NA,NA,NA,NA,NA,NA,NA,NA,NA, -3.47526E-03, -5.51401E-03, -7.06567E-03, -8.25558E-03, -9.17391E-03, -9.88643E-03, -1.04415E-02, -1.08751E-02, -1.12143E-02, -1.14794E-02, -1.16860E-02, -1.18460E-02, -1.19686E-02, -1.20609E-02, -1.21284E-02, -1.21754E-02, -1.22055E-02, -1.22212E-02, -1.22249E-02, -1.22182E-02, -1.22026E-02,
NA,NA,NA,NA,NA,NA,NA,NA,NA,NA,NA,NA,NA,NA,NA,NA,NA,NA,NA,NA,NA,NA,NA,NA,NA,NA,NA,NA,NA,NA,NA,NA,NA,NA,NA,NA,NA,NA,NA,NA,NA,NA,NA,NA,NA,NA,NA,NA,NA,NA,NA,NA,NA,NA,NA,NA,NA,NA,NA,NA,NA,NA,NA,NA,NA,NA,NA,NA,NA,NA,NA,NA,NA,NA,NA,NA,NA, -3.94064E-03, -5.90202E-03, -7.38492E-03, -8.51407E-03, -9.37920E-03, -1.00456E-02, -1.05611E-02, -1.09613E-02, -1.12724E-02, -1.15145E-02, -1.17024E-02, -1.18475E-02, -1.19584E-02, -1.20418E-02, -1.21026E-02, -1.21448E-02, -1.21716E-02, -1.21854E-02, -1.21880E-02, -1.21810E-02, -1.21658E-02,
NA,NA,NA,NA,NA,NA,NA,NA,NA,NA,NA,NA,NA,NA,NA,NA,NA,NA,NA,NA,NA,NA,NA,NA,NA,NA,NA,NA,NA,NA,NA,NA,NA,NA,NA,NA,NA,NA,NA,NA,NA,NA,NA,NA,NA,NA,NA,NA,NA,NA,NA,NA,NA,NA,NA,NA,NA,NA,NA,NA,NA,NA,NA,NA,NA,NA,NA,NA,NA,NA,NA,NA,NA,NA,NA,NA,NA,NA, -6.32301E-03, -7.72208E-03, -8.78008E-03, -9.58453E-03, -1.01995E-02, -1.06718E-02, -1.10360E-02, -1.13177E-02, -1.15360E-02, -1.17049E-02, -1.18352E-02, -1.19348E-02, -1.20097E-02, -1.20646E-02, -1.21029E-02, -1.21272E-02, -1.21397E-02, -1.21421E-02, -1.21356E-02, -1.21215E-02,
NA,NA,NA,NA,NA,NA,NA,NA,NA,NA,NA,NA,NA,NA,NA,NA,NA,NA,NA,NA,NA,NA,NA,NA,NA,NA,NA,NA,NA,NA,NA,NA,NA,NA,NA,NA,NA,NA,NA,NA,NA,NA,NA,NA,NA,NA,NA,NA,NA,NA,NA,NA,NA,NA,NA,NA,NA,NA,NA,NA,NA,NA,NA,NA,NA,NA,NA,NA,NA,NA,NA,NA,NA,NA,NA,NA,NA,NA, -6.73111E-03, -8.04235E-03, -9.02629E-03, -9.76822E-03, -1.03307E-02, -1.07593E-02, -1.10876E-02, -1.13404E-02, -1.15356E-02, -1.16866E-02, -1.18034E-02, -1.18931E-02, -1.19610E-02, -1.20113E-02, -1.20469E-02, -1.20701E-02, -1.20826E-02, -1.20858E-02, -1.20809E-02, -1.20687E-02,
NA,NA,NA,NA,NA,NA,NA,NA,NA,NA,NA,NA,NA,NA,NA,NA,NA,NA,NA,NA,NA,NA,NA,NA,NA,NA,NA,NA,NA,NA,NA,NA,NA,NA,NA,NA,NA,NA,NA,NA,NA,NA,NA,NA,NA,NA,NA,NA,NA,NA,NA,NA,NA,NA,NA,NA,NA,NA,NA,NA,NA,NA,NA,NA,NA,NA,NA,NA,NA,NA,NA,NA,NA,NA,NA,NA,NA,NA,NA, -8.30864E-03, -9.22367E-03, -9.90701E-03, -1.04201E-02, -1.08080E-02, -1.11033E-02, -1.13298E-02, -1.15047E-02, -1.16405E-02, -1.17463E-02, -1.18284E-02, -1.18917E-02, -1.19395E-02, -1.19744E-02, -1.19981E-02, -1.20123E-02, -1.20178E-02, -1.20157E-02, -1.20066E-02,
NA,NA,NA,NA,NA,NA,NA,NA,NA,NA,NA,NA,NA,NA,NA,NA,NA,NA,NA,NA,NA,NA,NA,NA,NA,NA,NA,NA,NA,NA,NA,NA,NA,NA,NA,NA,NA,NA,NA,NA,NA,NA,NA,NA,NA,NA,NA,NA,NA,NA,NA,NA,NA,NA,NA,NA,NA,NA,NA,NA,NA,NA,NA,NA,NA,NA,NA,NA,NA,NA,NA,NA,NA,NA,NA,NA,NA,NA,NA, -8.48423E-03, -9.34281E-03, -9.97678E-03, -1.04481E-02, -1.08017E-02, -1.10696E-02, -1.12750E-02, -1.14343E-02, -1.15592E-02, -1.16579E-02, -1.17361E-02, -1.17979E-02, -1.18461E-02, -1.18828E-02, -1.19095E-02, -1.19272E-02, -1.19368E-02, -1.19391E-02, -1.19345E-02,
NA,NA,NA,NA,NA,NA,NA,NA,NA,NA,NA,NA,NA,NA,NA,NA,NA,NA,NA,NA,NA,NA,NA,NA,NA,NA,NA,NA,NA,NA,NA,NA,NA,NA,NA,NA,NA,NA,NA,NA,NA,NA,NA,NA,NA,NA,NA,NA,NA,NA,NA,NA,NA,NA,NA,NA,NA,NA,NA,NA,NA,NA,NA,NA,NA,NA,NA,NA,NA,NA,NA,NA,NA,NA,NA,NA,NA,NA,NA,NA, -9.35492E-03, -9.95364E-03, -1.03948E-02, -1.07238E-02, -1.09729E-02, -1.11649E-02, -1.13154E-02, -1.14354E-02, -1.15324E-02, -1.16114E-02, -1.16759E-02, -1.17282E-02, -1.17700E-02, -1.18023E-02, -1.18260E-02, -1.18418E-02, -1.18502E-02, -1.18517E-02,
NA,NA,NA,NA,NA,NA,NA,NA,NA,NA,NA,NA,NA,NA,NA,NA,NA,NA,NA,NA,NA,NA,NA,NA,NA,NA,NA,NA,NA,NA,NA,NA,NA,NA,NA,NA,NA,NA,NA,NA,NA,NA,NA,NA,NA,NA,NA,NA,NA,NA,NA,NA,NA,NA,NA,NA,NA,NA,NA,NA,NA,NA,NA,NA,NA,NA,NA,NA,NA,NA,NA,NA,NA,NA,NA,NA,NA,NA,NA,NA, -9.23216E-03, -9.81385E-03, -1.02400E-02, -1.05577E-02, -1.07997E-02, -1.09883E-02, -1.11390E-02, -1.12620E-02, -1.13641E-02, -1.14499E-02, -1.15223E-02, -1.15831E-02, -1.16338E-02, -1.16750E-02, -1.17076E-02, -1.17320E-02, -1.17486E-02, -1.17578E-02,
NA,NA,NA,NA,NA,NA,NA,NA,NA,NA,NA,NA,NA,NA,NA,NA,NA,NA,NA,NA,NA,NA,NA,NA,NA,NA,NA,NA,NA,NA,NA,NA,NA,NA,NA,NA,NA,NA,NA,NA,NA,NA,NA,NA,NA,NA,NA,NA,NA,NA,NA,NA,NA,NA,NA,NA,NA,NA,NA,NA,NA,NA,NA,NA,NA,NA,NA,NA,NA,NA,NA,NA,NA,NA,NA,NA,NA,NA,NA,NA,NA, -9.53322E-03, -9.96359E-03, -1.02868E-02, -1.05364E-02, -1.07347E-02, -1.08968E-02, -1.10325E-02, -1.11481E-02, -1.12478E-02, -1.13341E-02, -1.14087E-02, -1.14726E-02, -1.15266E-02, -1.15711E-02, -1.16067E-02, -1.16337E-02, -1.16526E-02,
NA,NA,NA,NA,NA,NA,NA,NA,NA,NA,NA,NA,NA,NA,NA,NA,NA,NA,NA,NA,NA,NA,NA,NA,NA,NA,NA,NA,NA,NA,NA,NA,NA,NA,NA,NA,NA,NA,NA,NA,NA,NA,NA,NA,NA,NA,NA,NA,NA,NA,NA,NA,NA,NA,NA,NA,NA,NA,NA,NA,NA,NA,NA,NA,NA,NA,NA,NA,NA,NA,NA,NA,NA,NA,NA,NA,NA,NA,NA,NA,NA, -9.08717E-03, -9.54521E-03, -9.89472E-03, -1.01701E-02, -1.03939E-02, -1.05810E-02, -1.07410E-02, -1.08801E-02, -1.10020E-02, -1.11093E-02, -1.12035E-02, -1.12856E-02, -1.13563E-02, -1.14162E-02, -1.14659E-02, -1.15057E-02, -1.15362E-02,
NA,NA,NA,NA,NA,NA,NA,NA,NA,NA,NA,NA,NA,NA,NA,NA,NA,NA,NA,NA,NA,NA,NA,NA,NA,NA,NA,NA,NA,NA,NA,NA,NA,NA,NA,NA,NA,NA,NA,NA,NA,NA,NA,NA,NA,NA,NA,NA,NA,NA,NA,NA,NA,NA,NA,NA,NA,NA,NA,NA,NA,NA,NA,NA,NA,NA,NA,NA,NA,NA,NA,NA,NA,NA,NA,NA,NA,NA,NA,NA,NA, -8.44960E-03, -8.96408E-03, -9.36549E-03, -9.68877E-03, -9.95706E-03, -1.01853E-02, -1.03831E-02, -1.05568E-02, -1.07104E-02, -1.08465E-02, -1.09667E-02, -1.10722E-02, -1.11641E-02, -1.12430E-02, -1.13097E-02, -1.13647E-02, -1.14089E-02,
NA,NA,NA,NA,NA,NA,NA,NA,NA,NA,NA,NA,NA,NA,NA,NA,NA,NA,NA,NA,NA,NA,NA,NA,NA,NA,NA,NA,NA,NA,NA,NA,NA,NA,NA,NA,NA,NA,NA,NA,NA,NA,NA,NA,NA,NA,NA,NA,NA,NA,NA,NA,NA,NA,NA,NA,NA,NA,NA,NA,NA,NA,NA,NA,NA,NA,NA,NA,NA,NA,NA,NA,NA,NA,NA,NA,NA,NA,NA,NA,NA, -7.59283E-03, -8.19973E-03, -8.68404E-03, -9.08197E-03, -9.41695E-03, -9.70483E-03, -9.95580E-03, -1.01768E-02, -1.03722E-02, -1.05454E-02, -1.06984E-02, -1.08330E-02, -1.09505E-02, -1.10521E-02, -1.11388E-02, -1.12115E-02, -1.12713E-02,
NA,NA,NA,NA,NA,NA,NA,NA,NA,NA,NA,NA,NA,NA,NA,NA,NA,NA,NA,NA,NA,NA,NA,NA,NA,NA,NA,NA,NA,NA,NA,NA,NA,NA,NA,NA,NA,NA,NA,NA,NA,NA,NA,NA,NA,NA,NA,NA,NA,NA,NA,NA,NA,NA,NA,NA,NA,NA,NA,NA,NA,NA,NA,NA,NA,NA,NA,NA,NA,NA,NA,NA,NA,NA,NA,NA,NA,NA,NA,NA,NA,NA, -7.23246E-03, -7.83770E-03, -8.34153E-03, -8.76893E-03, -9.13724E-03, -9.45818E-03, -9.73988E-03, -9.98813E-03, -1.02071E-02, -1.04000E-02, -1.05692E-02, -1.07169E-02, -1.08448E-02, -1.09544E-02, -1.10472E-02, -1.11246E-02,
NA,NA,NA,NA,NA,NA,NA,NA,NA,NA,NA,NA,NA,NA,NA,NA,NA,NA,NA,NA,NA,NA,NA,NA,NA,NA,NA,NA,NA,NA,NA,NA,NA,NA,NA,NA,NA,NA,NA,NA,NA,NA,NA,NA,NA,NA,NA,NA,NA,NA,NA,NA,NA,NA,NA,NA,NA,NA,NA,NA,NA,NA,NA,NA,NA,NA,NA,NA,NA,NA,NA,NA,NA,NA,NA,NA,NA,NA,NA,NA,NA,NA, -6.04656E-03, -6.81751E-03, -7.46335E-03, -8.01193E-03, -8.48331E-03, -8.89207E-03, -9.24859E-03, -9.56069E-03, -9.83424E-03, -1.00739E-02, -1.02832E-02, -1.04654E-02, -1.06229E-02, -1.07582E-02, -1.08733E-02, -1.09699E-02,
NA,NA,NA,NA,NA,NA,NA,NA,NA,NA,NA,NA,NA,NA,NA,NA,NA,NA,NA,NA,NA,NA,NA,NA,NA,NA,NA,NA,NA,NA,NA,NA,NA,NA,NA,NA,NA,NA,NA,NA,NA,NA,NA,NA,NA,NA,NA,NA,NA,NA,NA,NA,NA,NA,NA,NA,NA,NA,NA,NA,NA,NA,NA,NA,NA,NA,NA,NA,NA,NA,NA,NA,NA,NA,NA,NA,NA,NA,NA,NA,NA,NA, -4.63242E-03, -5.62105E-03, -6.44892E-03, -7.14946E-03, -7.74773E-03, -8.26251E-03, -8.70781E-03, -9.09452E-03, -9.43098E-03, -9.72377E-03, -9.97825E-03, -1.01988E-02, -1.03892E-02, -1.05525E-02, -1.06917E-02, -1.08091E-02,
NA,NA,NA,NA,NA,NA,NA,NA,NA,NA,NA,NA,NA,NA,NA,NA,NA,NA,NA,NA,NA,NA,NA,NA,NA,NA,NA,NA,NA,NA,NA,NA,NA,NA,NA,NA,NA,NA,NA,NA,NA,NA,NA,NA,NA,NA,NA,NA,NA,NA,NA,NA,NA,NA,NA,NA,NA,NA,NA,NA,NA,NA,NA,NA,NA,NA,NA,NA,NA,NA,NA,NA,NA,NA,NA,NA,NA,NA,NA,NA,NA,NA, -2.99245E-03, -4.25553E-03, -5.30775E-03, -6.19161E-03, -6.93999E-03, -7.57812E-03, -8.12532E-03, -8.59649E-03, -9.00326E-03, -9.35489E-03, -9.65877E-03, -9.92100E-03, -1.01466E-02, -1.03400E-02, -1.05047E-02, -1.06440E-02,
NA,NA,NA,NA,NA,NA,NA,NA,NA,NA,NA,NA,NA,NA,NA,NA,NA,NA,NA,NA,NA,NA,NA,NA,NA,NA,NA,NA,NA,NA,NA,NA,NA,NA,NA,NA,NA,NA,NA,NA,NA,NA,NA,NA,NA,NA,NA,NA,NA,NA,NA,NA,NA,NA,NA,NA,NA,NA,NA,NA,NA,NA,NA,NA,NA,NA,NA,NA,NA,NA,NA,NA,NA,NA,NA,NA,NA,NA,NA,NA,NA,NA, -1.14574E-03, -2.74090E-03, -4.05863E-03, -5.15533E-03, -6.07510E-03, -6.85193E-03, -7.51197E-03, -8.07572E-03, -8.55878E-03, -8.97361E-03, -9.33014E-03, -9.63645E-03, -9.89914E-03, -1.01238E-02, -1.03150E-02, -1.04769E-02,
NA,NA,NA,NA,NA,NA,NA,NA,NA,NA,NA,NA,NA,NA,NA,NA,NA,NA,NA,NA,NA,NA,NA,NA,NA,NA,NA,NA,NA,NA,NA,NA,NA,NA,NA,NA,NA,NA,NA,NA,NA,NA,NA,NA,NA,NA,NA,NA,NA,NA,NA,NA,NA,NA,NA,NA,NA,NA,NA,NA,NA,NA,NA,NA,NA,NA,NA,NA,NA,NA,NA,NA,NA,NA,NA,NA,NA,NA,NA,NA,NA,NA,NA, -1.11308E-03, -2.73198E-03, -4.06579E-03, -5.17353E-03, -6.10050E-03, -6.88162E-03, -7.54342E-03, -8.10672E-03, -8.58750E-03, -8.99860E-03, -9.35029E-03, -9.65096E-03, -9.90750E-03, -1.01257E-02, -1.03104E-02,
NA,NA,NA,NA,NA,NA,NA,NA,NA,NA,NA,NA,NA,NA,NA,NA,NA,NA,NA,NA,NA,NA,NA,NA,NA,NA,NA,NA,NA,NA,NA,NA,NA,NA,NA,NA,NA,NA,NA,NA,NA,NA,NA,NA,NA,NA,NA,NA,NA,NA,NA,NA,NA,NA,NA,NA,NA,NA,NA,NA,NA,NA,NA,NA,NA,NA,NA,NA,NA,NA,NA,NA,NA,NA,NA,NA,NA,NA,NA,NA,NA,NA,NA,  5.74862E-04, -1.36946E-03, -2.95573E-03, -4.26127E-03, -5.34461E-03, -6.25050E-03, -7.01288E-03, -7.65768E-03, -8.20511E-03, -8.67108E-03, -9.06821E-03, -9.40671E-03, -9.69493E-03, -9.93979E-03, -1.01471E-02,
NA,NA,NA,NA,NA,NA,NA,NA,NA,NA,NA,NA,NA,NA,NA,NA,NA,NA,NA,NA,NA,NA,NA,NA,NA,NA,NA,NA,NA,NA,NA,NA,NA,NA,NA,NA,NA,NA,NA,NA,NA,NA,NA,NA,NA,NA,NA,NA,NA,NA,NA,NA,NA,NA,NA,NA,NA,NA,NA,NA,NA,NA,NA,NA,NA,NA,NA,NA,NA,NA,NA,NA,NA,NA,NA,NA,NA,NA,NA,NA,NA,NA,NA,  2.25406E-03, -2.32136E-05, -1.86484E-03, -3.36852E-03, -4.60761E-03, -5.63696E-03, -6.49826E-03, -7.22295E-03, -7.83554E-03, -8.35491E-03, -8.79613E-03, -9.17125E-03, -9.49006E-03, -9.76061E-03, -9.98955E-03,
NA,NA,NA,NA,NA,NA,NA,NA,NA,NA,NA,NA,NA,NA,NA,NA,NA,NA,NA,NA,NA,NA,NA,NA,NA,NA,NA,NA,NA,NA,NA,NA,NA,NA,NA,NA,NA,NA,NA,NA,NA,NA,NA,NA,NA,NA,NA,NA,NA,NA,NA,NA,NA,NA,NA,NA,NA,NA,NA,NA,NA,NA,NA,NA,NA,NA,NA,NA,NA,NA,NA,NA,NA,NA,NA,NA,NA,NA,NA,NA,NA,NA,NA,NA,  1.24827E-03, -8.36449E-04, -2.52815E-03, -3.91432E-03, -5.06021E-03, -6.01457E-03, -6.81451E-03, -7.48812E-03, -8.05755E-03, -8.54006E-03, -8.94943E-03, -9.29684E-03, -9.59138E-03, -9.84056E-03,
NA,NA,NA,NA,NA,NA,NA,NA,NA,NA,NA,NA,NA,NA,NA,NA,NA,NA,NA,NA,NA,NA,NA,NA,NA,NA,NA,NA,NA,NA,NA,NA,NA,NA,NA,NA,NA,NA,NA,NA,NA,NA,NA,NA,NA,NA,NA,NA,NA,NA,NA,NA,NA,NA,NA,NA,NA,NA,NA,NA,NA,NA,NA,NA,NA,NA,NA,NA,NA,NA,NA,NA,NA,NA,NA,NA,NA,NA,NA,NA,NA,NA,NA,NA,  2.38459E-03,  8.51853E-05, -1.77280E-03, -3.28957E-03, -4.53907E-03, -5.57654E-03, -6.44354E-03, -7.17191E-03, -7.78618E-03, -8.30576E-03, -8.74593E-03, -9.11906E-03, -9.43522E-03, -9.70266E-03,
NA,NA,NA,NA,NA,NA,NA,NA,NA,NA,NA,NA,NA,NA,NA,NA,NA,NA,NA,NA,NA,NA,NA,NA,NA,NA,NA,NA,NA,NA,NA,NA,NA,NA,NA,NA,NA,NA,NA,NA,NA,NA,NA,NA,NA,NA,NA,NA,NA,NA,NA,NA,NA,NA,NA,NA,NA,NA,NA,NA,NA,NA,NA,NA,NA,NA,NA,NA,NA,NA,NA,NA,NA,NA,NA,NA,NA,NA,NA,NA,NA,NA,NA,NA,  3.33013E-03,  8.59716E-04, -1.13259E-03, -2.75603E-03, -4.09098E-03, -5.19748E-03, -6.12065E-03, -6.89508E-03, -7.54741E-03, -8.09852E-03, -8.56502E-03, -8.96022E-03, -9.29499E-03, -9.57820E-03,
NA,NA,NA,NA,NA,NA,NA,NA,NA,NA,NA,NA,NA,NA,NA,NA,NA,NA,NA,NA,NA,NA,NA,NA,NA,NA,NA,NA,NA,NA,NA,NA,NA,NA,NA,NA,NA,NA,NA,NA,NA,NA,NA,NA,NA,NA,NA,NA,NA,NA,NA,NA,NA,NA,NA,NA,NA,NA,NA,NA,NA,NA,NA,NA,NA,NA,NA,NA,NA,NA,NA,NA,NA,NA,NA,NA,NA,NA,NA,NA,NA,NA,NA,NA,  4.04033E-03,  1.45407E-03, -6.32390E-04, -2.33247E-03, -3.73039E-03, -4.88866E-03, -5.85478E-03, -6.66488E-03, -7.34691E-03, -7.92293E-03, -8.41040E-03, -8.82334E-03, -9.17316E-03, -9.46922E-03,
NA,NA,NA,NA,NA,NA,NA,NA,NA,NA,NA,NA,NA,NA,NA,NA,NA, -5.55308E-02,NA,NA,NA,NA,NA,NA,NA,NA,NA,NA,NA,NA,NA,NA,NA,NA,NA,NA,NA,NA,NA,NA,NA,NA,NA,NA,NA,NA,NA,NA,NA,NA,NA,NA,NA,NA,NA,NA,NA,NA,NA,NA,NA,NA,NA,NA,NA,NA,NA,NA,NA,NA,NA,NA,NA,NA,NA,NA,NA,NA,NA,NA,NA,NA,NA,NA,  4.48589E-03,  1.84573E-03, -2.89386E-04, -2.03261E-03, -3.46805E-03, -4.65884E-03, -5.65273E-03, -6.48666E-03, -7.18910E-03, -7.78259E-03, -8.28505E-03, -8.71086E-03, -9.07178E-03, -9.37741E-03,
NA,NA,NA,NA,NA,NA,NA,NA,NA,NA,NA,NA,NA,NA,NA,NA,NA, -5.27354E-02, -5.34135E-02,NA,NA,NA,NA,NA,NA,NA,NA,NA,NA,NA,NA,NA,NA,NA,NA,NA,NA,NA,NA,NA,NA,NA,NA,NA,NA,NA,NA,NA,NA,NA,NA,NA,NA,NA,NA,NA,NA,NA,NA,NA,NA,NA,NA,NA,NA,NA,NA,NA,NA,NA,NA,NA,NA,NA,NA,NA,NA,NA,NA,NA,NA,NA,NA,NA,  4.65561E-03,  2.02457E-03, -1.12663E-04, -1.86399E-03, -3.31031E-03, -4.51299E-03, -5.51889E-03, -6.36413E-03, -7.07703E-03, -7.68005E-03, -8.19108E-03, -8.62456E-03, -8.99232E-03, -9.30403E-03,
NA,NA,NA,NA,NA,NA,NA,NA,NA,NA,NA,NA,NA,NA,NA,NA,NA,NA, -5.04873E-02,NA,NA,NA,NA,NA,NA,NA,NA,NA,NA,NA,NA,NA,NA,NA,NA,NA,NA,NA,NA,NA,NA,NA,NA,NA,NA,NA,NA,NA,NA,NA,NA,NA,NA,NA,NA,NA,NA,NA,NA,NA,NA,NA,NA,NA,NA,NA,NA,NA,NA,NA,NA,NA,NA,NA,NA,NA,NA,NA,NA,NA,NA,NA,NA,  7.71708E-03,  4.55557E-03,  1.99251E-03, -1.02428E-04, -1.82780E-03, -3.25891E-03, -4.45320E-03, -5.45498E-03, -6.29892E-03, -7.01218E-03, -7.61665E-03, -8.12969E-03, -8.56549E-03, -8.93570E-03, -9.24990E-03,
NA,NA,NA,NA,NA,NA,NA,NA,NA,NA,NA,NA,NA,NA,NA,NA,NA,NA, -4.77389E-02,NA,NA,NA,NA,NA,NA,NA,NA,NA,NA,NA,NA,NA,NA,NA,NA,NA,NA,NA,NA,NA,NA,NA,NA,NA,NA,NA,NA,NA,NA,NA,NA,NA,NA,NA,NA,NA,NA,NA,NA,NA,NA,NA,NA,NA,NA,NA,NA,NA,NA,NA,NA,NA,NA,NA,NA,NA,NA,NA,NA,NA,NA,NA,NA,  7.19488E-03,  4.20654E-03,  1.76235E-03, -2.50676E-04, -1.91939E-03, -3.31115E-03, -4.47784E-03, -5.46036E-03, -6.29075E-03, -6.99465E-03, -7.59257E-03, -8.10113E-03, -8.53397E-03, -8.90225E-03, -9.21532E-03,
NA,NA,NA,NA,NA,NA,NA,NA,NA,NA,NA,NA,NA,NA,NA,NA,NA,NA,NA,NA,NA,NA,NA,NA,NA,NA,NA,NA,NA,NA,NA,NA,NA,NA,NA,NA,NA,NA,NA,NA,NA,NA,NA,NA,NA,NA,NA,NA,NA,NA,NA,NA,NA,NA,NA,NA,NA,NA,NA,NA,NA,NA,NA,NA,NA,NA,NA,NA,NA,NA,NA,NA,NA,NA,NA,NA,NA,NA,NA,NA,NA,NA,NA,  6.40592E-03,  3.64052E-03,  1.35537E-03, -5.43151E-04, -2.12905E-03, -3.46027E-03, -4.58241E-03, -5.53182E-03, -6.33762E-03, -7.02293E-03, -7.60683E-03, -8.10478E-03, -8.52956E-03, -8.89173E-03, -9.20015E-03,
NA,NA,NA,NA,NA,NA,NA,NA,NA,NA,NA,NA,NA,NA,NA,NA,NA,NA,NA,NA,NA,NA,NA,NA,NA,NA,NA,NA,NA,NA,NA,NA,NA,NA,NA,NA,NA,NA,NA,NA,NA,NA,NA,NA,NA,NA,NA,NA,NA,NA,NA,NA,NA,NA,NA,NA,NA,NA,NA,NA,NA,NA,NA,NA,NA,NA,NA,NA,NA,NA,NA,NA,NA,NA,NA,NA,NA,NA,NA,NA,NA,NA,  8.41997E-03,  5.40537E-03,  2.89590E-03,  7.98800E-04, -9.60851E-04, -2.44312E-03, -3.69658E-03, -4.75986E-03, -5.66442E-03, -6.43560E-03, -7.09432E-03, -7.65743E-03, -8.13915E-03, -8.55118E-03, -8.90331E-03, -9.20381E-03,
NA,NA,NA,NA,NA,NA,NA,NA,NA,NA,NA,NA,NA,NA,NA,NA,NA,NA,NA,NA,NA,NA,NA,NA,NA,NA,NA,NA,NA,NA,NA,NA,NA,NA,NA,NA,NA,NA,NA,NA,NA,NA,NA,NA,NA,NA,NA,NA,NA,NA,NA,NA,NA,NA,NA,NA,NA,NA,NA,NA,NA,NA,NA,NA,NA,NA,NA,NA,NA,NA,NA,NA,NA,NA,NA,NA,NA,NA,NA,NA,NA,NA,  6.89972E-03,  4.25015E-03,  2.01402E-03,  1.22464E-04, -1.48155E-03, -2.84554E-03, -4.00810E-03, -5.00130E-03, -5.85134E-03, -6.57988E-03, -7.20497E-03, -7.74151E-03, -8.20206E-03, -8.59716E-03, -8.93573E-03, -9.22530E-03,
NA,NA,NA,NA,NA,NA,NA,NA,NA,NA,NA,NA,NA,NA,NA,NA,NA,NA,NA,NA,NA,NA,NA,NA,NA,NA,NA,NA,NA,NA,NA,NA,NA,NA,NA,NA,NA,NA,NA,NA,NA,NA,NA,NA,NA,NA,NA,NA,NA,NA,NA,NA,NA,NA,NA,NA,NA,NA,NA,NA,NA,NA,NA,NA,NA,NA,NA,NA,NA,NA,NA,NA,NA,NA,NA,NA,NA,NA,NA,NA,NA,  7.95109E-03,  5.28178E-03,  2.99469E-03,  1.03588E-03, -6.42673E-04, -2.08233E-03, -3.31863E-03, -4.38172E-03, -5.29669E-03, -6.08497E-03, -6.76452E-03, -7.35040E-03, -7.85551E-03, -8.29074E-03, -8.66535E-03, -8.98728E-03, -9.26330E-03,
NA,NA,NA,NA,NA,NA,NA,NA,NA,NA,NA,NA,NA,NA,NA,NA,NA,NA,NA,NA,NA,NA,NA,NA,NA,NA,NA,NA,NA,NA,NA,NA,NA,NA,NA,NA,NA,NA,NA,NA,NA,NA,NA,NA,NA,NA,NA,NA,NA,NA,NA,NA,NA,NA,NA,NA,NA,NA,NA,NA,NA,NA,NA,NA,NA,NA,NA,NA,NA,NA,NA,NA,NA,NA,NA,NA,NA,NA,NA,NA,NA,  5.85444E-03,  3.62844E-03,  1.68748E-03, -7.92682E-07, -1.46721E-03, -2.74023E-03, -3.84497E-03, -4.80352E-03, -5.63531E-03, -6.35701E-03, -6.98284E-03, -7.52545E-03, -7.99541E-03, -8.40201E-03, -8.75323E-03, -9.05596E-03, -9.31620E-03,
NA,NA,NA,NA,NA,NA,NA,NA,NA,NA,NA,NA,NA,NA,NA,NA,NA,NA,NA,NA,NA,NA,NA,NA,NA,NA,NA,NA,NA,NA,NA,NA,NA,NA,NA,NA,NA,NA,NA,NA,NA,NA,NA,NA,NA,NA,NA,NA,NA,NA,NA,NA,NA,NA,NA,NA,NA,NA,NA,NA,NA,NA,NA,NA,NA,NA,NA,NA,NA,NA,NA,NA,NA,NA,NA,NA,NA,NA,NA,NA,  5.85534E-03,  3.81474E-03,  1.99044E-03,  3.70099E-04, -1.06231E-03, -2.32448E-03, -3.43388E-03, -4.40730E-03, -5.26013E-03, -6.00651E-03, -6.65879E-03, -7.22821E-03, -7.72472E-03, -8.15690E-03, -8.53241E-03, -8.85799E-03, -9.13953E-03,NA,
NA,NA,NA,NA,NA,NA,NA,NA,NA,NA,NA,NA,NA,NA,NA,NA,NA,NA,NA,NA,NA,NA,NA,NA,NA,NA,NA,NA,NA,NA,NA,NA,NA,NA,NA,NA,NA,NA,NA,NA,NA,NA,NA,NA,NA,NA,NA,NA,NA,NA,NA,NA,NA,NA,NA,NA,NA,NA,NA,NA,NA,NA,NA,NA,NA,NA,NA,NA,NA,NA,NA,NA,NA,NA,NA,NA,NA,NA,NA,  5.21853E-03,  3.48333E-03,  1.87621E-03,  4.06674E-04, -9.24035E-04, -2.12078E-03, -3.19106E-03, -4.14413E-03, -4.99020E-03, -5.73884E-03, -6.39984E-03, -6.98212E-03, -7.49386E-03, -7.94275E-03, -8.33552E-03, -8.67834E-03, -8.97672E-03, -9.23558E-03,NA,
NA,NA,NA,NA,NA,NA,NA,NA,NA,NA,NA,NA,NA,NA,NA,NA,NA,NA,NA,NA,NA,NA,NA,NA,NA,NA,NA,NA,NA,NA,NA,NA,NA,NA,NA,NA,NA,NA,NA,NA,NA,NA,NA,NA,NA,NA,NA,NA,NA,NA,NA,NA,NA,NA,NA,NA,NA,NA,NA,NA,NA,NA,NA,NA,NA,NA,NA,NA,NA,NA,NA,NA,NA,NA,NA,NA,NA,  5.26733E-03,  3.94539E-03,  2.61100E-03,  1.30874E-03,  6.77842E-05, -1.09463E-03, -2.16944E-03, -3.15349E-03, -4.04751E-03, -4.85462E-03, -5.57962E-03, -6.22815E-03, -6.80599E-03, -7.31912E-03, -7.77335E-03, -8.17422E-03, -8.52690E-03, -8.83620E-03, -9.10646E-03,NA,NA,
NA,NA,NA,NA,NA,NA,NA,NA,NA,NA,NA,NA,NA,NA,NA,NA,NA,NA,NA,NA,NA,NA,NA,NA,NA,NA,NA,NA,NA,NA,NA,NA,NA,NA,NA,NA,NA,NA,NA,NA,NA,NA,NA,NA,NA,NA,NA,NA,NA,NA,NA,NA,NA,NA,NA,NA,NA,NA,NA,NA,NA,NA,NA,NA,NA,NA,NA,NA,NA,NA,NA,NA,NA,NA,NA,NA,  2.88331E-03,  2.11275E-03,  1.23179E-03,  2.94842E-04, -6.57016E-04, -1.59388E-03, -2.49522E-03, -3.34764E-03, -4.14330E-03, -4.87834E-03, -5.55161E-03, -6.16403E-03, -6.71791E-03, -7.21630E-03, -7.66254E-03, -8.06058E-03, -8.41411E-03, -8.72688E-03, -9.00249E-03, -9.24428E-03,NA,NA,
NA,NA,NA,NA,NA,NA,NA,NA,NA,NA,NA,NA,NA,NA,NA,NA,NA,NA,NA,NA,NA,NA,NA,NA,NA,NA,NA,NA,NA,NA,NA,NA,NA,NA,NA,NA,NA,NA,NA,NA,NA,NA,NA,NA,NA,NA,NA,NA,NA,NA,NA,NA,NA,NA,NA,NA,NA,NA,NA,NA,NA,NA,NA,NA,NA,NA,NA,NA,NA,NA,NA,NA,NA,NA,  1.36145E-04,  1.13531E-04, -1.38079E-04, -5.63898E-04, -1.11308E-03, -1.74172E-03, -2.41394E-03, -3.10177E-03, -3.78435E-03, -4.44649E-03, -5.07788E-03, -5.67172E-03, -6.22432E-03, -6.73369E-03, -7.19975E-03, -7.62343E-03, -8.00618E-03, -8.35020E-03, -8.65782E-03, -8.93155E-03, -9.17392E-03,NA,NA,NA,
NA,NA,NA,NA,NA,NA,NA,NA,NA,NA,NA,NA,NA,NA,NA,NA,NA,NA,NA,NA,NA,NA,NA,NA,NA,NA,NA,NA,NA,NA,NA,NA,NA,NA,NA,NA,NA,NA,NA,NA,NA,NA,NA,NA,NA,NA,NA,NA,NA,NA,NA,NA,NA,NA,NA,NA,NA,NA,NA,NA,NA,NA,NA,NA,NA,NA,NA,NA,NA,NA, -6.03870E-03, -4.84646E-03, -3.90553E-03, -3.23007E-03, -2.81242E-03, -2.62876E-03, -2.64520E-03, -2.82349E-03, -3.12594E-03, -3.51797E-03, -3.96961E-03, -4.45623E-03, -4.95774E-03, -5.45924E-03, -5.94911E-03, -6.41940E-03, -6.86453E-03, -7.28093E-03, -7.66673E-03, -8.02117E-03, -8.34451E-03, -8.63746E-03, -8.90125E-03, -9.13736E-03,NA,NA,NA,NA,
NA,NA,NA,NA,NA,NA,NA,NA,NA,NA,NA,NA,NA,NA,NA,NA,NA,NA,NA,NA,NA,NA,NA,NA,NA,NA,NA,NA,NA,NA,NA,NA,NA,NA,NA,NA,NA,NA,NA,NA,NA,NA,NA,NA,NA,NA,NA,NA,NA,NA,NA,NA,NA,NA,NA,NA,NA,NA,NA,NA,NA,NA,NA,NA,NA,NA,NA, -1.24073E-02, -1.10254E-02, -9.67285E-03, -8.41835E-03, -7.31492E-03, -6.39832E-03, -5.68575E-03, -5.17811E-03, -4.86348E-03, -4.72057E-03, -4.72349E-03, -4.84458E-03, -5.05711E-03, -5.33666E-03, -5.66213E-03, -6.01557E-03, -6.38278E-03, -6.75241E-03, -7.11578E-03, -7.46644E-03, -7.79992E-03, -8.11329E-03, -8.40458E-03, -8.67300E-03, -8.91831E-03, -9.14082E-03, -9.34121E-03,NA,NA,NA,NA,
NA,NA,NA,NA,NA,NA,NA,NA,NA,NA,NA,NA,NA,NA,NA,NA,NA,NA,NA,NA,NA,NA,NA,NA,NA,NA,NA,NA,NA,NA,NA,NA,NA,NA,NA,NA,NA,NA,NA,NA,NA,NA,NA,NA,NA,NA,NA,NA,NA,NA,NA,NA,NA,NA,NA,NA,NA,NA,NA,NA,NA,NA,NA,NA,NA,NA,NA, -1.36173E-02, -1.24762E-02, -1.13204E-02, -1.02151E-02, -9.21038E-03, -8.34131E-03, -7.62767E-03, -7.07632E-03, -6.68285E-03, -6.43527E-03, -6.31610E-03, -6.30555E-03, -6.38326E-03, -6.52986E-03, -6.72770E-03, -6.96118E-03, -7.21747E-03, -7.48581E-03, -7.75761E-03, -8.02626E-03, -8.28681E-03, -8.53542E-03, -8.76973E-03, -8.98804E-03, -9.18944E-03, -9.37353E-03,NA,NA,NA,NA,NA,
NA,NA,NA,NA,NA,NA,NA,NA,NA,NA,NA,NA,NA,NA,NA,NA,NA,NA,NA,NA,NA,NA,NA,NA,NA,NA,NA,NA,NA,NA,NA,NA,NA,NA,NA,NA,NA,NA,NA,NA,NA,NA,NA,NA,NA,NA,NA,NA,NA,NA,NA,NA,NA,NA,NA,NA,NA,NA,NA,NA,NA,NA,NA,NA,NA,NA,NA,NA, -1.34794E-02, -1.25153E-02, -1.15583E-02, -1.06586E-02, -9.85228E-03, -9.16164E-03, -8.59782E-03, -8.16207E-03, -7.84871E-03, -7.64673E-03, -7.54226E-03, -7.52020E-03, -7.56519E-03, -7.66282E-03, -7.80018E-03, -7.96560E-03, -8.14952E-03, -8.34385E-03, -8.54194E-03, -8.73876E-03, -8.93036E-03, -9.11373E-03, -9.28680E-03, -9.44815E-03,NA,NA,NA,NA,NA,NA,
NA,NA,NA,NA,NA,NA,NA,NA,NA,NA,NA,NA,NA,NA,NA,NA,NA,NA,NA,NA,NA,NA,NA,NA,NA,NA,NA,NA,NA,NA,NA,NA,NA,NA,NA,NA,NA,NA,NA,NA,NA,NA,NA,NA,NA,NA,NA,NA,NA,NA,NA,NA,NA,NA,NA,NA,NA,NA,NA,NA,NA,NA,NA,NA,NA,NA,NA,NA, -1.41342E-02, -1.33576E-02, -1.25472E-02, -1.17558E-02, -1.10215E-02, -1.03695E-02, -9.81442E-03, -9.36190E-03, -9.01065E-03, -8.75478E-03, -8.58490E-03, -8.49004E-03, -8.45840E-03, -8.47848E-03, -8.53931E-03, -8.63117E-03, -8.74544E-03, -8.87460E-03, -9.01276E-03, -9.15457E-03, -9.29624E-03, -9.43458E-03, -9.56722E-03,NA,NA,NA,NA,NA,NA,NA,
NA,NA,NA,NA,NA,NA,NA,NA,NA,NA,NA,NA,NA,NA,NA,NA,NA,NA,NA,NA,NA,NA,NA,NA,NA,NA,NA,NA,NA,NA,NA,NA,NA,NA,NA,NA,NA,NA,NA,NA,NA,NA,NA,NA,NA,NA,NA,NA,NA,NA,NA,NA,NA,NA,NA,NA,NA,NA,NA,NA,NA,NA,NA,NA,NA,NA,NA,NA, -1.45217E-02, -1.39267E-02, -1.32596E-02, -1.25769E-02, -1.19196E-02, -1.13160E-02, -1.07836E-02, -1.03317E-02, -9.96255E-03, -9.67390E-03, -9.46011E-03, -9.31337E-03, -9.22489E-03, -9.18550E-03, -9.18638E-03, -9.21918E-03, -9.27642E-03, -9.35151E-03, -9.43889E-03, -9.53374E-03, -9.63217E-03, -9.73105E-03, -9.82790E-03,NA,NA,NA,NA,NA,NA,NA,
NA,NA,NA,NA,NA,NA,NA,NA,NA,NA,NA,NA,NA,NA,NA,NA,NA,NA,NA,NA,NA,NA,NA,NA,NA,NA,NA,NA,NA,NA,NA,NA,NA,NA,NA,NA,NA,NA,NA,NA,NA,NA,NA,NA,NA,NA,NA,NA,NA,NA,NA,NA,NA,NA,NA,NA,NA,NA,NA,NA,NA,NA,NA,NA,NA,NA,NA,NA, -1.47099E-02, -1.42878E-02, -1.37580E-02, -1.31813E-02, -1.26023E-02, -1.20523E-02, -1.15515E-02, -1.11119E-02, -1.07389E-02, -1.04329E-02, -1.01913E-02, -1.00088E-02, -9.87892E-03, -9.79468E-03, -9.74905E-03, -9.73501E-03, -9.74612E-03, -9.77668E-03, -9.82165E-03, -9.87664E-03, -9.93796E-03, -1.00026E-02,NA,NA,NA,NA,NA,NA,NA,NA,
NA,NA,NA,NA,NA,NA,NA,NA,NA,NA,NA,NA,NA,NA,NA,NA,NA,NA,NA,NA,NA,NA,NA,NA,NA,NA,NA,NA,NA,NA,NA,NA,NA,NA,NA,NA,NA,NA,NA,NA,NA,NA,NA,NA,NA,NA,NA,NA,NA,NA,NA,NA,NA,NA,NA,NA,NA,NA,NA,NA,NA,NA,NA,NA,NA,NA,NA,NA,NA, -1.44953E-02, -1.40933E-02, -1.36171E-02, -1.31146E-02, -1.26198E-02, -1.21555E-02, -1.17358E-02, -1.13686E-02, -1.10565E-02, -1.07988E-02, -1.05928E-02, -1.04337E-02, -1.03164E-02, -1.02352E-02, -1.01844E-02, -1.01586E-02, -1.01529E-02, -1.01627E-02, -1.01842E-02, -1.02140E-02,NA,NA,NA,NA,NA,NA,NA,NA,NA,
NA,NA,NA,NA,NA,NA,NA,NA,NA,NA,NA,NA,NA,NA,NA,NA,NA,NA,NA,NA,NA,NA,NA,NA,NA,NA,NA,NA,NA,NA,NA,NA,NA,NA,NA,NA,NA,NA,NA,NA,NA,NA,NA,NA,NA,NA,NA,NA,NA,NA,NA,NA,NA,NA,NA,NA,NA,NA,NA,NA,NA,NA,NA,NA,NA,NA,NA,NA,NA, -1.45941E-02, -1.43073E-02, -1.39233E-02, -1.34928E-02, -1.30523E-02, -1.26263E-02, -1.22310E-02, -1.18757E-02, -1.15652E-02, -1.13004E-02, -1.10801E-02, -1.09013E-02, -1.07602E-02, -1.06524E-02, -1.05732E-02, -1.05183E-02, -1.04833E-02, -1.04643E-02, -1.04579E-02,NA,NA,NA,NA,NA,NA,NA,NA,NA,NA,
NA,NA,NA,NA,NA,NA,NA,NA,NA,NA,NA,NA,NA,NA,NA,NA,NA,NA,NA,NA,NA,NA,NA,NA,NA,NA,NA,NA,NA,NA,NA,NA,NA,NA,NA,NA,NA,NA,NA,NA,NA,NA,NA,NA,NA,NA,NA,NA,NA,NA,NA,NA,NA,NA,NA,NA,NA,NA,NA,NA,NA,NA,NA,NA,NA,NA,NA,NA,NA, -1.46216E-02, -1.44344E-02, -1.41318E-02, -1.37666E-02, -1.33770E-02, -1.29890E-02, -1.26200E-02, -1.22807E-02, -1.19770E-02, -1.17114E-02, -1.14839E-02, -1.12927E-02, -1.11351E-02, -1.10078E-02, -1.09071E-02, -1.08294E-02, -1.07711E-02, -1.07288E-02,NA,NA,NA,NA,NA,NA,NA,NA,NA,NA,NA,
NA,NA,NA,NA,NA,NA,NA,NA,NA,NA,NA,NA,NA,NA,NA,NA,NA,NA,NA,NA,NA,NA,NA,NA,NA,NA,NA,NA,NA,NA,NA,NA,NA,NA,NA,NA,NA,NA,NA,NA,NA,NA,NA,NA,NA,NA,NA,NA,NA,NA,NA,NA,NA,NA,NA,NA,NA,NA,NA,NA,NA,NA,NA,NA,NA,NA,NA,NA,NA, -1.46070E-02, -1.45015E-02, -1.42678E-02, -1.39599E-02, -1.36164E-02, -1.32644E-02, -1.29219E-02, -1.26005E-02, -1.23072E-02, -1.20451E-02, -1.18153E-02, -1.16172E-02, -1.14490E-02, -1.13080E-02, -1.11914E-02, -1.10963E-02,NA,NA,NA,NA,NA,NA,NA,NA,NA,NA,NA,NA,NA,
NA,NA,NA,NA,NA,NA,NA,NA,NA,NA,NA,NA,NA,NA,NA,NA,NA,NA,NA,NA,NA,NA,NA,NA,NA,NA,NA,NA,NA,NA,NA,NA,NA,NA,NA,NA,NA,NA,NA,NA,NA,NA,NA,NA,NA,NA,NA,NA,NA,NA,NA,NA,NA,NA,NA,NA,NA,NA,NA,NA,NA,NA,NA,NA,NA,NA,NA,NA,NA, -1.45723E-02, -1.45294E-02, -1.43512E-02, -1.40913E-02, -1.37883E-02, -1.34691E-02, -1.31521E-02, -1.28494E-02, -1.25683E-02, -1.23128E-02, -1.20846E-02, -1.18838E-02, -1.17092E-02, -1.15591E-02, -1.14312E-02,NA,NA,NA,NA,NA,NA,NA,NA,NA,NA,NA,NA,NA,NA,
NA,NA,NA,NA,NA,NA,NA,NA,NA,NA,NA,NA,NA,NA,NA,NA,NA,NA,NA,NA,NA,NA,NA,NA,NA,NA,NA,NA,NA,NA,NA,NA,NA,NA,NA,NA,NA,NA,NA,NA,NA,NA,NA,NA,NA,NA,NA,NA,NA,NA,NA,NA,NA,NA,NA,NA,NA,NA,NA,NA,NA,NA,NA,NA,NA,NA,NA,NA,NA, -1.45318E-02, -1.45328E-02, -1.43967E-02, -1.41756E-02, -1.39068E-02, -1.36167E-02, -1.33236E-02, -1.30392E-02, -1.27713E-02, -1.25243E-02, -1.23003E-02, -1.20998E-02, -1.19224E-02, -1.17667E-02,NA,NA,NA,NA,NA,NA,NA,NA,NA,NA,NA,NA,NA,NA,NA,
NA,NA,NA,NA,NA,NA,NA,NA,NA,NA,NA,NA,NA,NA,NA,NA,NA,NA,NA,NA,NA,NA,NA,NA,NA,NA,NA,NA,NA,NA,NA,NA,NA,NA,NA,NA,NA,NA,NA,NA,NA,NA,NA,NA,NA,NA,NA,NA,NA,NA,NA,NA,NA,NA,NA,NA,NA,NA,NA,NA,NA,NA,NA,NA,NA,NA,NA,NA,NA, -1.44937E-02, -1.45212E-02, -1.44147E-02, -1.42234E-02, -1.39828E-02, -1.37181E-02, -1.34464E-02, -1.31796E-02, -1.29253E-02, -1.26879E-02, -1.24698E-02, -1.22719E-02,NA,NA,NA,NA,NA,NA,NA,NA,NA,NA,NA,NA,NA,NA,NA,NA,NA,
NA,NA,NA,NA,NA,NA,NA,NA,NA,NA,NA,NA,NA,NA,NA,NA,NA,NA,NA,NA,NA,NA,NA,NA,NA,NA,NA,NA,NA,NA,NA,NA,NA,NA,NA,NA,NA,NA,NA,NA,NA,NA,NA,NA,NA,NA,NA,NA,NA,NA,NA,NA,NA,NA,NA,NA,NA,NA,NA,NA,NA,NA,NA,NA,NA,NA,NA,NA,NA, -1.44605E-02, -1.44999E-02, -1.44121E-02, -1.42427E-02, -1.40247E-02, -1.37814E-02, -1.35291E-02, -1.32787E-02, -1.30377E-02, -1.28105E-02,NA,NA,NA,NA,NA,NA,NA,NA,NA,NA,NA,NA,NA,NA,NA,NA,NA,NA,NA,
NA,NA,NA,NA,NA,NA,NA,NA,NA,NA,NA,NA,NA,NA,NA,NA,NA,NA,NA,NA,NA,NA,NA,NA,NA,NA,NA,NA,NA,NA,NA,NA,NA,NA,NA,NA,NA,NA,NA,NA,NA,NA,NA,NA,NA,NA,NA,NA,NA,NA,NA,NA,NA,NA,NA,NA,NA,NA,NA,NA,NA,NA,NA,NA,NA,NA,NA,NA, -1.42179E-02, -1.44311E-02, -1.44706E-02, -1.43928E-02, -1.42387E-02, -1.40385E-02, -1.38133E-02, -1.35781E-02, -1.33430E-02, -1.31150E-02,NA,NA,NA,NA,NA,NA,NA,NA,NA,NA,NA,NA,NA,NA,NA,NA,NA,NA,NA,NA,
NA,NA,NA,NA,NA,NA,NA,NA,NA,NA,NA,NA,NA,NA,NA,NA,NA,NA,NA,NA,NA,NA,NA,NA,NA,NA,NA,NA,NA,NA,NA,NA,NA,NA,NA,NA,NA,NA,NA,NA,NA,NA,NA,NA,NA,NA,NA,NA,NA,NA,NA,NA,NA,NA,NA,NA,NA,NA,NA,NA,NA,NA,NA,NA,NA,NA,NA,NA, -1.42148E-02, -1.44017E-02, -1.44332E-02, -1.43587E-02, -1.42150E-02, -1.40287E-02, -1.38188E-02,NA,NA,NA,NA,NA,NA,NA,NA,NA,NA,NA,NA,NA,NA,NA,NA,NA,NA,NA,NA,NA,NA,NA,
NA,NA,NA,NA,NA,NA,NA,NA,NA,NA,NA,NA,NA,NA,NA,NA,NA,NA,NA,NA,NA,NA,NA,NA,NA,NA,NA,NA,NA,NA,NA,NA,NA,NA,NA,NA,NA,NA,NA,NA,NA,NA,NA,NA,NA,NA,NA,NA,NA,NA,NA,NA,NA,NA,NA,NA,NA,NA,NA,NA,NA,NA,NA,NA,NA,NA,NA,NA, -1.42129E-02, -1.43677E-02, -1.43860E-02, -1.43105E-02, -1.41737E-02,NA,NA,NA,NA,NA,NA,NA,NA,NA,NA,NA,NA,NA,NA,NA,NA,NA,NA,NA,NA,NA,NA,NA,NA,NA,
NA,NA,NA,NA,NA,NA,NA,NA,NA,NA,NA,NA,NA,NA,NA,NA,NA,NA,NA,NA,NA,NA,NA,NA,NA,NA,NA,NA,NA,NA,NA,NA,NA,NA,NA,NA,NA,NA,NA,NA,NA,NA,NA,NA,NA,NA,NA,NA,NA,NA,NA,NA,NA,NA,NA,NA,NA,NA,NA,NA,NA,NA,NA,NA,NA,NA,NA,NA, -1.42035E-02, -1.43243E-02,NA,NA,NA,NA,NA,NA,NA,NA,NA,NA,NA,NA,NA,NA,NA,NA,NA,NA,NA,NA,NA,NA,NA,NA,NA,NA,NA,NA,
NA,NA,NA,NA,NA,NA,NA,NA,NA,NA,NA,NA,NA,NA,NA,NA,NA,NA,NA,NA,NA,NA,NA,NA,NA,NA,NA,NA,NA,NA,NA,NA,NA,NA,NA,NA,NA,NA,NA,NA,NA,NA,NA,NA,NA,NA,NA,NA,NA,NA,NA,NA,NA,NA,NA,NA,NA,NA,NA,NA,NA,NA,NA,NA,NA,NA,NA,NA,NA,NA,NA,NA,NA,NA,NA,NA,NA,NA,NA,NA,NA,NA,NA,NA,NA,NA,NA,NA,NA,NA,NA,NA,NA,NA,NA,NA,NA,NA,
NA,NA,NA,NA,NA,NA,NA,NA,NA,NA,NA,NA,NA,NA,NA,NA,NA,NA,NA,NA,NA,NA,NA,NA,NA,NA,NA,NA,NA,NA,NA,NA,NA,NA,NA,NA,NA,NA,NA,NA,NA,NA,NA,NA,NA,NA,NA,NA,NA,NA,NA,NA,NA,NA,NA,NA,NA,NA,NA,NA,NA,NA,NA,NA,NA,NA,NA,NA,NA,NA,NA,NA,NA,NA,NA,NA,NA,NA,NA,NA,NA,NA,NA,NA,NA,NA,NA,NA,NA,NA,NA,NA,NA,NA,NA,NA,NA,NA,
NA,NA,NA,NA,NA,NA,NA,NA,NA,NA,NA,NA,NA,NA,NA,NA,NA,NA,NA,NA,NA,NA,NA,NA,NA,NA,NA,NA,NA,NA,NA,NA,NA,NA,NA,NA,NA,NA,NA,NA,NA,NA,NA,NA,NA,NA,NA,NA,NA,NA,NA,NA,NA,NA,NA,NA,NA,NA,NA,NA,NA,NA,NA,NA,NA,NA,NA,NA,NA,NA,NA,NA,NA,NA,NA,NA,NA,NA,NA,NA,NA,NA,NA,NA,NA,NA,NA,NA,NA,NA,NA,NA,NA,NA,NA,NA,NA,NA,
NA,NA,NA,NA,NA,NA,NA,NA,NA,NA,NA,NA,NA,NA,NA,NA,NA,NA,NA,NA,NA,NA,NA,NA,NA,NA,NA,NA,NA,NA,NA,NA,NA,NA,NA,NA,NA,NA,NA,NA,NA,NA,NA,NA,NA,NA,NA,NA,NA,NA,NA,NA,NA,NA,NA,NA,NA,NA,NA,NA,NA,NA,NA,NA,NA,NA,NA,NA,NA,NA,NA,NA,NA,NA,NA,NA,NA,NA,NA,NA,NA,NA,NA,NA,NA,NA,NA,NA,NA,NA,NA,NA,NA,NA,NA,NA,NA,NA,
NA,NA,NA,NA,NA,NA,NA,NA,NA,NA,NA,NA,NA,NA,NA,NA,NA,NA,NA,NA,NA,NA,NA,NA,NA,NA,NA,NA,NA,NA,NA,NA,NA,NA,NA,NA,NA,NA,NA,NA,NA,NA,NA,NA,NA,NA,NA,NA,NA,NA,NA,NA,NA,NA,NA,NA,NA,NA,NA,NA,NA,NA,NA,NA,NA,NA,NA,NA,NA,NA,NA,NA,NA,NA,NA,NA,NA,NA,NA,NA,NA,NA,NA,NA,NA,NA,NA,NA,NA,NA,NA,NA,NA,NA,NA,NA,NA,NA,
NA,NA,NA,NA,NA,NA,NA,NA,NA,NA,NA,NA,NA,NA,NA,NA,NA,NA,NA,NA,NA,NA,NA,NA,NA,NA,NA,NA,NA,NA,NA,NA,NA,NA,NA,NA,NA,NA,NA,NA,NA,NA,NA,NA,NA,NA,NA,NA,NA,NA,NA,NA,NA,NA,NA,NA,NA,NA,NA,NA,NA,NA,NA,NA,NA,NA,NA,NA,NA,NA,NA,NA,NA,NA,NA,NA,NA,NA,NA,NA,NA,NA,NA,NA,NA,NA,NA,NA,NA,NA,NA,NA,NA,NA,NA,NA,NA,NA,
NA,NA,NA,NA,NA,NA,NA,NA,NA,NA,NA,NA,NA,NA,NA,NA,NA,NA,NA,NA,NA,NA,NA,NA,NA,NA,NA,NA,NA,NA,NA,NA,NA,NA,NA,NA,NA,NA,NA,NA,NA,NA,NA,NA,NA,NA,NA,NA,NA,NA,NA,NA,NA,NA,NA,NA,NA,NA,NA,NA,NA,NA,NA,NA,NA,NA,NA,NA,NA,NA,NA,NA,NA,NA,NA,NA,NA,NA,NA,NA,NA,NA,NA,NA,NA,NA,NA,NA,NA,NA,NA,NA,NA,NA,NA,NA,NA,NA,
NA,NA,NA,NA,NA,NA,NA,NA,NA,NA,NA,NA,NA,NA,NA,NA,NA,NA,NA,NA,NA,NA,NA,NA,NA,NA,NA,NA,NA,NA,NA,NA,NA,NA,NA,NA,NA,NA,NA,NA,NA,NA,NA,NA,NA,NA,NA,NA,NA,NA,NA,NA,NA,NA,NA,NA,NA,NA,NA,NA,NA,NA,NA,NA,NA,NA,NA,NA,NA,NA,NA,NA,NA,NA,NA,NA,NA,NA,NA,NA,NA,NA,NA,NA,NA,NA,NA,NA,NA,NA,NA,NA,NA,NA,NA,NA,NA,NA,
NA,NA,NA,NA,NA,NA,NA,NA,NA,NA,NA,NA,NA,NA,NA,NA,NA,NA,NA,NA,NA,NA,NA,NA,NA,NA,NA,NA,NA,NA,NA,NA,NA,NA,NA,NA,NA,NA,NA,NA,NA,NA,NA,NA,NA,NA,NA,NA,NA,NA,NA,NA,NA,NA,NA,NA,NA,NA,NA,NA,NA,NA,NA,NA,NA,NA,NA,NA,NA,NA,NA,NA,NA,NA,NA,NA,NA,NA,NA,NA,NA,NA,NA,NA,NA,NA,NA,NA,NA,NA,NA,NA,NA,NA,NA,NA,NA,NA,
NA,NA,NA,NA,NA,NA,NA,NA,NA,NA,NA,NA,NA,NA,NA,NA,NA,NA,NA,NA,NA,NA,NA,NA,NA,NA,NA,NA,NA,NA,NA,NA,NA,NA,NA,NA,NA,NA,NA,NA,NA,NA,NA,NA,NA,NA,NA,NA,NA,NA,NA,NA,NA,NA,NA,NA,NA,NA,NA,NA,NA,NA,NA,NA,NA,NA,NA,NA,NA,NA,NA,NA,NA,NA,NA,NA,NA,NA,NA,NA,NA,NA,NA,NA,NA,NA,NA,NA,NA,NA,NA,NA,NA,NA,NA,NA,NA,NA,
NA,NA,NA,NA,NA,NA,NA,NA,NA,NA,NA,NA,NA,NA,NA,NA,NA,NA,NA,NA,NA,NA,NA,NA,NA,NA,NA,NA,NA,NA,NA,NA,NA,NA,NA,NA,NA,NA,NA,NA,NA,NA,NA,NA,NA,NA,NA,NA,NA,NA,NA,NA,NA,NA,NA,NA,NA,NA,NA,NA,NA,NA,NA,NA,NA,NA,NA,NA,NA,NA,NA,NA,NA,NA,NA,NA,NA,NA,NA,NA,NA,NA,NA,NA,NA,NA,NA,NA,NA,NA,NA,NA,NA,NA,NA,NA,NA,NA,
NA,NA,NA,NA,NA,NA,NA,NA,NA,NA,NA,NA,NA,NA,NA,NA,NA,NA,NA,NA,NA,NA,NA,NA,NA,NA,NA,NA,NA,NA,NA,NA,NA,NA,NA,NA,NA,NA,NA,NA,NA,NA,NA,NA,NA,NA,NA,NA,NA,NA,NA,NA,NA,NA,NA,NA,NA,NA,NA,NA,NA,NA,NA,NA,NA,NA,NA,NA,NA,NA,NA,NA,NA,NA,NA,NA,NA,NA,NA,NA,NA,NA,NA,NA,NA,NA,NA,NA,NA,NA,NA,NA,NA,NA,NA,NA,NA,NA,
NA,NA,NA,NA,NA,NA,NA,NA,NA,NA,NA,NA,NA,NA,NA,NA,NA,NA,NA,NA,NA,NA,NA,NA,NA,NA,NA,NA,NA,NA,NA,NA,NA,NA,NA,NA,NA,NA,NA,NA,NA,NA,NA,NA,NA,NA,NA,NA,NA,NA,NA,NA,NA,NA,NA,NA,NA,NA,NA,NA,NA,NA,NA,NA,NA,NA,NA,NA,NA,NA,NA,NA,NA,NA,NA,NA,NA,NA,NA,NA,NA,NA,NA,NA,NA,NA,NA,NA,NA,NA,NA,NA,NA,NA,NA,NA,NA,NA,
NA,NA,NA,NA,NA,NA,NA,NA,NA,NA,NA,NA,NA,NA,NA,NA,NA,NA,NA,NA,NA,NA,NA,NA,NA,NA,NA,NA,NA,NA,NA,NA,NA,NA,NA,NA,NA,NA,NA,NA,NA,NA,NA,NA,NA,NA,NA,NA,NA,NA,NA,NA,NA,NA,NA,NA,NA,NA,NA,NA,NA,NA,NA,NA,NA,NA,NA,NA,NA,NA,NA,NA,NA,NA,NA,NA,NA,NA,NA,NA,NA,NA,NA,NA,NA,NA,NA,NA,NA,NA,NA,NA,NA,NA,NA,NA,NA,NA,
NA,NA,NA,NA,NA,NA,NA,NA,NA,NA,NA,NA,NA,NA,NA,NA,NA,NA,NA,NA,NA,NA,NA,NA,NA,NA,NA,NA,NA,NA,NA,NA,NA,NA,NA,NA,NA,NA,NA,NA,NA,NA,NA,NA,NA,NA,NA,NA,NA,NA,NA,NA,NA,NA,NA,NA,NA,NA,NA,NA,NA,NA,NA,NA,NA,NA,NA,NA,NA,NA,NA,NA,NA,NA,NA,NA,NA,NA,NA,NA,NA,NA,NA,NA,NA,NA,NA,NA,NA,NA,NA,NA,NA,NA,NA,NA,NA,NA,
NA,NA,NA,NA,NA,NA,NA,NA,NA,NA,NA,NA,NA,NA,NA,NA,NA,NA,NA,NA,NA,NA,NA,NA,NA,NA,NA,NA,NA,NA,NA,NA,NA,NA,NA,NA,NA,NA,NA,NA,NA,NA,NA,NA,NA,NA,NA,NA,NA,NA,NA,NA,NA,NA,NA,NA,NA,NA,NA,NA,NA,NA,NA,NA,NA,NA,NA,NA,NA,NA,NA,NA,NA,NA,NA,NA,NA,NA,NA,NA,NA,NA,NA,NA,NA,NA,NA,NA,NA,NA,NA,NA,NA,NA,NA,NA,NA,NA,
NA,NA,NA,NA,NA,NA,NA,NA,NA,NA,NA,NA,NA,NA,NA,NA,NA,NA,NA,NA,NA,NA,NA,NA,NA,NA,NA,NA,NA,NA,NA,NA,NA,NA,NA,NA,NA,NA,NA,NA,NA,NA,NA,NA,NA,NA,NA,NA,NA,NA,NA,NA,NA,NA,NA,NA,NA,NA,NA,NA,NA,NA,NA,NA,NA,NA,NA,NA,NA,NA,NA,NA,NA,NA,NA,NA,NA,NA,NA,NA,NA,NA,NA,NA,NA,NA,NA,NA,NA,NA,NA,NA,NA,NA,NA,NA,NA,NA,
NA,NA,NA,NA,NA,NA,NA,NA,NA,NA,NA,NA,NA,NA,NA,NA,NA,NA,NA,NA,NA,NA,NA,NA,NA,NA,NA,NA,NA,NA,NA,NA,NA,NA,NA,NA,NA,NA,NA,NA,NA,NA,NA,NA,NA,NA,NA,NA,NA,NA,NA,NA,NA,NA,NA,NA,NA,NA,NA,NA,NA,NA,NA,NA,NA,NA,NA,NA,NA,NA,NA,NA,NA,NA,NA,NA,NA,NA,NA,NA,NA,NA,NA,NA,NA,NA,NA,NA,NA,NA,NA,NA,NA,NA,NA,NA,NA,NA,
NA,NA,NA,NA,NA,NA,NA,NA,NA,NA,NA,NA,NA,NA,NA,NA,NA,NA,NA,NA,NA,NA,NA,NA,NA,NA,NA,NA,NA,NA,NA,NA,NA,NA,NA,NA,NA,NA,NA,NA,NA,NA,NA,NA,NA,NA,NA,NA,NA,NA,NA,NA,NA,NA,NA,NA,NA,NA,NA,NA,NA,NA,NA,NA,NA,NA,NA,NA,NA,NA,NA,NA,NA,NA,NA,NA,NA,NA,NA,NA,NA,NA,NA,NA,NA,NA,NA,NA,NA,NA,NA,NA,NA,NA,NA,NA,NA,NA,
NA,NA,NA,NA,NA,NA,NA,NA,NA,NA,NA,NA,NA,NA,NA,NA,NA,NA,NA,NA,NA,NA,NA,NA,NA,NA,NA,NA,NA,NA,NA,NA,NA,NA,NA,NA,NA,NA,NA,NA,NA,NA,NA,NA,NA,NA,NA,NA,NA,NA,NA,NA,NA,NA,NA,NA,NA,NA,NA,NA,NA,NA,NA,NA,NA,NA,NA,NA,NA,NA,NA,NA,NA,NA,NA,NA,NA,NA,NA,NA,NA,NA,NA,NA,NA,NA,NA,NA,NA,NA,NA,NA,NA,NA,NA,NA,NA,NA,
NA,NA,NA,NA,NA,NA,NA,NA,NA,NA,NA,NA,NA,NA,NA,NA,NA,NA,NA,NA,NA,NA,NA,NA,NA,NA,NA,NA,NA,NA,NA,NA,NA,NA,NA,NA,NA,NA,NA,NA,NA,NA,NA,NA,NA,NA,NA,NA,NA,NA,NA,NA,NA,NA,NA,NA,NA,NA,NA,NA,NA,NA,NA,NA,NA,NA,NA,NA,NA,NA,NA,NA,NA,NA,NA,NA,NA,NA,NA,NA,NA,NA,NA,NA,NA,NA,NA,NA,NA,NA,NA,NA,NA,NA,NA,NA,NA,NA,
NA,NA,NA,NA,NA,NA,NA,NA,NA,NA,NA,NA,NA,NA,NA,NA,NA,NA,NA,NA,NA,NA,NA,NA,NA,NA,NA,NA,NA,NA,NA,NA,NA,NA,NA,NA,NA,NA,NA,NA,NA,NA,NA,NA,NA,NA,NA,NA,NA,NA,NA,NA,NA,NA,NA,NA,NA,NA,NA,NA,NA,NA,NA,NA,NA,NA,NA,NA,NA,NA,NA,NA,NA,NA,NA,NA,NA,NA,NA,NA,NA,NA,NA,NA,NA,NA,NA,NA,NA,NA,NA,NA,NA,NA,NA,NA,NA,NA,
NA,NA,NA,NA,NA,NA,NA,NA,NA,NA,NA,NA,NA,NA,NA,NA,NA,NA,NA,NA,NA,NA,NA,NA,NA,NA,NA,NA,NA,NA,NA,NA,NA,NA,NA,NA,NA,NA,NA,NA,NA,NA,NA,NA,NA,NA,NA,NA,NA,NA,NA,NA,NA,NA,NA,NA,NA,NA,NA,NA,NA,NA,NA,NA,NA,NA,NA,NA,NA,NA,NA,NA,NA,NA,NA,NA,NA,NA,NA,NA,NA,NA,NA,NA,NA,NA,NA,NA,NA,NA,NA,NA,NA,NA,NA,NA,NA,NA,
NA,NA,NA,NA,NA,NA,NA,NA,NA,NA,NA,NA,NA,NA,NA,NA,NA,NA,NA,NA,NA,NA,NA,NA,NA,NA,NA,NA,NA,NA,NA,NA,NA,NA,NA,NA,NA,NA,NA,NA,NA,NA,NA,NA,NA,NA,NA,NA,NA,NA,NA,NA,NA,NA,NA,NA,NA,NA,NA,NA,NA,NA,NA,NA,NA,NA,NA,NA,NA,NA,NA,NA,NA,NA,NA,NA,NA,NA,NA,NA,NA,NA,NA,NA,NA,NA,NA,NA,NA,NA,NA,NA,NA,NA,NA,NA,NA,NA,
NA,NA,NA,NA,NA,NA,NA,NA,NA,NA,NA,NA,NA,NA,NA,NA,NA,NA,NA,NA,NA,NA,NA,NA,NA,NA,NA,NA,NA,NA,NA,NA,NA,NA,NA,NA,NA,NA,NA,NA,NA,NA,NA,NA,NA,NA,NA,NA,NA,NA,NA,NA,NA,NA,NA,NA,NA,NA,NA,NA,NA,NA,NA,NA,NA,NA,NA,NA,NA,NA,NA,NA,NA,NA,NA,NA,NA,NA,NA,NA,NA,NA,NA,NA,NA,NA,NA,NA,NA,NA,NA,NA,NA,NA,NA,NA,NA,NA,
NA,NA,NA,NA,NA,NA,NA,NA,NA,NA,NA,NA,NA,NA,NA,NA,NA,NA,NA,NA,NA,NA,NA,NA,NA,NA,NA,NA,NA,NA,NA,NA,NA,NA,NA,NA,NA,NA,NA,NA,NA,NA,NA,NA,NA,NA,NA,NA,NA,NA,NA,NA,NA,NA,NA,NA,NA,NA,NA,NA,NA,NA,NA,NA,NA,NA,NA,NA,NA,NA,NA,NA,NA,NA,NA,NA,NA,NA,NA,NA,NA,NA,NA,NA,NA,NA,NA,NA,NA,NA,NA,NA,NA,NA,NA,NA,NA,NA,
NA,NA,NA,NA,NA,NA,NA,NA,NA,NA,NA,NA,NA,NA,NA,NA,NA,NA,NA,NA,NA,NA,NA,NA,NA,NA,NA,NA,NA,NA,NA,NA,NA,NA,NA,NA,NA,NA,NA,NA,NA,NA,NA,NA,NA,NA,NA,NA,NA,NA,NA,NA,NA,NA,NA,NA,NA,NA,NA,NA,NA,NA,NA,NA,NA,NA,NA,NA,NA,NA,NA,NA,NA,NA,NA,NA,NA,NA,NA,NA,NA,NA,NA,NA,NA,NA,NA,NA,NA,NA,NA,NA,NA,NA,NA,NA,NA,NA,
NA,NA,NA,NA,NA,NA,NA,NA,NA,NA,NA,NA,NA,NA,NA,NA,NA,NA,NA,NA,NA,NA,NA,NA,NA,NA,NA,NA,NA,NA,NA,NA,NA,NA,NA,NA,NA,NA,NA,NA,NA,NA,NA,NA,NA,NA,NA,NA,NA,NA,NA,NA,NA,NA,NA,NA,NA,NA,NA,NA,NA,NA,NA,NA,NA,NA,NA,NA,NA,NA,NA,NA,NA,NA,NA,NA,NA,NA,NA,NA,NA,NA,NA,NA,NA,NA,NA,NA,NA,NA,NA,NA,NA,NA,NA,NA,NA,NA,
NA,NA,NA,NA,NA,NA,NA,NA,NA,NA,NA,NA,NA,NA,NA,NA,NA,NA,NA,NA,NA,NA,NA,NA,NA,NA,NA,NA,NA,NA,NA,NA,NA,NA,NA,NA,NA,NA,NA,NA,NA,NA,NA,NA,NA,NA,NA,NA,NA,NA,NA,NA,NA,NA,NA,NA,NA,NA,NA,NA,NA,NA,NA,NA,NA,NA,NA,NA,NA,NA,NA,NA,NA,NA,NA,NA,NA,NA,NA,NA,NA,NA,NA,NA,NA,NA,NA,NA,NA,NA,NA,NA,NA,NA,NA,NA,NA,NA,
NA,NA,NA,NA,NA,NA,NA,NA,NA,NA,NA,NA,NA,NA,NA,NA,NA,NA,NA,NA,NA,NA,NA,NA,NA,NA,NA,NA,NA,NA,NA,NA,NA,NA,NA,NA,NA,NA,NA,NA,NA,NA,NA,NA,NA,NA,NA,NA,NA,NA,NA,NA,NA,NA,NA,NA,NA,NA,NA,NA,NA,NA,NA,NA,NA,NA,NA,NA,NA,NA,NA,NA,NA,NA,NA,NA,NA,NA,NA,NA,NA,NA,NA,NA,NA,NA,NA,NA,NA,NA,NA,NA,NA,NA,NA,NA,NA,NA,
NA,NA,NA,NA,NA,NA,NA,NA,NA,NA,NA,NA,NA,NA,NA,NA,NA,NA,NA,NA,NA,NA,NA,NA,NA,NA,NA,NA,NA,NA,NA,NA,NA,NA,NA,NA,NA,NA,NA,NA,NA,NA,NA,NA,NA,NA,NA,NA,NA,NA,NA,NA,NA,NA,NA,NA,NA,NA,NA,NA,NA,NA,NA,NA,NA,NA,NA,NA,NA,NA,NA,NA,NA,NA,NA,NA,NA,NA,NA,NA,NA,NA,NA,NA,NA,NA,NA,NA,NA,NA,NA,NA,NA,NA,NA,NA,NA,NA,
NA,NA,NA,NA,NA,NA,NA,NA,NA,NA,NA,NA,NA,NA,NA,NA,NA,NA,NA,NA,NA,NA,NA,NA,NA,NA,NA,NA,NA,NA,NA,NA,NA,NA,NA,NA,NA,NA,NA,NA,NA,NA,NA,NA,NA,NA,NA,NA,NA,NA,NA,NA,NA,NA,NA,NA,NA,NA,NA,NA,NA,NA,NA,NA,NA,NA,NA,NA,NA,NA,NA,NA,NA,NA,NA,NA,NA,NA,NA,NA,NA,NA,NA,NA,NA,NA,NA,NA,NA,NA,NA,NA,NA,NA,NA,NA,NA,NA,
