NA,NA,NA,NA,NA,NA,NA,NA,NA,NA,NA,NA,NA,NA,NA,NA,NA,NA,NA,NA,NA,NA,NA,  3.19097E-03,  3.21168E-03,  3.23471E-03,  3.26024E-03,  3.28838E-03,  3.31909E-03,  3.35225E-03,  3.38755E-03,  3.42455E-03,  3.46260E-03,  3.50089E-03,  3.53841E-03,  3.57395E-03,  3.60616E-03,  3.63352E-03,  3.65442E-03,  3.66715E-03,  3.66999E-03,  3.66126E-03,  3.63935E-03,  3.60279E-03,  3.55033E-03,  3.48093E-03,  3.39386E-03,  3.28870E-03,  3.16535E-03,  3.02406E-03,  2.86539E-03,  2.69019E-03,  2.49961E-03,  2.29500E-03,  2.07792E-03,  1.85005E-03,NA,NA,NA,NA,NA,NA,NA,NA,NA,NA,NA,NA,NA,NA,NA,NA,NA,NA,NA,NA,NA,NA,NA,NA,NA,NA,NA,NA,NA,NA,NA,NA,NA,NA,NA,
NA,NA,NA,NA,NA,NA,NA,NA,NA,NA,NA,NA,NA,NA,NA,NA,NA,NA,NA,NA,NA,  3.29199E-03,  3.31099E-03,  3.33223E-03,  3.35610E-03,  3.38293E-03,  3.41301E-03,  3.44651E-03,  3.48350E-03,  3.52389E-03,  3.56743E-03,  3.61365E-03,  3.66189E-03,  3.71125E-03,  3.76059E-03,  3.80856E-03,  3.85356E-03,  3.89383E-03,  3.92746E-03,  3.95241E-03,  3.96662E-03,  3.96805E-03,  3.95474E-03,  3.92492E-03,  3.87702E-03,  3.80980E-03,  3.72234E-03,  3.61412E-03,  3.48501E-03,  3.33528E-03,  3.16563E-03,  2.97706E-03,  2.77095E-03,  2.54891E-03,  2.31279E-03,  2.06459E-03,  1.80640E-03,  1.54037E-03,NA,NA,NA,NA,NA,NA,NA,NA,NA,NA,NA,NA,NA,NA,NA,NA,NA,NA,NA,NA,NA,NA,NA,NA,NA,NA,NA,NA,NA,NA,NA,NA,NA,
NA,NA,NA,NA,NA,NA,NA,NA,NA,NA,NA,NA,NA,NA,NA,NA,NA,NA,NA,  3.39770E-03,  3.41484E-03,  3.43365E-03,  3.45465E-03,  3.47838E-03,  3.50533E-03,  3.53599E-03,  3.57075E-03,  3.60991E-03,  3.65364E-03,  3.70192E-03,  3.75457E-03,  3.81113E-03,  3.87091E-03,  3.93295E-03,  3.99598E-03,  4.05844E-03,  4.11850E-03,  4.17410E-03,  4.22297E-03,  4.26267E-03,  4.29072E-03,  4.30465E-03,  4.30207E-03,  4.28080E-03,  4.23894E-03,  4.17494E-03,  4.08767E-03,  3.97649E-03,  3.84122E-03,  3.68220E-03,  3.50024E-03,  3.29659E-03,  3.07289E-03,  2.83107E-03,  2.57336E-03,  2.30210E-03,  2.01978E-03,  1.72890E-03,  1.43194E-03,  1.13131E-03,NA,NA,NA,NA,NA,NA,NA,NA,NA,NA,NA,NA,NA,NA,NA,NA,NA,NA,NA,NA,NA,NA,NA,NA,NA,NA,NA,NA,NA,NA,NA,
NA,NA,NA,NA,NA,NA,NA,NA,NA,NA,NA,NA,NA,NA,NA,NA,NA,NA,  3.52530E-03,  3.54222E-03,  3.56045E-03,  3.58061E-03,  3.60335E-03,  3.62933E-03,  3.65922E-03,  3.69364E-03,  3.73314E-03,  3.77818E-03,  3.82905E-03,  3.88587E-03,  3.94852E-03,  4.01661E-03,  4.08944E-03,  4.16597E-03,  4.24479E-03,  4.32415E-03,  4.40194E-03,  4.47572E-03,  4.54280E-03,  4.60029E-03,  4.64517E-03,  4.67443E-03,  4.68517E-03,  4.67471E-03,  4.64070E-03,  4.58122E-03,  4.49489E-03,  4.38089E-03,  4.23902E-03,  4.06968E-03,  3.87386E-03,  3.65309E-03,  3.40934E-03,  3.14498E-03,  2.86264E-03,  2.56515E-03,  2.25544E-03,  1.93644E-03,  1.61103E-03,  1.28201E-03,  9.51972E-04,  6.23352E-04,NA,NA,NA,NA,NA,NA,NA,NA,NA,NA,NA,NA,NA,NA,NA,NA,NA,NA,NA,NA,NA,NA,NA,NA,NA,NA,NA,NA,NA,
NA,NA,NA,NA,NA,NA,NA,NA,NA,NA,NA,NA,NA,NA,NA,NA,  3.64206E-03,  3.65865E-03,  3.67541E-03,  3.69294E-03,  3.71190E-03,  3.73304E-03,  3.75714E-03,  3.78503E-03,  3.81756E-03,  3.85554E-03,  3.89971E-03,  3.95073E-03,  4.00909E-03,  4.07505E-03,  4.14862E-03,  4.22950E-03,  4.31700E-03,  4.41004E-03,  4.50706E-03,  4.60609E-03,  4.70470E-03,  4.80004E-03,  4.88889E-03,  4.96780E-03,  5.03313E-03,  5.08119E-03,  5.10843E-03,  5.11153E-03,  5.08761E-03,  5.03427E-03,  4.94981E-03,  4.83321E-03,  4.68421E-03,  4.50334E-03,  4.29180E-03,  4.05147E-03,  3.78477E-03,  3.49457E-03,  3.18405E-03,  2.85660E-03,  2.51568E-03,  2.16475E-03,  1.80719E-03,  1.44619E-03,  1.08473E-03,  7.25565E-04,  3.71163E-04,NA,NA,NA,NA,NA,NA,NA,NA,NA,NA,NA,NA,NA,NA,NA,NA,NA,NA,NA,NA,NA,NA,NA,NA,NA,NA,NA,NA,
NA,NA,NA,NA,NA,NA,NA,NA,NA,NA,NA,NA,NA,NA,NA,  3.78103E-03,  3.79857E-03,  3.81556E-03,  3.83258E-03,  3.85031E-03,  3.86954E-03,  3.89114E-03,  3.91608E-03,  3.94537E-03,  3.98008E-03,  4.02124E-03,  4.06987E-03,  4.12684E-03,  4.19289E-03,  4.26851E-03,  4.35389E-03,  4.44886E-03,  4.55279E-03,  4.66456E-03,  4.78250E-03,  4.90440E-03,  5.02744E-03,  5.14831E-03,  5.26319E-03,  5.36791E-03,  5.45806E-03,  5.52915E-03,  5.57678E-03,  5.59686E-03,  5.58578E-03,  5.54061E-03,  5.45919E-03,  5.34028E-03,  5.18356E-03,  4.98969E-03,  4.76018E-03,  4.49737E-03,  4.20423E-03,  3.88427E-03,  3.54135E-03,  3.17954E-03,  2.80297E-03,  2.41572E-03,  2.02171E-03,  1.62464E-03,  1.22791E-03,  8.34623E-04,  4.47524E-04,  6.90306E-05, -2.98779E-04,NA,NA,NA,NA,NA,NA,NA,NA,NA,NA,NA,NA,NA,NA,NA,NA,NA,NA,NA,NA,NA,NA,NA,NA,NA,NA,
NA,NA,NA,NA,NA,NA,NA,NA,NA,NA,NA,NA,NA,  3.90523E-03,  3.92630E-03,  3.94560E-03,  3.96353E-03,  3.98061E-03,  3.99747E-03,  4.01489E-03,  4.03379E-03,  4.05520E-03,  4.08027E-03,  4.11026E-03,  4.14646E-03,  4.19023E-03,  4.24284E-03,  4.30552E-03,  4.37930E-03,  4.46498E-03,  4.56298E-03,  4.67334E-03,  4.79555E-03,  4.92850E-03,  5.07041E-03,  5.21882E-03,  5.37052E-03,  5.52161E-03,  5.66758E-03,  5.80341E-03,  5.92371E-03,  6.02298E-03,  6.09579E-03,  6.13706E-03,  6.14229E-03,  6.10779E-03,  6.03089E-03,  5.91004E-03,  5.74489E-03,  5.53624E-03,  5.28605E-03,  4.99722E-03,  4.67344E-03,  4.31904E-03,  3.93871E-03,  3.53737E-03,  3.11995E-03,  2.69126E-03,  2.25588E-03,  1.81807E-03,  1.38172E-03,  9.50288E-04,  5.26840E-04,  1.14010E-04, -2.85961E-04, -6.71214E-04,NA,NA,NA,NA,NA,NA,NA,NA,NA,NA,NA,NA,NA,NA,NA,NA,NA,NA,NA,NA,NA,NA,NA,NA,NA,
NA,NA,NA,NA,NA,NA,NA,NA,NA,NA,NA,NA,  4.05303E-03,  4.07773E-03,  4.09990E-03,  4.11981E-03,  4.13789E-03,  4.15468E-03,  4.17088E-03,  4.18737E-03,  4.20520E-03,  4.22558E-03,  4.24988E-03,  4.27960E-03,  4.31637E-03,  4.36185E-03,  4.41772E-03,  4.48559E-03,  4.56688E-03,  4.66278E-03,  4.77408E-03,  4.90108E-03,  5.04348E-03,  5.20024E-03,  5.36954E-03,  5.54862E-03,  5.73386E-03,  5.92072E-03,  6.10382E-03,  6.27712E-03,  6.43406E-03,  6.56785E-03,  6.67175E-03,  6.73943E-03,  6.76524E-03,  6.74456E-03,  6.67404E-03,  6.55175E-03,  6.37728E-03,  6.15171E-03,  5.87751E-03,  5.55835E-03,  5.19887E-03,  4.80440E-03,  4.38069E-03,  3.93371E-03,  3.46934E-03,  2.99328E-03,  2.51088E-03,  2.02702E-03,  1.54613E-03,  1.07207E-03,  6.08229E-04,  1.57457E-04, -2.77854E-04, -6.95759E-04, -1.09471E-03,NA,NA,NA,NA,NA,NA,NA,NA,NA,NA,NA,NA,NA,NA,NA,NA,NA,NA,NA,NA,NA,NA,NA,NA,
NA,NA,NA,NA,NA,NA,NA,NA,NA,NA,NA,  4.20511E-03,  4.23474E-03,  4.26113E-03,  4.28439E-03,  4.30480E-03,  4.32276E-03,  4.33884E-03,  4.35381E-03,  4.36863E-03,  4.38449E-03,  4.40280E-03,  4.42515E-03,  4.45337E-03,  4.48942E-03,  4.53539E-03,  4.59340E-03,  4.66556E-03,  4.75379E-03,  4.85978E-03,  4.98480E-03,  5.12956E-03,  5.29406E-03,  5.47744E-03,  5.67784E-03,  5.89232E-03,  6.11676E-03,  6.34588E-03,  6.57333E-03,  6.79179E-03,  6.99326E-03,  7.16934E-03,  7.31166E-03,  7.41224E-03,  7.46398E-03,  7.46106E-03,  7.39924E-03,  7.27614E-03,  7.09128E-03,  6.84612E-03,  6.54383E-03,  6.18910E-03,  5.78775E-03,  5.34644E-03,  4.87224E-03,  4.37239E-03,  3.85395E-03,  3.32366E-03,  2.78774E-03,  2.25181E-03,  1.72084E-03,  1.19917E-03,  6.90473E-04,  1.97821E-04, -2.76266E-04, -7.29785E-04, -1.16119E-03, -1.56934E-03,NA,NA,NA,NA,NA,NA,NA,NA,NA,NA,NA,NA,NA,NA,NA,NA,NA,NA,NA,NA,NA,NA,NA,
NA,NA,NA,NA,NA,NA,NA,NA,NA,NA,  4.36029E-03,  4.39630E-03,  4.42845E-03,  4.45670E-03,  4.48113E-03,  4.50193E-03,  4.51951E-03,  4.53442E-03,  4.54750E-03,  4.55978E-03,  4.57259E-03,  4.58753E-03,  4.60649E-03,  4.63161E-03,  4.66527E-03,  4.71004E-03,  4.76860E-03,  4.84365E-03,  4.93776E-03,  5.05327E-03,  5.19207E-03,  5.35545E-03,  5.54385E-03,  5.75673E-03,  5.99230E-03,  6.24746E-03,  6.51759E-03,  6.79660E-03,  7.07696E-03,  7.34986E-03,  7.60549E-03,  7.83345E-03,  8.02324E-03,  8.16482E-03,  8.24920E-03,  8.26897E-03,  8.21879E-03,  8.09566E-03,  7.89908E-03,  7.63101E-03,  7.29560E-03,  6.89884E-03,  6.44814E-03,  5.95182E-03,  5.41863E-03,  4.85737E-03,  4.27654E-03,  3.68408E-03,  3.08722E-03,  2.49239E-03,  1.90518E-03,  1.33037E-03,  7.71926E-04,  2.33127E-04, -2.83423E-04, -7.75698E-04, -1.24219E-03, -1.68185E-03, -2.09401E-03,NA,NA,NA,NA,NA,NA,NA,NA,NA,NA,NA,NA,NA,NA,NA,NA,NA,NA,NA,NA,NA,NA,
NA,NA,NA,NA,NA,NA,NA,NA,NA,  4.51698E-03,  4.56089E-03,  4.60049E-03,  4.63556E-03,  4.66596E-03,  4.69166E-03,  4.71281E-03,  4.72975E-03,  4.74303E-03,  4.75347E-03,  4.76222E-03,  4.77070E-03,  4.78075E-03,  4.79451E-03,  4.81452E-03,  4.84363E-03,  4.88496E-03,  4.94187E-03,  5.01777E-03,  5.11607E-03,  5.23990E-03,  5.39201E-03,  5.57443E-03,  5.78829E-03,  6.03351E-03,  6.30856E-03,  6.61023E-03,  6.93346E-03,  7.27125E-03,  7.61472E-03,  7.95323E-03,  8.27476E-03,  8.56639E-03,  8.81492E-03,  9.00762E-03,  9.13304E-03,  9.18172E-03,  9.14685E-03,  9.02469E-03,  8.81472E-03,  8.51960E-03,  8.14479E-03,  7.69807E-03,  7.18888E-03,  6.62768E-03,  6.02535E-03,  5.39262E-03,  4.73968E-03,  4.07591E-03,  3.40967E-03,  2.74827E-03,  2.09796E-03,  1.46392E-03,  8.50429E-04,  2.60891E-04, -3.02042E-04, -8.36378E-04, -1.34070E-03, -1.81409E-03, -2.25605E-03, -2.66646E-03,NA,NA,NA,NA,NA,NA,NA,NA,NA,NA,NA,NA,NA,NA,NA,NA,NA,NA,NA,NA,NA,
NA,NA,NA,NA,NA,NA,NA,NA,  4.67330E-03,  4.72659E-03,  4.77536E-03,  4.81918E-03,  4.85768E-03,  4.89062E-03,  4.91783E-03,  4.93937E-03,  4.95546E-03,  4.96662E-03,  4.97366E-03,  4.97774E-03,  4.98043E-03,  4.98373E-03,  4.99012E-03,  5.00253E-03,  5.02432E-03,  5.05931E-03,  5.11160E-03,  5.18552E-03,  5.28544E-03,  5.41559E-03,  5.57974E-03,  5.78099E-03,  6.02139E-03,  6.30160E-03,  6.62054E-03,  6.97506E-03,  7.35973E-03,  7.76658E-03,  8.18518E-03,  8.60273E-03,  9.00449E-03,  9.37433E-03,  9.69561E-03,  9.95212E-03,  1.01292E-02,  1.02146E-02,  1.01997E-02,  1.00797E-02,  9.85426E-03,  9.52688E-03,  9.10487E-03,  8.59837E-03,  8.01951E-03,  7.38154E-03,  6.69797E-03,  5.98191E-03,  5.24559E-03,  4.50003E-03,  3.75487E-03,  3.01835E-03,  2.29734E-03,  1.59747E-03,  9.23203E-04,  2.78037E-04, -3.35407E-04, -9.15242E-04, -1.46021E-03, -1.96958E-03, -2.44309E-03, -2.88084E-03, -3.28327E-03,NA,NA,NA,NA,NA,NA,NA,NA,NA,NA,NA,NA,NA,NA,NA,NA,NA,NA,NA,NA,
NA,NA,NA,NA,NA,NA,NA,  4.82704E-03,  4.89112E-03,  4.95070E-03,  5.00519E-03,  5.05401E-03,  5.09665E-03,  5.13268E-03,  5.16179E-03,  5.18386E-03,  5.19900E-03,  5.20760E-03,  5.21041E-03,  5.20860E-03,  5.20382E-03,  5.19825E-03,  5.19465E-03,  5.19639E-03,  5.20744E-03,  5.23234E-03,  5.27611E-03,  5.34416E-03,  5.44207E-03,  5.57538E-03,  5.74926E-03,  5.96816E-03,  6.23542E-03,  6.55277E-03,  6.91991E-03,  7.33400E-03,  7.78934E-03,  8.27703E-03,  8.78489E-03,  9.29756E-03,  9.79695E-03,  1.02629E-02,  1.06744E-02,  1.10107E-02,  1.12527E-02,  1.13848E-02,  1.13958E-02,  1.12796E-02,  1.10358E-02,  1.06696E-02,  1.01906E-02,  9.61224E-03,  8.95009E-03,  8.22099E-03,  7.44180E-03,  6.62854E-03,  5.79583E-03,  4.95656E-03,  4.12178E-03,  3.30067E-03,  2.50071E-03,  1.72786E-03,  9.86733E-04,  2.80790E-04, -3.87459E-04, -1.01632E-03, -1.60477E-03, -2.15235E-03, -2.65908E-03, -3.12538E-03, -3.55197E-03, -3.93989E-03,NA,NA,NA,NA,NA,NA,NA,NA,NA,NA,NA,NA,NA,NA,NA,NA,NA,NA,NA,
NA,NA,NA,NA,NA,NA,  4.97588E-03,  5.05193E-03,  5.12381E-03,  5.19076E-03,  5.25204E-03,  5.30687E-03,  5.35456E-03,  5.39445E-03,  5.42604E-03,  5.44898E-03,  5.46319E-03,  5.46887E-03,  5.46667E-03,  5.45767E-03,  5.44355E-03,  5.42664E-03,  5.40998E-03,  5.39737E-03,  5.39342E-03,  5.40351E-03,  5.43372E-03,  5.49072E-03,  5.58157E-03,  5.71343E-03,  5.89324E-03,  6.12725E-03,  6.42051E-03,  6.77630E-03,  7.19550E-03,  7.67599E-03,  8.21203E-03,  8.79386E-03,  9.40739E-03,  1.00343E-02,  1.06524E-02,  1.12366E-02,  1.17600E-02,  1.21960E-02,NA,NA,  1.27556E-02,  1.26450E-02,  1.23796E-02,  1.19662E-02,  1.14181E-02,  1.07528E-02,  9.99076E-03,  9.15332E-03,  8.26151E-03,  7.33491E-03,  6.39094E-03,  5.44458E-03,  4.50831E-03,  3.59227E-03,  2.70446E-03,  1.85105E-03,  1.03664E-03,  2.64582E-04, -4.62874E-04, -1.14432E-03, -1.77908E-03, -2.36703E-03, -2.90856E-03, -3.40445E-03, -3.85581E-03, -4.26401E-03, -4.63068E-03,NA,NA,NA,NA,NA,NA,NA,NA,NA,NA,NA,NA,NA,NA,NA,NA,NA,NA,
NA,NA,NA,NA,NA,NA,  5.20636E-03,  5.29175E-03,  5.37272E-03,  5.44836E-03,  5.51773E-03,  5.57985E-03,  5.63376E-03,  5.67857E-03,  5.71349E-03,  5.73789E-03,  5.75140E-03,  5.75398E-03,  5.74604E-03,  5.72853E-03,  5.70307E-03,  5.67205E-03,  5.63875E-03,  5.60741E-03,  5.58329E-03,  5.57270E-03,  5.58291E-03,  5.62207E-03,  5.69902E-03,  5.82293E-03,  6.00293E-03,  6.24758E-03,  6.56426E-03,  6.95836E-03,  7.43257E-03,  7.98597E-03,  8.61322E-03,  9.30388E-03,  1.00419E-02,NA,NA,NA,NA,NA,NA,NA,NA,NA,NA,NA,NA,  1.20332E-02,  1.11511E-02,  1.01848E-02,  9.16053E-03,  8.10204E-03,  7.03001E-03,  5.96167E-03,  4.91099E-03,  3.88890E-03,  2.90380E-03,  1.96188E-03,  1.06759E-03,  2.23946E-04, -5.67154E-04, -1.30473E-03, -1.98854E-03, -2.61890E-03, -3.19665E-03, -3.72300E-03, -4.19950E-03, -4.62794E-03, -5.01037E-03, -5.34897E-03,NA,NA,NA,NA,NA,NA,NA,NA,NA,NA,NA,NA,NA,NA,NA,NA,NA,
NA,NA,NA,NA,NA,  5.35172E-03,  5.45151E-03,  5.54770E-03,  5.63929E-03,  5.72520E-03,  5.80426E-03,  5.87524E-03,  5.93691E-03,  5.98804E-03,  6.02750E-03,  6.05428E-03,  6.06765E-03,  6.06719E-03,  6.05297E-03,  6.02569E-03,  5.98678E-03,  5.93860E-03,  5.88460E-03,  5.82938E-03,  5.77888E-03,  5.74038E-03,  5.72249E-03,  5.73509E-03,  5.78908E-03,  5.89607E-03,  6.06795E-03,  6.31622E-03,  6.65126E-03,  7.08139E-03,  7.61188E-03,  8.24375E-03,  8.97269E-03,NA,NA,NA,NA,NA,NA,NA,NA,NA,NA,NA,NA,NA,NA,NA,NA,  1.13199E-02,  1.01402E-02,  8.92879E-03,  7.71006E-03,  6.50356E-03,  5.32460E-03,  4.18477E-03,  3.09257E-03,  2.05400E-03,  1.07311E-03,  1.52424E-04, -7.06708E-04, -1.50386E-03, -2.23932E-03, -2.91398E-03, -3.52916E-03, -4.08660E-03, -4.58834E-03, -5.03668E-03, -5.43414E-03, -5.78337E-03,NA,NA,NA,NA,NA,NA,NA,NA,NA,NA,NA,NA,NA,NA,NA,NA,NA,
NA,NA,NA,NA,  5.48548E-03,  5.60013E-03,  5.71232E-03,  5.82100E-03,  5.92502E-03,  6.02308E-03,  6.11378E-03,  6.19560E-03,  6.26696E-03,  6.32625E-03,  6.37191E-03,  6.40246E-03,  6.41666E-03,  6.41360E-03,  6.39287E-03,  6.35472E-03,  6.30027E-03,  6.23169E-03,  6.15244E-03,  6.06742E-03,  5.98318E-03,  5.90801E-03,  5.85199E-03,  5.82692E-03,  5.84614E-03,  5.92419E-03,  6.07630E-03,  6.31768E-03,  6.66263E-03,  7.12335E-03,  7.70870E-03,  8.42269E-03,NA,NA,NA,NA,NA,NA,NA,NA,NA,NA,NA,NA,NA,NA,NA,NA,NA,NA,  1.11985E-02,  9.81103E-03,  8.42541E-03,  7.06354E-03,  5.74187E-03,  4.47229E-03,  3.26307E-03,  2.11970E-03,  1.04557E-03,  4.24856E-05, -8.88923E-04, -1.74892E-03, -2.53845E-03, -3.25903E-03, -3.91260E-03, -4.50147E-03, -5.02825E-03, -5.49580E-03, -5.90719E-03, -6.26562E-03, -6.57439E-03, -6.83685E-03,NA,NA,NA,NA,NA,NA,NA,NA,NA,NA,NA,NA,NA,NA,NA,
NA,NA,NA,NA,  5.73491E-03,  5.86339E-03,  5.98978E-03,  6.11291E-03,  6.23146E-03,  6.34391E-03,  6.44859E-03,  6.54366E-03,  6.62716E-03,  6.69700E-03,  6.75110E-03,  6.78739E-03,  6.80399E-03,  6.79933E-03,  6.77231E-03,  6.72256E-03,  6.65063E-03,  6.55831E-03,  6.44886E-03,  6.32732E-03,  6.20076E-03,  6.07844E-03,  5.97199E-03,  5.89534E-03,  5.86463E-03,  5.89785E-03,  6.01431E-03,  6.23380E-03,  6.57558E-03,NA,NA,NA,NA,NA,NA,NA,NA,NA,NA,NA,NA,NA,NA,NA,NA,NA,NA,NA,NA,NA,NA,  1.07406E-02,  9.16689E-03,  7.63203E-03,  6.15311E-03,  4.74187E-03,  3.40591E-03,  2.14984E-03,  9.76068E-04, -1.14535E-04, -1.12223E-03, -2.04810E-03, -2.89386E-03, -3.66172E-03, -4.35431E-03, -4.97459E-03, -5.52582E-03, -6.01150E-03, -6.43529E-03, -6.80102E-03, -7.11257E-03, -7.37388E-03, -7.58884E-03, -7.76130E-03, -7.89501E-03,NA,NA,NA,NA,NA,NA,NA,NA,NA,NA,NA,NA,
NA,NA,NA,  5.85349E-03,  5.99807E-03,  6.14220E-03,  6.28482E-03,  6.42464E-03,  6.56015E-03,  6.68962E-03,  6.81110E-03,  6.92239E-03,  7.02105E-03,  7.10450E-03,  7.17000E-03,  7.21477E-03,  7.23612E-03,  7.23160E-03,  7.19922E-03,  7.13768E-03,  7.04671E-03,  6.92740E-03,  6.78255E-03,  6.61707E-03,  6.43834E-03,  6.25651E-03,  6.08475E-03,  5.93931E-03,  5.83948E-03,  5.80727E-03,  5.86684E-03,NA,NA,NA,NA,NA,NA,NA,NA,NA,NA,NA,NA,NA,NA,NA,NA,NA,NA,NA,NA,NA,NA,NA,NA,NA,  9.92124E-03,  8.19615E-03,  6.54603E-03,  4.98184E-03,  3.51000E-03,  2.13380E-03,  8.54413E-04, -3.28471E-04, -1.41614E-03, -2.41062E-03, -3.31444E-03, -4.13061E-03, -4.86249E-03, -5.51377E-03, -6.08842E-03, -6.59064E-03, -7.02481E-03, -7.39542E-03, -7.70704E-03, -7.96425E-03, -8.17157E-03, -8.33341E-03, -8.45407E-03, -8.53762E-03, -8.58796E-03,NA,NA,NA,NA,NA,NA,NA,NA,NA,NA,
NA,NA,  5.95398E-03,  6.11397E-03,  6.27535E-03,  6.43717E-03,  6.59830E-03,  6.75733E-03,  6.91261E-03,  7.06219E-03,  7.20381E-03,  7.33487E-03,  7.45246E-03,  7.55336E-03,  7.63411E-03,  7.69106E-03,  7.72051E-03,  7.71891E-03,  7.68306E-03,  7.61043E-03,  7.49953E-03,  7.35037E-03,  7.16487E-03,  6.94745E-03,  6.70547E-03,  6.44976E-03,  6.19494E-03,  5.95970E-03,  5.76679E-03,NA,NA,NA,NA,NA,NA,NA,NA,NA,NA,NA,NA,NA,NA,NA,NA,NA,NA,NA,NA,NA,NA,NA,NA,NA,NA,NA,NA,  8.73951E-03,  6.90567E-03,  5.17845E-03,  3.56256E-03,  2.05959E-03,  6.69163E-04, -6.10329E-04, -1.78132E-03, -2.84680E-03, -3.81020E-03, -4.67534E-03, -5.44637E-03, -6.12777E-03, -6.72428E-03, -7.24089E-03, -7.68278E-03, -8.05524E-03, -8.36359E-03, -8.61315E-03, -8.80913E-03, -8.95662E-03, -9.06049E-03, -9.12537E-03, -9.15563E-03, -9.15534E-03,NA,NA,NA,NA,NA,NA,NA,NA,NA,
NA,NA,  6.20931E-03,  6.38689E-03,  6.56703E-03,  6.74877E-03,  6.93093E-03,  7.11203E-03,  7.29029E-03,  7.46353E-03,  7.62919E-03,  7.78429E-03,  7.92538E-03,  8.04854E-03,  8.14947E-03,  8.22350E-03,  8.26570E-03,  8.27114E-03,  8.23506E-03,  8.15330E-03,  8.02267E-03,  7.84155E-03,  7.61047E-03,  7.33279E-03,  7.01540E-03,  6.66940E-03,  6.31067E-03,NA,NA,NA,NA,NA,NA,NA,NA,NA,NA,NA,NA,NA,NA,NA,NA,NA,NA,NA,NA,NA,NA,NA,NA,NA,NA,NA,NA,NA,NA,NA,  7.21468E-03,  5.31620E-03,  3.54942E-03,  1.91394E-03,  4.07710E-04, -9.72269E-04, -2.22956E-03, -3.36814E-03, -4.39231E-03, -5.30669E-03, -6.11627E-03, -6.82636E-03, -7.44256E-03, -7.97077E-03, -8.41704E-03, -8.78756E-03, -9.08856E-03, -9.32618E-03, -9.50645E-03, -9.63518E-03, -9.71791E-03, -9.75989E-03, -9.76599E-03, -9.74077E-03, -9.68836E-03, -9.61256E-03,NA,NA,NA,NA,NA,NA,NA,
NA,  6.28296E-03,  6.47525E-03,  6.67223E-03,  6.87321E-03,  7.07728E-03,  7.28325E-03,  7.48960E-03,  7.69443E-03,  7.89541E-03,  8.08968E-03,  8.27387E-03,  8.44395E-03,  8.59529E-03,  8.72262E-03,  8.82008E-03,  8.88132E-03,  8.89966E-03,  8.86842E-03,  8.78125E-03,  8.63270E-03,  8.41884E-03,  8.13805E-03,  7.79192E-03,  7.38614E-03,NA,NA,NA,NA,NA,NA,NA,NA,NA,NA,NA,NA,NA,NA,NA,NA,NA,NA,NA,NA,NA,NA,NA,NA,NA,NA,NA,NA,NA,NA,NA,NA,NA,NA,  5.37831E-03,  3.45536E-03,  1.68263E-03,  5.64172E-05, -1.42757E-03, -2.77391E-03, -3.98745E-03, -5.07326E-03, -6.03679E-03, -6.88382E-03, -7.62057E-03, -8.25360E-03, -8.78979E-03, -9.23625E-03, -9.60020E-03, -9.88887E-03, -1.01094E-02, -1.02687E-02, -1.03735E-02, -1.04301E-02, -1.04443E-02, -1.04216E-02, -1.03671E-02, -1.02853E-02, -1.01803E-02, -1.00558E-02,NA,NA,NA,NA,NA,NA,
NA,  6.53957E-03,  6.75147E-03,  6.96973E-03,  7.19377E-03,  7.42275E-03,  7.65554E-03,  7.89062E-03,  8.12606E-03,  8.35938E-03,  8.58750E-03,  8.80666E-03,  9.01230E-03,  9.19901E-03,  9.36048E-03,  9.48951E-03,  9.57805E-03,  9.61740E-03,  9.59842E-03,  9.51201E-03,  9.34967E-03,  9.10433E-03,  8.77126E-03,  8.34922E-03,NA,NA,NA,NA,NA,NA,NA,NA,NA,NA,NA,NA,NA,NA,NA,NA,NA,NA,NA,NA,NA,NA,NA,NA,NA,NA,NA,NA,NA,NA,NA,NA,NA,NA,NA,  5.34767E-03,  3.26475E-03,  1.35081E-03, -3.99213E-04, -1.99061E-03, -3.42870E-03, -4.71896E-03, -5.86712E-03, -6.87931E-03, -7.76217E-03, -8.52286E-03, -9.16900E-03, -9.70863E-03, -1.01501E-02, -1.05017E-02, -1.07721E-02, -1.09694E-02, -1.11016E-02, -1.11764E-02, -1.12009E-02, -1.11817E-02, -1.11250E-02, -1.10362E-02, -1.09204E-02, -1.07821E-02, -1.06251E-02, -1.04530E-02, -1.02687E-02,NA,NA,NA,NA,
  6.57971E-03,  6.80428E-03,  7.03743E-03,  7.27893E-03,  7.52834E-03,  7.78496E-03,  8.04778E-03,  8.31537E-03,  8.58583E-03,  8.85663E-03,  9.12454E-03,  9.38549E-03,  9.63439E-03,  9.86508E-03,  1.00702E-02,  1.02410E-02,  1.03676E-02,  1.04388E-02,  1.04426E-02,  1.03663E-02,  1.01976E-02,  9.92505E-03,  9.53963E-03,NA,NA,NA,NA,NA,NA,NA,NA,NA,NA,NA,NA,NA,NA,NA,NA,NA,NA,NA,NA,NA,NA,NA,NA,NA,NA,NA,NA,NA,NA,NA,NA,NA,NA,NA,NA,  5.20789E-03,  2.96223E-03,  9.03424E-04, -9.74397E-04, -2.67693E-03, -4.20977E-03, -5.57868E-03, -6.78979E-03, -7.84985E-03, -8.76632E-03, -9.54738E-03, -1.02019E-02, -1.07393E-02, -1.11692E-02, -1.15016E-02, -1.17464E-02, -1.19131E-02, -1.20109E-02, -1.20486E-02, -1.20342E-02, -1.19753E-02, -1.18785E-02, -1.17500E-02, -1.15952E-02, -1.14189E-02, -1.12252E-02, -1.10179E-02, -1.08000E-02, -1.05744E-02,NA,NA,NA,
  6.83101E-03,  7.07636E-03,  7.33239E-03,  7.59909E-03,  7.87622E-03,  8.16330E-03,  8.45953E-03,  8.76367E-03,  9.07393E-03,  9.38786E-03,  9.70220E-03,  1.00127E-02,  1.03138E-02,  1.05986E-02,  1.08588E-02,  1.10841E-02,  1.12623E-02,  1.13797E-02,  1.14206E-02,  1.13681E-02,  1.12047E-02,  1.09136E-02,NA,NA,NA,NA,NA,NA,NA,NA,NA,NA,NA,NA,NA,NA,NA,NA,NA,NA,NA,NA,NA,NA,NA,NA,NA,NA,NA,NA,NA,NA,NA,NA,NA,NA,NA,NA,NA,NA,  2.53352E-03,  3.25517E-04, -1.68503E-03, -3.50339E-03, -5.13478E-03, -6.58474E-03, -7.85952E-03, -8.96633E-03, -9.91349E-03, -1.07104E-02, -1.13673E-02, -1.18952E-02, -1.23057E-02, -1.26104E-02, -1.28207E-02, -1.29480E-02, -1.30028E-02, -1.29951E-02, -1.29340E-02, -1.28280E-02, -1.26845E-02, -1.25101E-02, -1.23106E-02, -1.20913E-02, -1.18565E-02, -1.16099E-02, -1.13549E-02, -1.10941E-02, -1.08299E-02,NA,NA,
  7.08740E-03,  7.35482E-03,  7.63532E-03,  7.92915E-03,  8.23636E-03,  8.55678E-03,  8.88990E-03,  9.23479E-03,  9.58993E-03,  9.95310E-03,  1.03212E-02,  1.06898E-02,  1.10532E-02,  1.14041E-02,  1.17330E-02,  1.20281E-02,  1.22751E-02,  1.24570E-02,  1.25542E-02,  1.25444E-02,  1.24041E-02,NA,NA,NA,NA,NA,NA,NA,NA,NA,NA,NA,NA,NA,NA,NA,NA,NA,NA,NA,NA,NA,NA,NA,NA,NA,NA,NA,NA,NA,NA,NA,NA,NA,NA,NA,NA,NA,NA,NA,  1.96602E-03, -3.97514E-04, -2.54780E-03, -4.48856E-03, -6.22373E-03, -7.75804E-03, -9.09748E-03, -1.02496E-02, -1.12238E-02, -1.20306E-02, -1.26823E-02, -1.31919E-02, -1.35730E-02, -1.38395E-02, -1.40048E-02, -1.40821E-02, -1.40836E-02, -1.40208E-02, -1.39041E-02, -1.37426E-02, -1.35447E-02, -1.33176E-02, -1.30674E-02, -1.27996E-02, -1.25188E-02, -1.22287E-02, -1.19328E-02, -1.16336E-02, -1.13334E-02, -1.10341E-02,NA,
  7.34775E-03,  7.63846E-03,  7.94493E-03,  8.26774E-03,  8.60733E-03,  8.96391E-03,  9.33742E-03,  9.72735E-03,  1.01327E-02,  1.05515E-02,  1.09811E-02,  1.14174E-02,  1.18546E-02,  1.22851E-02,  1.26986E-02,  1.30819E-02,  1.34186E-02,  1.36883E-02,  1.38666E-02,NA,NA,NA,NA,NA,NA,NA,NA,NA,NA,NA,NA,NA,NA,NA,NA,NA,NA,NA,NA,NA,NA,NA,NA,NA,NA,NA,NA,NA,NA,NA,NA,NA,NA,NA,NA,NA,NA,NA,NA,NA,  1.24928E-03, -1.28003E-03, -3.58069E-03, -5.65345E-03, -7.49989E-03, -9.12319E-03, -1.05288E-02, -1.17245E-02, -1.27207E-02, -1.35300E-02, -1.41668E-02, -1.46467E-02, -1.49862E-02, -1.52015E-02, -1.53089E-02, -1.53236E-02, -1.52599E-02, -1.51308E-02, -1.49479E-02, -1.47216E-02, -1.44608E-02, -1.41734E-02, -1.38658E-02, -1.35437E-02, -1.32117E-02, -1.28737E-02, -1.25329E-02, -1.21919E-02, -1.18528E-02, -1.15173E-02, -1.11868E-02,
  7.61078E-03,  7.92583E-03,  8.25961E-03,  8.61312E-03,  8.98723E-03,  9.38269E-03,  9.79999E-03,  1.02392E-02,  1.07000E-02,  1.11812E-02,  1.16806E-02,  1.21947E-02,  1.27182E-02,  1.32434E-02,  1.37597E-02,  1.42529E-02,  1.47044E-02,  1.50906E-02,NA,NA,NA,NA,NA,NA,NA,NA,NA,NA,NA,NA,NA,NA,NA,NA,NA,NA,NA,NA,NA,NA,NA,NA,NA,NA,NA,NA,NA,NA,NA,NA,NA,NA,NA,NA,NA,NA,NA,NA,NA,NA,  3.74886E-04, -2.33666E-03, -4.80382E-03, -7.02261E-03, -8.99098E-03, -1.07098E-02, -1.21835E-02, -1.34204E-02, -1.44323E-02, -1.52343E-02, -1.58437E-02, -1.62797E-02, -1.65620E-02, -1.67105E-02, -1.67442E-02, -1.66812E-02, -1.65380E-02, -1.63295E-02, -1.60686E-02, -1.57668E-02, -1.54338E-02, -1.50777E-02, -1.47054E-02, -1.43227E-02, -1.39342E-02, -1.35435E-02, -1.31539E-02, -1.27677E-02, -1.23867E-02, -1.20126E-02, -1.16464E-02,
  7.87496E-03,  8.21525E-03,  8.57750E-03,  8.96318E-03,  9.37374E-03,  9.81055E-03,  1.02748E-02,  1.07675E-02,  1.12890E-02,  1.18391E-02,  1.24167E-02,  1.30192E-02,  1.36422E-02,  1.42786E-02,  1.49181E-02,  1.55460E-02,  1.61420E-02,NA,NA,NA,NA,NA,NA,NA,NA,NA,NA,NA,NA,NA,NA,NA,NA,NA,NA,NA,NA,NA,NA,NA,NA,NA,NA,NA,NA,NA,NA,NA,NA,NA,NA,NA,NA,NA,NA,NA,NA,NA,NA,NA, -6.64026E-04, -3.58337E-03, -6.24090E-03, -8.62588E-03, -1.07311E-02, -1.25544E-02, -1.40989E-02, -1.53736E-02, -1.63924E-02, -1.71740E-02, -1.77398E-02, -1.81135E-02, -1.83192E-02, -1.83812E-02, -1.83222E-02, -1.81634E-02, -1.79241E-02, -1.76209E-02, -1.72686E-02, -1.68793E-02, -1.64636E-02, -1.60300E-02, -1.55854E-02, -1.51354E-02, -1.46847E-02, -1.42367E-02, -1.37942E-02, -1.33593E-02, -1.29336E-02, -1.25184E-02, -1.21144E-02,
  8.13863E-03,  8.50479E-03,  8.89638E-03,  9.31544E-03,  9.76404E-03,  1.02443E-02,  1.07584E-02,  1.13081E-02,  1.18951E-02,  1.25206E-02,  1.31846E-02,  1.38862E-02,  1.46224E-02,  1.53875E-02,  1.61723E-02,  1.69625E-02,NA,NA,NA,NA,NA,NA,NA,NA,NA,NA,NA,NA,NA,NA,NA,NA,NA,NA,NA,NA,NA,NA,NA,NA,NA,NA,NA,NA,NA,NA,NA,NA,NA,NA,NA,NA,NA,NA,NA,NA,NA,NA,NA,NA, -1.87402E-03, -5.03921E-03, -7.92152E-03, -1.05009E-02, -1.27635E-02, -1.47028E-02, -1.63210E-02, -1.76283E-02, -1.86421E-02, -1.93857E-02, -1.98864E-02, -2.01740E-02, -2.02786E-02, -2.02296E-02, -2.00546E-02, -1.97785E-02, -1.94234E-02, -1.90082E-02, -1.85491E-02, -1.80593E-02, -1.75496E-02, -1.70287E-02, -1.65037E-02, -1.59797E-02, -1.54610E-02, -1.49508E-02, -1.44514E-02, -1.39645E-02, -1.34913E-02, -1.30326E-02, -1.25889E-02,
  8.39992E-03,  8.79232E-03,  9.21382E-03,  9.66706E-03,  1.01549E-02,  1.06803E-02,  1.12464E-02,  1.18563E-02,  1.25131E-02,  1.32195E-02,  1.39776E-02,  1.47885E-02,  1.56514E-02,  1.65631E-02,  1.75164E-02,NA,NA,NA,NA,NA,NA,NA,NA,NA,NA,NA,NA,NA,NA,NA,NA,NA,NA,NA,NA,NA,NA,NA,NA,NA,NA,NA,NA,NA,NA,NA,NA,NA,NA,NA,NA,NA,NA,NA,NA,NA,NA,NA,NA,NA,NA, -6.72890E-03, -9.88429E-03, -1.26969E-02, -1.51438E-02, -1.72140E-02, -1.89084E-02, -2.02400E-02, -2.12313E-02, -2.19128E-02, -2.23200E-02, -2.24907E-02, -2.24628E-02, -2.22725E-02, -2.19531E-02, -2.15338E-02, -2.10401E-02, -2.04930E-02, -1.99100E-02, -1.93052E-02, -1.86894E-02, -1.80713E-02, -1.74573E-02, -1.68524E-02, -1.62601E-02, -1.56830E-02, -1.51228E-02, -1.45807E-02, -1.40573E-02, -1.35530E-02, -1.30678E-02,
  8.65685E-03,  9.07553E-03,  9.52710E-03,  1.00149E-02,  1.05425E-02,  1.11141E-02,  1.17337E-02,  1.24061E-02,  1.31360E-02,  1.39281E-02,  1.47869E-02,  1.57162E-02,  1.67184E-02,  1.77937E-02,NA,NA,NA,NA,NA,NA,NA,NA,NA,NA,NA,NA,NA,NA,NA,NA,NA,NA,NA,NA,NA,NA,NA,NA,NA,NA,NA,NA,NA,NA,NA,NA,NA,NA,NA,NA,NA,NA,NA,NA,NA,NA,NA,NA,NA,NA,NA,NA,NA,NA,NA,NA,NA,NA,NA, -2.48079E-02, -2.50831E-02, -2.50964E-02, -2.48960E-02, -2.45266E-02, -2.40282E-02, -2.34352E-02, -2.27763E-02, -2.20749E-02, -2.13493E-02, -2.06138E-02, -1.98792E-02, -1.91534E-02, -1.84421E-02, -1.77494E-02, -1.70780E-02, -1.64295E-02, -1.58050E-02, -1.52047E-02, -1.46288E-02, -1.40770E-02, -1.35487E-02,
  8.90733E-03,  9.35196E-03,  9.83333E-03,  1.03555E-02,  1.09230E-02,  1.15409E-02,  1.22148E-02,  1.29509E-02,  1.37559E-02,  1.46369E-02,  1.56013E-02,  1.66562E-02,  1.78084E-02,NA,NA,NA,NA,NA,NA,NA,NA,NA,NA,NA,NA,NA,NA,NA,NA,NA,NA,NA,NA,NA,NA,NA,NA,NA,NA,NA,NA,NA,NA,NA,NA,NA,NA,NA,NA,NA,NA,NA,NA,NA,NA,NA,NA,NA,NA,NA,NA,NA,NA,NA,NA,NA,NA,NA,NA,NA,NA, -2.80272E-02, -2.76030E-02, -2.70074E-02, -2.62883E-02, -2.54856E-02, -2.46313E-02, -2.37505E-02, -2.28619E-02, -2.19795E-02, -2.11130E-02, -2.02691E-02, -1.94524E-02, -1.86655E-02, -1.79098E-02, -1.71860E-02, -1.64939E-02, -1.58330E-02, -1.52025E-02, -1.46015E-02, -1.40289E-02,
  9.14922E-03,  9.61907E-03,  1.01295E-02,  1.06853E-02,  1.12920E-02,  1.19557E-02,  1.26834E-02,  1.34831E-02,  1.43637E-02,  1.53349E-02,  1.64075E-02,  1.75928E-02,  1.89025E-02,NA,NA,NA,NA,NA,NA,NA,NA,NA,NA,NA,NA,NA,NA,NA,NA,NA,NA,NA,NA,NA,NA,NA,NA,NA,NA,NA,NA,NA,NA,NA,NA,NA,NA,NA,NA,NA,NA,NA,NA,NA,NA,NA,NA,NA,NA,NA,NA,NA,NA,NA,NA,NA,NA,NA,NA,NA,NA,NA,NA, -2.97278E-02, -2.87378E-02, -2.76835E-02, -2.65999E-02, -2.55125E-02, -2.44396E-02, -2.33935E-02, -2.23823E-02, -2.14106E-02, -2.04809E-02, -1.95940E-02, -1.87497E-02, -1.79470E-02, -1.71847E-02, -1.64612E-02, -1.57747E-02, -1.51234E-02, -1.45056E-02,
  9.38036E-03,  9.87430E-03,  1.04125E-02,  1.10006E-02,  1.16449E-02,  1.23529E-02,  1.31328E-02,  1.39946E-02,  1.49494E-02,  1.60099E-02,  1.71906E-02,  1.85074E-02,NA,NA,NA,NA,NA,NA,NA,NA,NA,NA,NA,NA,NA,NA,NA,NA,NA,NA,NA,NA,NA,NA,NA,NA,NA,NA,NA,NA,NA,NA,NA,NA,NA,NA,NA,NA,NA,NA,NA,NA,NA,NA,NA,NA,NA,NA,NA,NA,NA,NA,NA,NA,NA,NA,NA,NA,NA,NA,NA,NA,NA,NA,NA, -3.00212E-02, -2.86707E-02, -2.73482E-02, -2.60694E-02, -2.48438E-02, -2.36760E-02, -2.25677E-02, -2.15186E-02, -2.05270E-02, -1.95906E-02, -1.87067E-02, -1.78724E-02, -1.70848E-02, -1.63413E-02, -1.56390E-02, -1.49754E-02,
  9.59867E-03,  1.01152E-02,  1.06794E-02,  1.12978E-02,  1.19775E-02,  1.27270E-02,  1.35564E-02,  1.44771E-02,  1.55027E-02,  1.66489E-02,  1.79341E-02,  1.93792E-02,NA,NA,NA,NA,NA,NA,NA,NA,NA,NA,NA,NA,NA,NA,NA,NA,NA,NA,NA,NA,NA,NA,NA,NA,NA,NA,NA,NA,NA,NA,NA,NA,NA,NA,NA,NA,NA,NA,NA,NA,NA,NA,NA,NA,NA,NA,NA,NA,NA,NA,NA,NA,NA,NA,NA,NA,NA,NA,NA,NA,NA,NA,NA,NA, -3.08245E-02, -2.92382E-02, -2.77332E-02, -2.63136E-02, -2.49794E-02, -2.37278E-02, -2.25546E-02, -2.14552E-02, -2.04247E-02, -1.94581E-02, -1.85509E-02, -1.76988E-02, -1.68979E-02, -1.61444E-02, -1.54352E-02,
  9.80220E-03,  1.03393E-02,  1.09273E-02,  1.15733E-02,  1.22853E-02,  1.30729E-02,  1.39475E-02,  1.49223E-02,  1.60131E-02,  1.72386E-02,  1.86210E-02,  2.01864E-02,NA,NA,NA,NA,NA,NA,NA,NA,NA,NA,NA,NA,NA,NA,NA,NA,NA,NA,NA,NA,NA,NA,NA,NA,NA,NA,NA,NA,NA,NA,NA,NA,NA,NA,NA,NA,NA,NA,NA,NA,NA,NA,NA,NA,NA,NA,NA,NA,NA,NA,NA,NA,NA,NA,NA,NA,NA,NA,NA,NA,NA,NA,NA,NA,NA, -3.11546E-02, -2.94063E-02, -2.77820E-02, -2.62747E-02, -2.48758E-02, -2.35765E-02, -2.23683E-02, -2.12431E-02, -2.01939E-02, -1.92140E-02, -1.82977E-02, -1.74399E-02, -1.66358E-02, -1.58814E-02,
  9.98914E-03,  1.05445E-02,  1.11536E-02,  1.18239E-02,  1.25644E-02,  1.33856E-02,  1.42999E-02,  1.53223E-02,  1.64706E-02,  1.77662E-02,  1.92348E-02,  2.09075E-02,NA,NA,NA,NA,NA,NA,NA,NA,NA,NA,NA,NA,NA,NA,NA,NA,NA,NA,NA,NA,NA,NA,NA,NA,NA,NA,NA,NA,NA,NA,NA,NA,NA,NA,NA,NA,NA,NA,NA,NA,NA,NA,NA,NA,NA,NA,NA,NA,NA,NA,NA,NA,NA,NA,NA,NA,NA,NA,NA,NA,NA,NA,NA,NA,NA,NA, -3.10568E-02, -2.92227E-02, -2.75406E-02, -2.59946E-02, -2.45703E-02, -2.32547E-02, -2.20366E-02, -2.09062E-02, -1.98552E-02, -1.88761E-02, -1.79626E-02, -1.71090E-02, -1.63104E-02,
  1.01580E-02,  1.07289E-02,  1.13559E-02,  1.20469E-02,  1.28114E-02,  1.36607E-02,  1.46083E-02,  1.56703E-02,  1.68664E-02,  1.82202E-02,  1.97605E-02,  2.15224E-02,NA,NA,NA,NA,NA,NA,NA,NA,NA,NA,NA,NA,NA,NA,NA,NA,NA,NA,NA,NA,NA,NA,NA,NA,NA,NA,NA,NA,NA,NA,NA,NA,NA,NA,NA,NA,NA,NA,NA,NA,NA,NA,NA,NA,NA,NA,NA,NA,NA,NA,NA,NA,NA,NA,NA,NA,NA,NA,NA,NA,NA,NA,NA,NA,NA,NA,NA, -3.06049E-02, -2.87529E-02, -2.70651E-02, -2.55208E-02, -2.41024E-02, -2.27953E-02, -2.15872E-02, -2.04678E-02, -1.94284E-02, -1.84613E-02, -1.75600E-02, -1.67188E-02,
  1.03074E-02,  1.08911E-02,  1.15325E-02,  1.22401E-02,  1.30236E-02,  1.38949E-02,  1.48683E-02,  1.59608E-02,  1.71934E-02,  1.85912E-02,  2.01855E-02,NA,NA,NA,NA,NA,NA,NA,NA,NA,NA,NA,NA,NA,NA,NA,NA,NA,NA,NA,NA,NA,NA,NA,NA,NA,NA,NA,NA,NA,NA,NA,NA,NA,NA,NA,NA,NA,NA,NA,NA,NA,NA,NA,NA,NA,NA,NA,NA,NA,NA,NA,NA,NA,NA,NA,NA,NA,NA,NA,NA,NA,NA,NA,NA,NA,NA,NA,NA,NA, -2.98856E-02, -2.80676E-02, -2.64129E-02, -2.48995E-02, -2.35097E-02, -2.22290E-02, -2.10455E-02, -1.99491E-02, -1.89313E-02, -1.79848E-02, -1.71032E-02,
  1.04366E-02,  1.10300E-02,  1.16822E-02,  1.24017E-02,  1.31989E-02,  1.40857E-02,  1.50768E-02,  1.61898E-02,  1.74464E-02,  1.88726E-02,  2.05010E-02,NA,NA,NA,NA,NA,NA,NA,NA,NA,NA,NA,NA,NA,NA,NA,NA,NA,NA,NA,NA,NA,NA,NA,NA,NA,NA,NA,NA,NA,NA,NA,NA,NA,NA,NA,NA,NA,NA,NA,NA,NA,NA,NA,NA,NA,NA,NA,NA,NA,NA,NA,NA,NA,NA,NA,NA,NA,NA,NA,NA,NA,NA,NA,NA,NA,NA,NA,NA,NA, -3.09124E-02, -2.89827E-02, -2.72320E-02, -2.56347E-02, -2.41709E-02, -2.28244E-02, -2.15822E-02, -2.04333E-02, -1.93684E-02, -1.83797E-02, -1.74602E-02,
  1.05449E-02,  1.11448E-02,  1.18040E-02,  1.25311E-02,  1.33362E-02,  1.42317E-02,  1.52321E-02,  1.63553E-02,  1.76228E-02,  1.90610E-02,  2.07024E-02,NA,NA,NA,NA,NA,NA,NA,NA,NA,NA,NA,NA,NA,NA,NA,NA,NA,NA,NA,NA,NA,NA,NA,NA,NA,NA,NA,NA,NA,NA,NA,NA,NA,NA,NA,NA,NA,NA,NA,NA,NA,NA,NA,NA,NA,NA,NA,NA,NA,NA,NA,NA,NA,NA,NA,NA,NA,NA,NA,NA,NA,NA,NA,NA,NA,NA,NA,NA,NA,NA, -2.97932E-02, -2.79654E-02, -2.62984E-02, -2.47712E-02, -2.33672E-02, -2.20726E-02, -2.08763E-02, -1.97686E-02, -1.87412E-02, -1.77868E-02,
  1.06323E-02,  1.12355E-02,  1.18978E-02,  1.26278E-02,  1.34355E-02,  1.43329E-02,  1.53343E-02,  1.64572E-02,  1.77226E-02,  1.91563E-02,  2.07900E-02,  2.26626E-02,NA,NA,NA,NA,NA,NA,NA,NA,NA,NA,NA,NA,NA,NA,NA,NA,NA,NA,NA,NA,NA,NA,NA,NA,NA,NA,NA,NA,NA,NA,NA,NA,NA,NA,NA,NA,NA,NA,NA,NA,NA,NA,NA,NA,NA,NA,NA,NA,NA,NA,NA,NA,NA,NA,NA,NA,NA,NA,NA,NA,NA,NA,NA,NA,NA,NA,NA,NA,NA, -3.04866E-02, -2.86038E-02, -2.68832E-02, -2.53047E-02, -2.38522E-02, -2.25125E-02, -2.12745E-02, -2.01285E-02, -1.90663E-02, -1.80803E-02,
  1.06987E-02,  1.13022E-02,  1.19641E-02,  1.26926E-02,  1.34975E-02,  1.43902E-02,  1.53846E-02,  1.64974E-02,  1.77485E-02,  1.91622E-02,  2.07685E-02,  2.26036E-02,NA,NA,NA,NA,NA,NA,NA,NA,NA,NA,NA,NA,NA,NA,NA,NA,NA,NA,NA,NA,NA,NA,NA,NA,NA,NA,NA,NA,NA,NA,NA,NA,NA,NA,NA,NA,NA,NA,NA,NA,NA,NA,NA,NA,NA,NA,NA,NA,NA,NA,NA,NA,NA,NA,NA,NA,NA,NA,NA,NA,NA,NA,NA,NA,NA,NA,NA,NA,NA,NA, -2.91424E-02, -2.73852E-02, -2.57678E-02, -2.42761E-02, -2.28985E-02, -2.16246E-02, -2.04454E-02, -1.93524E-02, -1.83384E-02,
  1.07449E-02,  1.13458E-02,  1.20037E-02,  1.27266E-02,  1.35237E-02,  1.44058E-02,  1.53860E-02,  1.64796E-02,  1.77053E-02,  1.90854E-02,  2.06469E-02,  2.24227E-02,NA,NA,NA,NA,NA,NA,NA,NA,NA,NA,NA,NA,NA,NA,NA,NA,NA,NA,NA,NA,NA,NA,NA,NA,NA,NA,NA,NA,NA,NA,NA,NA,NA,NA,NA,NA,NA,NA,NA,NA,NA,NA,NA,NA,NA,NA,NA,NA,NA,NA,NA,NA,NA,NA,NA,NA,NA,NA,NA,NA,NA,NA,NA,NA,NA,NA,NA,NA,NA,NA, -2.95820E-02, -2.78040E-02, -2.61591E-02, -2.46372E-02, -2.32287E-02, -2.19247E-02, -2.07168E-02, -1.95973E-02, -1.85590E-02,
  1.07716E-02,  1.13672E-02,  1.20181E-02,  1.27317E-02,  1.35165E-02,  1.43827E-02,  1.53422E-02,  1.64090E-02,  1.75999E-02,  1.89348E-02,  2.04375E-02,  2.21365E-02,NA,NA,NA,NA,NA,NA,NA,NA,NA,NA,NA,NA,NA,NA,NA,NA,NA,NA,NA,NA,NA,NA,NA,NA,NA,NA,NA,NA,NA,NA,NA,NA,NA,NA,NA,NA,NA,NA,NA,NA,NA,NA,NA,NA,NA,NA,NA,NA,NA,NA,NA,NA,NA,NA,NA,NA,NA,NA,NA,NA,NA,NA,NA,NA,NA,NA,NA,NA,NA,NA, -2.99285E-02, -2.81424E-02, -2.64797E-02, -2.49350E-02, -2.35018E-02, -2.21730E-02, -2.09413E-02, -1.97994E-02, -1.87403E-02,
  1.07799E-02,  1.13679E-02,  1.20090E-02,  1.27100E-02,  1.34789E-02,  1.43247E-02,  1.52582E-02,  1.62919E-02,  1.74406E-02,  1.87214E-02,  2.01547E-02,  2.17643E-02,  2.35778E-02,NA,NA,NA,NA,NA,NA,NA,NA,NA,NA,NA,NA,NA,NA,NA,NA,NA,NA,NA,NA,NA,NA,NA,NA,NA,NA,NA,NA,NA,NA,NA,NA,NA,NA,NA,NA,NA,NA,NA,NA,NA,NA,NA,NA,NA,NA,NA,NA,NA,NA,NA,NA,NA,NA,NA,NA,NA,NA,NA,NA,NA,NA,NA,NA,NA,NA,NA,NA,NA,NA, -2.84064E-02, -2.67324E-02, -2.51706E-02, -2.37178E-02, -2.23689E-02, -2.11175E-02, -1.99571E-02, -1.88809E-02,
  1.07712E-02,  1.13495E-02,  1.19784E-02,  1.26643E-02,  1.34141E-02,  1.42360E-02,  1.51394E-02,  1.61354E-02,  1.72364E-02,  1.84571E-02,  1.98141E-02,  2.13266E-02,  2.30164E-02,NA,NA,NA,NA,NA,NA,NA,NA,NA,NA,NA,NA,NA,NA,NA,NA,NA,NA,NA,NA,NA,NA,NA,NA,NA,NA,NA,NA,NA,NA,NA,NA,NA,NA,NA,NA,NA,NA,NA,NA,NA,NA,NA,NA,NA,NA,NA,NA,NA,NA,NA,NA,NA,NA,NA,NA,NA,NA,NA,NA,NA,NA,NA,NA,NA,NA,NA,NA,NA,NA, -2.86034E-02, -2.69207E-02, -2.53453E-02, -2.38768E-02, -2.25116E-02, -2.12445E-02, -2.00694E-02, -1.89797E-02,
  1.07469E-02,  1.13138E-02,  1.19288E-02,  1.25973E-02,  1.33257E-02,  1.41210E-02,  1.49916E-02,  1.59466E-02,  1.69967E-02,  1.81537E-02,  1.94311E-02,  2.08437E-02,  2.24076E-02,  2.41402E-02,NA,NA,NA,NA,NA,NA,NA,NA,NA,NA,NA,NA,NA,NA,NA,NA,NA,NA,NA,NA,NA,NA,NA,NA,NA,NA,NA,NA,NA,NA,NA,NA,NA,NA,NA,NA,NA,NA,NA,NA,NA,NA,NA,NA,NA,NA,NA,NA,NA,NA,NA,NA,NA,NA,NA,NA,NA,NA,NA,NA,NA,NA,NA,NA,NA,NA,NA,NA,NA, -2.87401E-02, -2.70483E-02, -2.54606E-02, -2.39789E-02, -2.26008E-02, -2.13215E-02, -2.01353E-02, -1.90356E-02,
  1.07086E-02,  1.12628E-02,  1.18623E-02,  1.25120E-02,  1.32173E-02,  1.39845E-02,  1.48204E-02,  1.57329E-02,  1.67305E-02,  1.78228E-02,  1.90202E-02,  2.03338E-02,  2.17751E-02,  2.33554E-02,NA,NA,NA,NA,NA,NA,NA,NA,NA,NA,NA,NA,NA,NA,NA,NA,NA,NA,NA,NA,NA,NA,NA,NA,NA,NA,NA,NA,NA,NA,NA,NA,NA,NA,NA,NA,NA,NA,NA,NA,NA,NA,NA,NA,NA,NA,NA,NA,NA,NA,NA,NA,NA,NA,NA,NA,NA,NA,NA,NA,NA,NA,NA,NA,NA,NA,NA,NA,NA, -2.88214E-02, -2.71169E-02, -2.55170E-02, -2.40239E-02, -2.26357E-02, -2.13477E-02, -2.01538E-02, -1.90478E-02,
  1.06578E-02,  1.11984E-02,  1.17815E-02,  1.24113E-02,  1.30926E-02,  1.38307E-02,  1.46313E-02,  1.55008E-02,  1.64462E-02,  1.74748E-02,  1.85944E-02,  1.98131E-02,  2.11385E-02,  2.25777E-02,  2.41357E-02,NA,NA,NA,NA,NA,NA,NA,NA,NA,NA,NA,NA,NA,NA,NA,NA,NA,NA,NA,NA,NA,NA,NA,NA,NA,NA,NA,NA,NA,NA,NA,NA,NA,NA,NA,NA,NA,NA,NA,NA,NA,NA,NA,NA,NA,NA,NA,NA,NA,NA,NA,NA,NA,NA,NA,NA,NA,NA,NA,NA,NA,NA,NA,NA,NA,NA,NA,NA, -2.88479E-02, -2.71265E-02, -2.55136E-02, -2.40109E-02, -2.26154E-02, -2.13220E-02, -2.01243E-02, -1.90154E-02,
  1.05961E-02,  1.11225E-02,  1.16886E-02,  1.22981E-02,  1.29550E-02,  1.36638E-02,  1.44293E-02,  1.52566E-02,  1.61511E-02,  1.71185E-02,  1.81645E-02,  1.92946E-02,  2.05136E-02,  2.18253E-02,  2.32315E-02,  2.47306E-02,NA,NA,NA,NA,NA,NA,NA,NA,NA,NA,NA,NA,NA,NA,NA,NA,NA,NA,NA,NA,NA,NA,NA,NA,NA,NA,NA,NA,NA,NA,NA,NA,NA,NA,NA,NA,NA,NA,NA,NA,NA,NA,NA,NA,NA,NA,NA,NA,NA,NA,NA,NA,NA,NA,NA,NA,NA,NA,NA,NA,NA,NA,NA,NA,NA,NA,NA, -2.88156E-02, -2.70738E-02, -2.54482E-02, -2.39379E-02, -2.25384E-02, -2.12434E-02, -2.00456E-02, -1.89379E-02,
  1.05251E-02,  1.10369E-02,  1.15857E-02,  1.21747E-02,  1.28074E-02,  1.34874E-02,  1.42187E-02,  1.50053E-02,  1.58515E-02,  1.67614E-02,  1.77392E-02,  1.87883E-02,  1.99117E-02,  2.11109E-02,  2.23857E-02,  2.37329E-02,  2.51458E-02,NA,NA,NA,NA,NA,NA,NA,NA,NA,NA,NA,NA,NA,NA,NA,NA,NA,NA,NA,NA,NA,NA,NA,NA,NA,NA,NA,NA,NA,NA,NA,NA,NA,NA,NA,NA,NA,NA,NA,NA,NA,NA,NA,NA,NA,NA,NA,NA,NA,NA,NA,NA,NA,NA,NA,NA,NA,NA,NA,NA,NA,NA,NA,NA,NA,NA, -2.87162E-02, -2.69533E-02, -2.53169E-02, -2.38025E-02, -2.24031E-02, -2.11107E-02, -1.99172E-02, -1.88147E-02,
  1.04460E-02,  1.09432E-02,  1.14748E-02,  1.20436E-02,  1.26526E-02,  1.33048E-02,  1.40033E-02,  1.47514E-02,  1.55524E-02,  1.64092E-02,  1.73248E-02,  1.83013E-02,  1.93402E-02,  2.04419E-02,  2.16051E-02,  2.28262E-02,  2.40990E-02,  2.54139E-02,NA,NA,NA,NA,NA,NA,NA,NA,NA,NA,NA,NA,NA,NA,NA,NA,NA,NA,NA,NA,NA,NA,NA,NA,NA,NA,NA,NA,NA,NA,NA,NA,NA,NA,NA,NA,NA,NA,NA,NA,NA,NA,NA,NA,NA,NA,NA,NA,NA,NA,NA,NA,NA,NA,NA,NA,NA,NA,NA,NA,NA,NA,NA,NA,NA, -2.85379E-02, -2.67575E-02, -2.51151E-02, -2.36017E-02, -2.22074E-02, -2.09227E-02, -1.97383E-02, -1.86454E-02,
  1.03603E-02,  1.08429E-02,  1.13576E-02,  1.19067E-02,  1.24929E-02,  1.31184E-02,  1.37861E-02,  1.44983E-02,  1.52575E-02,  1.60660E-02,  1.69257E-02,  1.78379E-02,  1.88033E-02,  1.98215E-02,  2.08910E-02,  2.20086E-02,  2.31693E-02,  2.43665E-02,  2.55917E-02,  2.68355E-02,NA,NA,NA,NA,NA,NA,NA,NA,NA,NA,NA,NA,NA,NA,NA,NA,NA,NA,NA,NA,NA,NA,NA,NA,NA,NA,NA,NA,NA,NA,NA,NA,NA,NA,NA,NA,NA,NA,NA,NA,NA,NA,NA,NA,NA,NA,NA,NA,NA,NA,NA,NA,NA,NA,NA,NA,NA,NA,NA,NA,NA,NA,NA, -2.82680E-02, -2.64786E-02, -2.48379E-02, -2.33324E-02, -2.19499E-02, -2.06787E-02, -1.95086E-02, -1.84300E-02,
  1.02689E-02,  1.07372E-02,  1.12355E-02,  1.17657E-02,  1.23301E-02,  1.29306E-02,  1.35693E-02,  1.42483E-02,  1.49695E-02,  1.57344E-02,  1.65444E-02,  1.74002E-02,  1.83021E-02,  1.92495E-02,  2.02408E-02,  2.12737E-02,  2.23448E-02,  2.34504E-02,  2.45864E-02,  2.57504E-02,  2.69433E-02,  2.81721E-02,NA,NA,NA,NA,NA,NA,NA,NA,NA,NA,NA,NA,NA,NA,NA,NA,NA,NA,NA,NA,NA,NA,NA,NA,NA,NA,NA,NA,NA,NA,NA,NA,NA,NA,NA,NA,NA,NA,NA,NA,NA,NA,NA,NA,NA,NA,NA,NA,NA,NA,NA,NA,NA,NA,NA,NA,NA,NA,NA,NA, -2.98573E-02, -2.78948E-02, -2.61094E-02, -2.44810E-02, -2.29925E-02, -2.16292E-02, -2.03782E-02, -1.92281E-02, -1.81689E-02,
NA,  1.06274E-02,  1.11098E-02,  1.16220E-02,  1.21657E-02,  1.27427E-02,  1.33547E-02,  1.40033E-02,  1.46900E-02,  1.54159E-02,  1.61820E-02,  1.69887E-02,  1.78360E-02,  1.87233E-02,  1.96494E-02,  2.06126E-02,  2.16113E-02,  2.26437E-02,  2.37099E-02,  2.48125E-02,  2.59594E-02,  2.71674E-02,NA,NA,NA,NA,NA,NA,NA,NA,NA,NA,NA,NA,NA,NA,NA,NA,NA,NA,NA,NA,NA,NA,NA,NA,NA,NA,NA,NA,NA,NA,NA,NA,NA,NA,NA,NA,NA,NA,NA,NA,NA,NA,NA,NA,NA,NA,NA,NA,NA,NA,NA,NA,NA,NA,NA,NA,NA,NA,NA,NA, -2.93603E-02, -2.74098E-02, -2.56451E-02, -2.40419E-02, -2.25808E-02, -2.12453E-02, -2.00215E-02, -1.88975E-02, -1.78630E-02,
NA,  1.05141E-02,  1.09814E-02,  1.14764E-02,  1.20007E-02,  1.25559E-02,  1.31432E-02,  1.37641E-02,  1.44197E-02,  1.51109E-02,  1.58384E-02,  1.66023E-02,  1.74026E-02,  1.82388E-02,  1.91099E-02,  2.00151E-02,  2.09535E-02,  2.19253E-02,  2.29328E-02,  2.39820E-02,  2.50854E-02,NA,NA,NA,NA,NA,NA,NA,NA,NA,NA,NA,NA,NA,NA,NA,NA,NA,NA,NA,NA,NA,NA,NA,NA,NA,NA,NA,NA,NA,NA,NA,NA,NA,NA,NA,NA,NA,NA,NA,NA,NA,NA,NA,NA,NA,NA,NA,NA,NA,NA,NA,NA,NA,NA,NA,NA,NA,NA,NA,NA,NA, -2.87225E-02, -2.68092E-02, -2.50837E-02, -2.35202E-02, -2.20976E-02, -2.07990E-02, -1.96099E-02, -1.85182E-02, -1.75136E-02,
NA,  1.03983E-02,  1.08511E-02,  1.13299E-02,  1.18360E-02,  1.23708E-02,  1.29355E-02,  1.35312E-02,  1.41588E-02,  1.48190E-02,  1.55124E-02,  1.62389E-02,  1.69986E-02,  1.77909E-02,  1.86150E-02,  1.94705E-02,  2.03569E-02,  2.12754E-02,  2.22291E-02,  2.32255E-02,  2.42785E-02,NA,NA,NA,NA,NA,NA,NA,NA,NA,NA,NA,NA,NA,NA,NA,NA,NA,NA,NA,NA,NA,NA,NA,NA,NA,NA,NA,NA,NA,NA,NA,NA,NA,NA,NA,NA,NA,NA,NA,NA,NA,NA,NA,NA,NA,NA,NA,NA,NA,NA,NA,NA,NA,NA,NA,NA,NA,NA,NA,NA, -3.00121E-02, -2.79450E-02, -2.60943E-02, -2.44271E-02, -2.29177E-02, -2.15452E-02, -2.02925E-02, -1.91455E-02, -1.80923E-02, -1.71227E-02,
  9.86466E-03,  1.02803E-02,  1.07193E-02,  1.11828E-02,  1.16719E-02,  1.21879E-02,  1.27317E-02,  1.33044E-02,  1.39067E-02,  1.45393E-02,  1.52023E-02,  1.58961E-02,  1.66201E-02,  1.73741E-02,  1.81572E-02,  1.89687E-02,  1.98084E-02,  2.06770E-02,  2.15773E-02,  2.25159E-02,NA,NA,NA,NA,NA,NA,NA,NA,NA,NA,NA,NA,NA,NA,NA,NA,NA,NA,NA,NA,NA,NA,NA,NA,NA,NA,NA,NA,NA,NA,NA,NA,NA,NA,NA,NA,NA,NA,NA,NA,NA,NA,NA,NA,NA,NA,NA,NA,NA,NA,NA,NA,NA,NA,NA,NA,NA,NA,NA,NA,NA, -2.90041E-02, -2.70359E-02, -2.52714E-02, -2.36806E-02, -2.22392E-02, -2.09275E-02, -1.97294E-02, -1.86316E-02, -1.76227E-02, -1.66930E-02,
  9.75690E-03,  1.01607E-02,  1.05865E-02,  1.10355E-02,  1.15086E-02,  1.20071E-02,  1.25317E-02,  1.30833E-02,  1.36627E-02,  1.42702E-02,  1.49062E-02,  1.55706E-02,  1.62631E-02,  1.69830E-02,  1.77292E-02,  1.85007E-02,  1.92964E-02,  2.01160E-02,  2.09604E-02,  2.18335E-02,NA,NA,NA,NA,NA,NA,NA,NA,NA,NA,NA,NA,NA,NA,NA,NA,NA,NA,NA,NA,NA,NA,NA,NA,NA,NA,NA,NA,NA,NA,NA,NA,NA,NA,NA,NA,NA,NA,NA,NA,NA,NA,NA,NA,NA,NA,NA,NA,NA,NA,NA,NA,NA,NA,NA,NA,NA,NA,NA,NA, -2.99129E-02, -2.78526E-02, -2.60095E-02, -2.43516E-02, -2.28527E-02, -2.14914E-02, -2.02503E-02, -1.91147E-02, -1.80724E-02, -1.71130E-02, -1.62277E-02,
  9.64725E-03,  1.00396E-02,  1.04529E-02,  1.08881E-02,  1.13462E-02,  1.18282E-02,  1.23349E-02,  1.28672E-02,  1.34255E-02,  1.40103E-02,  1.46217E-02,  1.52596E-02,  1.59235E-02,  1.66122E-02,  1.73245E-02,  1.80583E-02,  1.88114E-02,  1.95814E-02,  2.03661E-02,  2.11649E-02,NA,NA,NA,NA,NA,NA,NA,NA,NA,NA,NA,NA,NA,NA,NA,NA,NA,NA,NA,NA,NA,NA,NA,NA,NA,NA,NA,NA,NA,NA,NA,NA,NA,NA,NA,NA,NA,NA,NA,NA,NA,NA,NA,NA,NA,NA,NA,NA,NA,NA,NA,NA,NA,NA,NA,NA,NA,NA,NA,NA, -2.84686E-02, -2.65827E-02, -2.48845E-02, -2.33487E-02, -2.19542E-02, -2.06832E-02, -1.95208E-02, -1.84543E-02, -1.74729E-02, -1.65676E-02, -1.57304E-02,
  9.53593E-03,  9.91726E-03,  1.03185E-02,  1.07406E-02,  1.11845E-02,  1.16510E-02,  1.21410E-02,  1.26551E-02,  1.31939E-02,  1.37576E-02,  1.43464E-02,  1.49599E-02,  1.55973E-02,  1.62571E-02,  1.69373E-02,  1.76349E-02,  1.83458E-02,  1.90649E-02,  1.97862E-02,NA,NA,NA,NA,NA,NA,NA,NA,NA,NA,NA,NA,NA,NA,NA,NA,NA,NA,NA,NA,NA,NA,NA,NA,NA,NA,NA,NA,NA,NA,NA,NA,NA,NA,NA,NA,NA,NA,NA,NA,NA,NA,NA,NA,NA,NA,NA,NA,NA,NA,NA,NA,NA,NA,NA,NA,NA,NA,NA,NA, -2.87926E-02, -2.69191E-02, -2.52223E-02, -2.36817E-02, -2.22789E-02, -2.09979E-02, -1.98246E-02, -1.87471E-02, -1.77548E-02, -1.68388E-02, -1.59912E-02, -1.52053E-02,
  9.42310E-03,  9.79379E-03,  1.01835E-02,  1.05930E-02,  1.10233E-02,  1.14751E-02,  1.19492E-02,  1.24462E-02,  1.29666E-02,  1.35106E-02,  1.40782E-02,  1.46687E-02,  1.52810E-02,  1.59133E-02,  1.65627E-02,  1.72247E-02,  1.78935E-02,  1.85608E-02,  1.92158E-02,NA,NA,NA,NA,NA,NA,NA,NA,NA,NA,NA,NA,NA,NA,NA,NA,NA,NA,NA,NA,NA,NA,NA,NA,NA,NA,NA,NA,NA,NA,NA,NA,NA,NA,NA,NA,NA,NA,NA,NA,NA,NA,NA,NA,NA,NA,NA,NA,NA,NA,NA,NA,NA,NA,NA,NA,NA,NA,NA, -2.87275E-02, -2.69399E-02, -2.53010E-02, -2.37995E-02, -2.24229E-02, -2.11592E-02, -1.99972E-02, -1.89265E-02, -1.79381E-02, -1.70237E-02, -1.61762E-02, -1.53891E-02, -1.46569E-02,
  9.30890E-03,  9.66924E-03,  1.00477E-02,  1.04451E-02,  1.08623E-02,  1.13000E-02,  1.17590E-02,  1.22397E-02,  1.27425E-02,  1.32676E-02,  1.38148E-02,  1.43833E-02,  1.49716E-02,  1.55772E-02,  1.61963E-02,  1.68233E-02,  1.74500E-02,  1.80650E-02,NA,NA,NA,NA,NA,NA,NA,NA,NA,NA,NA,NA,NA,NA,NA,NA,NA,NA,NA,NA,NA,NA,NA,NA,NA,NA,NA,NA,NA,NA,NA,NA,NA,NA,NA,NA,NA,NA,NA,NA,NA,NA,NA,NA,NA,NA,NA,NA,NA,NA,NA,NA,NA,NA,NA,NA,NA,NA,NA, -2.81870E-02, -2.65697E-02, -2.50565E-02, -2.36480E-02, -2.23408E-02, -2.11292E-02, -2.00064E-02, -1.89656E-02, -1.80000E-02, -1.71029E-02, -1.62686E-02, -1.54915E-02, -1.47667E-02, -1.40897E-02,
  9.19342E-03,  9.54368E-03,  9.91124E-03,  1.02969E-02,  1.07014E-02,  1.11254E-02,  1.15696E-02,  1.20345E-02,  1.25204E-02,  1.30272E-02,  1.35546E-02,  1.41016E-02,  1.46662E-02,  1.52456E-02,  1.58349E-02,  1.64271E-02,  1.70121E-02,  1.75751E-02,NA,NA,NA,NA,NA,NA,NA,NA,NA,NA,NA,NA,NA,NA,NA,NA,NA,NA,NA,NA,NA,NA,NA,NA,NA,NA,NA,NA,NA,NA,NA,NA,NA,NA,NA,NA,NA,NA,NA,NA,NA,NA,NA,NA,NA,NA,NA,NA,NA,NA,NA,NA,NA,NA,NA,NA,NA,NA, -2.71132E-02, -2.57505E-02, -2.44343E-02, -2.31783E-02, -2.19895E-02, -2.08703E-02, -1.98201E-02, -1.88366E-02, -1.79164E-02, -1.70558E-02, -1.62506E-02, -1.54970E-02, -1.47911E-02, -1.41294E-02, -1.35084E-02,
  9.07677E-03,  9.41715E-03,  9.77404E-03,  1.01482E-02,  1.05403E-02,  1.09510E-02,  1.13808E-02,  1.18302E-02,  1.22994E-02,  1.27882E-02,  1.32961E-02,  1.38217E-02,  1.43630E-02,  1.49161E-02,  1.54758E-02,  1.60335E-02,  1.65773E-02,  1.70897E-02,NA,NA,NA,NA,NA,NA,NA,NA,NA,NA,NA,NA,NA,NA,NA,NA,NA,NA,NA,NA,NA,NA,NA,NA,NA,NA,NA,NA,NA,NA,NA,NA,NA,NA,NA,NA,NA,NA,NA,NA,NA,NA,NA,NA,NA,NA,NA,NA,NA,NA,NA,NA,NA,NA,NA,NA,NA, -2.54903E-02, -2.44537E-02, -2.33999E-02, -2.23543E-02, -2.13340E-02, -2.03500E-02, -1.94087E-02, -1.85131E-02, -1.76643E-02, -1.68618E-02, -1.61043E-02, -1.53899E-02, -1.47163E-02, -1.40813E-02, -1.34825E-02, -1.29177E-02,
  8.95905E-03,  9.28971E-03,  9.63611E-03,  9.99894E-03,  1.03788E-02,  1.07764E-02,  1.11920E-02,  1.16261E-02,  1.20788E-02,  1.25497E-02,  1.30381E-02,  1.35425E-02,  1.40602E-02,  1.45873E-02,  1.51172E-02,  1.56408E-02,  1.61443E-02,  1.66082E-02,NA,NA,NA,NA,NA,NA,NA,NA,NA,NA,NA,NA,NA,NA,NA,NA,NA,NA,NA,NA,NA,NA,NA,NA,NA,NA,NA,NA,NA,NA,NA,NA,NA,NA,NA,NA,NA,NA,NA,NA,NA,NA,NA,NA,NA,NA,NA,NA,NA,NA,NA,NA,NA,NA,NA,NA, -2.33517E-02, -2.26887E-02, -2.19470E-02, -2.11604E-02, -2.03539E-02, -1.95459E-02, -1.87495E-02, -1.79733E-02, -1.72232E-02, -1.65024E-02, -1.58128E-02, -1.51549E-02, -1.45287E-02, -1.39334E-02, -1.33680E-02, -1.28313E-02, -1.23220E-02,
  8.84038E-03,  9.16146E-03,  9.49752E-03,  9.84919E-03,  1.02170E-02,  1.06016E-02,  1.10032E-02,  1.14221E-02,  1.18582E-02,  1.23113E-02,  1.27801E-02,  1.32631E-02,  1.37573E-02,  1.42580E-02,  1.47584E-02,  1.52483E-02,  1.57129E-02,  1.61308E-02,NA,NA,NA,NA,NA,NA,NA,NA,NA,NA,NA,NA,NA,NA,NA,NA,NA,NA,NA,NA,NA,NA,NA,NA,NA,NA,NA,NA,NA,NA,NA,NA,NA,NA,NA,NA,NA,NA,NA,NA,NA,NA,NA,NA,NA,NA,NA,NA,NA,NA,NA,NA,NA,NA, -2.08771E-02, -2.07771E-02, -2.05040E-02, -2.01015E-02, -1.96062E-02, -1.90478E-02, -1.84499E-02, -1.78304E-02, -1.72032E-02, -1.65783E-02, -1.59628E-02, -1.53620E-02, -1.47790E-02, -1.42161E-02, -1.36745E-02, -1.31547E-02, -1.26568E-02, -1.21806E-02, -1.17255E-02,
  8.72090E-03,  9.03253E-03,  9.35839E-03,  9.69902E-03,  1.00549E-02,  1.04266E-02,  1.08142E-02,  1.12179E-02,  1.16376E-02,  1.20727E-02,  1.25220E-02,  1.29835E-02,  1.34539E-02,  1.39283E-02,  1.43994E-02,  1.48563E-02,  1.52835E-02,  1.56589E-02,NA,NA,NA,NA,NA,NA,NA,NA,NA,NA,NA,NA,NA,NA,NA,NA,NA,NA,NA,NA,NA,NA,NA,NA,NA,NA,NA,NA,NA,NA,NA,NA,NA,NA,NA,NA,NA,NA,NA,NA,NA,NA,NA,NA,NA,NA,NA,NA,NA,NA,NA,NA, -1.70362E-02, -1.75807E-02, -1.78828E-02, -1.79833E-02, -1.79203E-02, -1.77280E-02, -1.74366E-02, -1.70713E-02, -1.66532E-02, -1.61992E-02, -1.57228E-02, -1.52345E-02, -1.47422E-02, -1.42522E-02, -1.37687E-02, -1.32951E-02, -1.28337E-02, -1.23859E-02, -1.19527E-02, -1.15348E-02, -1.11323E-02,
  8.60081E-03,  8.90310E-03,  9.21887E-03,  9.54859E-03,  9.89269E-03,  1.02515E-02,  1.06252E-02,  1.10139E-02,  1.14172E-02,  1.18343E-02,  1.22640E-02,  1.27039E-02,  1.31506E-02,  1.35989E-02,  1.40411E-02,  1.44660E-02,  1.48579E-02,  1.51944E-02,NA,NA,NA,NA,NA,NA,NA,NA,NA,NA,NA,NA,NA,NA,NA,NA,NA,NA,NA,NA,NA,NA,NA,NA,NA,NA,NA,NA,NA,NA,NA,NA,NA,NA,NA,NA,NA,NA,NA,NA,NA,NA,NA,NA,NA,NA,NA,NA,NA,NA,NA, -1.33126E-02, -1.41765E-02, -1.48091E-02, -1.52364E-02, -1.54863E-02, -1.55863E-02, -1.55623E-02, -1.54381E-02, -1.52347E-02, -1.49702E-02, -1.46599E-02, -1.43165E-02, -1.39502E-02, -1.35693E-02, -1.31805E-02, -1.27888E-02, -1.23983E-02, -1.20120E-02, -1.16321E-02, -1.12604E-02, -1.08980E-02, -1.05459E-02,
  8.48030E-03,  8.77339E-03,  9.07920E-03,  9.39814E-03,  9.73057E-03,  1.00767E-02,  1.04367E-02,  1.08103E-02,  1.11973E-02,  1.15966E-02,  1.20067E-02,  1.24252E-02,  1.28485E-02,  1.32711E-02,  1.36851E-02,  1.40795E-02,  1.44386E-02,  1.47406E-02,NA,NA,NA,NA,NA,NA,NA,NA,NA,NA,NA,NA,NA,NA,NA,NA,NA,NA,NA,NA,NA,NA,NA,NA,NA,NA,NA,NA,NA,NA,NA,NA,NA,NA,NA,NA,NA,NA,NA,NA,NA,NA,NA,NA,NA,NA,NA,NA,NA,NA,NA,NA, -1.17075E-02, -1.23895E-02, -1.29017E-02, -1.32611E-02, -1.34861E-02, -1.35954E-02, -1.36072E-02, -1.35383E-02, -1.34039E-02, -1.32172E-02, -1.29897E-02, -1.27313E-02, -1.24501E-02, -1.21527E-02, -1.18448E-02, -1.15307E-02, -1.12141E-02, -1.08976E-02, -1.05836E-02, -1.02738E-02, -9.96948E-03,
  8.35961E-03,  8.64365E-03,  8.93966E-03,  9.24799E-03,  9.56891E-03,  9.90256E-03,  1.02489E-02,  1.06078E-02,  1.09786E-02,  1.13603E-02,  1.17512E-02,  1.21488E-02,  1.25491E-02,  1.29468E-02,  1.33341E-02,  1.36999E-02,  1.40291E-02,  1.43011E-02,NA,NA,NA,NA,NA,NA,NA,NA,NA,NA,NA,NA,NA,NA,NA,NA,NA,NA,NA,NA,NA,NA,NA,NA,NA,NA,NA,NA,NA,NA,NA,NA,NA,NA,NA,NA,NA,NA,NA,NA,NA,NA,NA,NA,NA,NA,NA,NA,NA,NA,NA,NA, -9.57734E-03, -1.02805E-02, -1.08467E-02, -1.12841E-02, -1.16034E-02, -1.18172E-02, -1.19385E-02, -1.19802E-02, -1.19546E-02, -1.18731E-02, -1.17459E-02, -1.15818E-02, -1.13888E-02, -1.11733E-02, -1.09410E-02, -1.06966E-02, -1.04439E-02, -1.01861E-02, -9.92582E-03, -9.66520E-03, -9.40591E-03,
  8.23901E-03,  8.51417E-03,  8.80057E-03,  9.09850E-03,  9.40814E-03,  9.72955E-03,  1.00626E-02,  1.04070E-02,  1.07621E-02,  1.11266E-02,  1.14988E-02,  1.18760E-02,  1.22544E-02,  1.26285E-02,  1.29906E-02,  1.33303E-02,  1.36333E-02,  1.38803E-02,  1.40458E-02,NA,NA,NA,NA,NA,NA,NA,NA,NA,NA,NA,NA,NA,NA,NA,NA,NA,NA,NA,NA,NA,NA,NA,NA,NA,NA,NA,NA,NA,NA,NA,NA,NA,NA,NA,NA,NA,NA,NA,NA,NA,NA,NA,NA,NA,NA,NA,NA,NA,NA,NA, -7.74417E-03, -8.44731E-03, -9.04382E-03, -9.53423E-03, -9.92293E-03, -1.02169E-02, -1.04249E-02, -1.05564E-02, -1.06210E-02, -1.06281E-02, -1.05864E-02, -1.05041E-02, -1.03883E-02, -1.02453E-02, -1.00806E-02, -9.89901E-03, -9.70449E-03, -9.50047E-03, -9.28979E-03, -9.07484E-03, -8.85760E-03,
  8.11877E-03,  8.38526E-03,  8.66229E-03,  8.95008E-03,  9.24874E-03,  9.55825E-03,  9.87841E-03,  1.02088E-02,  1.05486E-02,  1.08966E-02,  1.12509E-02,  1.16088E-02,  1.19665E-02,  1.23186E-02,  1.26579E-02,  1.29744E-02,  1.32550E-02,  1.34824E-02,  1.36338E-02,NA,NA,NA,NA,NA,NA,NA,NA,NA,NA,NA,NA,NA,NA,NA,NA,NA,NA,NA,NA,NA,NA,NA,NA,NA,NA,NA,NA,NA,NA,NA,NA,NA,NA,NA,NA,NA,NA,NA,NA,NA,NA,NA,NA,NA,NA,NA,NA,NA,NA,NA,NA, -6.86125E-03, -7.46933E-03, -7.99261E-03, -8.43000E-03, -8.78390E-03, -9.05918E-03, -9.26225E-03, -9.40034E-03, -9.48097E-03, -9.51154E-03, -9.49911E-03, -9.45018E-03, -9.37067E-03, -9.26586E-03, -9.14038E-03, -8.99829E-03, -8.84308E-03, -8.67775E-03, -8.50486E-03, -8.32657E-03,
NA,  8.25724E-03,  8.52519E-03,  8.80316E-03,  9.09120E-03,  9.38923E-03,  9.69698E-03,  1.00139E-02,  1.03392E-02,  1.06715E-02,  1.10090E-02,  1.13489E-02,  1.16875E-02,  1.20198E-02,  1.23388E-02,  1.26355E-02,  1.28981E-02,  1.31111E-02,  1.32552E-02,  1.33061E-02,NA,NA,NA,NA,NA,NA,NA,NA,NA,NA,NA,NA,NA,NA,NA,NA,NA,NA,NA,NA,NA,NA,NA,NA,NA,NA,NA,NA,NA,NA,NA,NA,NA,NA,NA,NA,NA,NA,NA,NA,NA,NA,NA,NA,NA,NA,NA,NA,NA,NA,NA, -5.49826E-03, -6.10283E-03, -6.64237E-03, -7.11114E-03, -7.50762E-03, -7.83339E-03, -8.09215E-03, -8.28896E-03, -8.42960E-03, -8.52017E-03, -8.56671E-03, -8.57502E-03, -8.55049E-03, -8.49808E-03, -8.42224E-03, -8.32693E-03, -8.21565E-03, -8.09144E-03, -7.95694E-03,NA,
NA,  8.13044E-03,  8.38963E-03,  8.65816E-03,  8.93603E-03,  9.22310E-03,  9.51903E-03,  9.82326E-03,  1.01349E-02,  1.04526E-02,  1.07745E-02,  1.10979E-02,  1.14194E-02,  1.17342E-02,  1.20360E-02,  1.23166E-02,  1.25656E-02,  1.27698E-02,  1.29128E-02,  1.29751E-02,  1.29336E-02,NA,NA,NA,NA,NA,NA,NA,NA,NA,NA,NA,NA,NA,NA,NA,NA,NA,NA,NA,NA,NA,NA,NA,NA,NA,NA,NA,NA,NA,NA,NA,NA,NA,NA,NA,NA,NA,NA,NA,NA,NA,NA,NA,NA,NA,NA,NA,NA,NA,NA, -4.33761E-03, -4.92627E-03, -5.46816E-03, -5.95364E-03, -6.37785E-03, -6.73951E-03, -7.03999E-03, -7.28239E-03, -7.47091E-03, -7.61039E-03, -7.70589E-03, -7.76245E-03, -7.78492E-03, -7.77785E-03, -7.74544E-03, -7.69146E-03, -7.61934E-03, -7.53208E-03, -7.43236E-03,NA,
NA,  8.00518E-03,  8.25597E-03,  8.51550E-03,  8.78372E-03,  9.06042E-03,  9.34525E-03,  9.63760E-03,  9.93658E-03,  1.02409E-02,  1.05487E-02,  1.08575E-02,  1.11640E-02,  1.14640E-02,  1.17517E-02,  1.20200E-02,  1.22599E-02,  1.24604E-02,  1.26082E-02,  1.26878E-02,  1.26818E-02,NA,NA,NA,NA,NA,NA,NA,NA,NA,NA,NA,NA,NA,NA,NA,NA,NA,NA,NA,NA,NA,NA,NA,NA,NA,NA,NA,NA,NA,NA,NA,NA,NA,NA,NA,NA,NA,NA,NA,NA,NA,NA,NA,NA,NA,NA,NA,NA,NA,NA, -3.36064E-03, -3.92310E-03, -4.45562E-03, -4.94529E-03, -5.38439E-03, -5.76927E-03, -6.09921E-03, -6.37556E-03, -6.60111E-03, -6.77950E-03, -6.91482E-03, -7.01138E-03, -7.07344E-03, -7.10510E-03, -7.11022E-03, -7.09238E-03, -7.05483E-03, -7.00049E-03, -6.93199E-03,NA,
NA,  7.88173E-03,  8.12455E-03,  8.37556E-03,  8.63468E-03,  8.90169E-03,  9.17621E-03,  9.45763E-03,  9.74508E-03,  1.00373E-02,  1.03326E-02,  1.06287E-02,  1.09226E-02,  1.12105E-02,  1.14874E-02,  1.17473E-02,  1.19826E-02,  1.21843E-02,  1.23419E-02,  1.24438E-02,  1.24773E-02,  1.24304E-02,NA,NA,NA,NA,NA,NA,NA,NA,NA,NA,NA,NA,NA,NA,NA,NA,NA,NA,NA,NA,NA,NA,NA,NA,NA,NA,NA,NA,NA,NA,NA,NA,NA,NA,NA,NA,NA,NA,NA,NA,NA,NA,NA,NA,NA,NA,NA,NA,NA,NA, -3.07741E-03, -3.59077E-03, -4.07398E-03, -4.51701E-03, -4.91412E-03, -5.26280E-03, -5.56288E-03, -5.81581E-03, -6.02413E-03, -6.19103E-03, -6.32007E-03, -6.41489E-03, -6.47913E-03, -6.51630E-03, -6.52969E-03, -6.52234E-03, -6.49705E-03, -6.45635E-03,NA,
NA,NA,  7.99565E-03,  8.23867E-03,  8.48930E-03,  8.74734E-03,  9.01240E-03,  9.28390E-03,  9.56103E-03,  9.84262E-03,  1.01271E-02,  1.04125E-02,  1.06962E-02,  1.09748E-02,  1.12442E-02,  1.14993E-02,  1.17341E-02,  1.19414E-02,  1.21134E-02,  1.22415E-02,  1.23173E-02,  1.23334E-02,  1.22850E-02,NA,NA,NA,NA,NA,NA,NA,NA,NA,NA,NA,NA,NA,NA,NA,NA,NA,NA,NA,NA,NA,NA,NA,NA,NA,NA,NA,NA,NA,NA,NA,NA,NA,NA,NA,NA,NA,NA,NA,NA,NA,NA,NA,NA,NA,NA,NA,NA, -1.88649E-03, -2.37333E-03, -2.85958E-03, -3.32753E-03, -3.76522E-03, -4.16519E-03, -4.52338E-03, -4.83826E-03, -5.11009E-03, -5.34040E-03, -5.53150E-03, -5.68622E-03, -5.80760E-03, -5.89880E-03, -5.96293E-03, -6.00296E-03, -6.02171E-03, -6.02180E-03, -6.00563E-03, -5.97538E-03,
NA,NA,  7.86951E-03,  8.10508E-03,  8.34788E-03,  8.59770E-03,  8.85419E-03,  9.11682E-03,  9.38485E-03,  9.65726E-03,  9.93270E-03,  1.02094E-02,  1.04852E-02,  1.07572E-02,  1.10222E-02,  1.12760E-02,  1.15140E-02,  1.17309E-02,  1.19210E-02,  1.20785E-02,  1.21984E-02,  1.22769E-02,  1.23133E-02,NA,NA,NA,NA,NA,NA,NA,NA,NA,NA,NA,NA,NA,NA,NA,NA,NA,NA,NA,NA,NA,NA,NA,NA,NA,NA,NA,NA,NA,NA,NA,NA,NA,NA,NA,NA,NA,NA,NA,NA,NA,NA,NA,NA,NA,NA,NA,NA, -1.35322E-03, -1.79459E-03, -2.24774E-03, -2.69343E-03, -3.11823E-03, -3.51326E-03, -3.87316E-03, -4.19521E-03, -4.47863E-03, -4.72397E-03, -4.93275E-03, -5.10709E-03, -5.24946E-03, -5.36251E-03, -5.44893E-03, -5.51139E-03, -5.55244E-03, -5.57448E-03, -5.57975E-03,NA,
NA,NA,  7.74630E-03,  7.97499E-03,  8.21061E-03,  8.45298E-03,  8.70180E-03,  8.95661E-03,  9.21679E-03,  9.48146E-03,  9.74951E-03,  1.00195E-02,  1.02896E-02,  1.05577E-02,  1.08211E-02,  1.10767E-02,  1.13213E-02,  1.15510E-02,  1.17622E-02,  1.19516E-02,  1.21167E-02,  1.22567E-02,  1.23737E-02,  1.24741E-02,NA,NA,NA,NA,NA,NA,NA,NA,NA,NA,NA,NA,NA,NA,NA,NA,NA,NA,NA,NA,NA,NA,NA,NA,NA,NA,NA,NA,NA,NA,NA,NA,NA,NA,NA,NA,NA,NA,NA,NA,NA,NA,NA,NA,NA,NA,NA, -9.30902E-04, -1.32453E-03, -1.74061E-03, -2.15893E-03, -2.56499E-03, -2.94885E-03, -3.30408E-03, -3.62695E-03, -3.91573E-03, -4.17014E-03, -4.39095E-03, -4.57960E-03, -4.73800E-03, -4.86832E-03, -4.97284E-03, -5.05388E-03, -5.11371E-03, -5.15452E-03, -5.17836E-03,NA,
NA,NA,NA,  7.84852E-03,  8.07762E-03,  8.31330E-03,  8.55534E-03,  8.80336E-03,  9.05687E-03,  9.31519E-03,  9.57745E-03,  9.84252E-03,  1.01091E-02,  1.03754E-02,  1.06398E-02,  1.09000E-02,  1.11539E-02,  1.13993E-02,  1.16340E-02,  1.18569E-02,  1.20677E-02,  1.22680E-02,  1.24619E-02,  1.26577E-02,  1.28682E-02,NA,NA,NA,NA,NA,NA,NA,NA,NA,NA,NA,NA,NA,NA,NA,NA,NA,NA,NA,NA,NA,NA,NA,NA,NA,NA,NA,NA,NA,NA,NA,NA,NA,NA,NA,NA,NA,NA,NA,NA,NA,NA,NA,NA,NA,NA, -6.00466E-04, -9.46311E-04, -1.32339E-03, -1.71110E-03, -2.09431E-03, -2.46232E-03, -2.80788E-03, -3.12645E-03, -3.41548E-03, -3.67397E-03, -3.90199E-03, -4.10037E-03, -4.27048E-03, -4.41403E-03, -4.53289E-03, -4.62905E-03, -4.70449E-03, -4.76115E-03, -4.80091E-03,NA,
NA,NA,NA,  7.72570E-03,  7.94892E-03,  8.17865E-03,  8.41475E-03,  8.65697E-03,  8.90494E-03,  9.15820E-03,  9.41611E-03,  9.67793E-03,  9.94273E-03,  1.02095E-02,  1.04770E-02,  1.07440E-02,  1.10095E-02,  1.12726E-02,  1.15326E-02,  1.17901E-02,  1.20467E-02,  1.23057E-02,  1.25733E-02,  1.28588E-02,  1.31759E-02,  1.35433E-02,NA,NA,NA,NA,NA,NA,NA,NA,NA,NA,NA,NA,NA,NA,NA,NA,NA,NA,NA,NA,NA,NA,NA,NA,NA,NA,NA,NA,NA,NA,NA,NA,NA,NA,NA,NA,NA,NA,NA,NA,NA,NA,NA,NA,NA, -3.43222E-04, -6.43354E-04, -9.81490E-04, -1.33717E-03, -1.69507E-03, -2.04405E-03, -2.37630E-03, -2.68664E-03, -2.97188E-03, -3.23038E-03, -3.46160E-03, -3.66584E-03, -3.84396E-03, -3.99723E-03, -4.12714E-03, -4.23533E-03, -4.32352E-03, -4.39341E-03, -4.44666E-03,NA,
NA,NA,NA,  7.60651E-03,  7.82444E-03,  8.04892E-03,  8.27988E-03,  8.51718E-03,  8.76065E-03,  9.00999E-03,  9.26487E-03,  9.52487E-03,  9.78951E-03,  1.00583E-02,  1.03307E-02,  1.06064E-02,  1.08852E-02,  1.11673E-02,  1.14537E-02,  1.17462E-02,  1.20481E-02,  1.23643E-02,  1.27024E-02,  1.30730E-02,  1.34906E-02,  1.39738E-02,NA,NA,NA,NA,NA,NA,NA,NA,NA,NA,NA,NA,NA,NA,NA,NA,NA,NA,NA,NA,NA,NA,NA,NA,NA,NA,NA,NA,NA,NA,NA,NA,NA,NA,NA,NA,NA,NA,NA,NA,NA,NA,NA,NA,NA, -1.41551E-04, -3.99888E-04, -7.00914E-04, -1.02482E-03, -1.35648E-03, -1.68465E-03, -2.00121E-03, -2.30052E-03, -2.57893E-03, -2.83425E-03, -3.06546E-03, -3.27237E-03, -3.45539E-03, -3.61537E-03, -3.75348E-03, -3.87102E-03, -3.96943E-03, -4.05017E-03, -4.11472E-03,NA,
NA,NA,NA,NA,  7.70403E-03,  7.92389E-03,  8.15042E-03,  8.38363E-03,  8.62348E-03,  8.86993E-03,  9.12288E-03,  9.38226E-03,  9.64801E-03,  9.92014E-03,  1.01988E-02,  1.04844E-02,  1.07776E-02,  1.10797E-02,  1.13929E-02,  1.17201E-02,  1.20662E-02,  1.24374E-02,  1.28429E-02,  1.32943E-02,  1.38072E-02,  1.44011E-02,NA,NA,NA,NA,NA,NA,NA,NA,NA,NA,NA,NA,NA,NA,NA,NA,NA,NA,NA,NA,NA,NA,NA,NA,NA,NA,NA,NA,NA,NA,NA,NA,NA,NA,NA,NA,NA,NA,NA,NA,NA,NA,NA,NA,  1.73471E-04,  2.04113E-05, -2.01501E-04, -4.68720E-04, -7.62532E-04, -1.06838E-03, -1.37520E-03, -1.67480E-03, -1.96133E-03, -2.23076E-03, -2.48056E-03, -2.70926E-03, -2.91628E-03, -3.10165E-03, -3.26586E-03, -3.40973E-03, -3.53428E-03, -3.64070E-03, -3.73023E-03, -3.80412E-03,NA,
NA,NA,NA,NA,  7.58747E-03,  7.80327E-03,  8.02601E-03,  8.25581E-03,  8.49283E-03,  8.73720E-03,  8.98912E-03,  9.24883E-03,  9.51666E-03,  9.79312E-03,  1.00789E-02,  1.03751E-02,  1.06833E-02,  1.10056E-02,  1.13452E-02,  1.17063E-02,  1.20949E-02,  1.25185E-02,  1.29876E-02,  1.35153E-02,  1.41184E-02,  1.48176E-02,  1.56385E-02,NA,NA,NA,NA,NA,NA,NA,NA,NA,NA,NA,NA,NA,NA,NA,NA,NA,NA,NA,NA,NA,NA,NA,NA,NA,NA,NA,NA,NA,NA,NA,NA,NA,NA,NA,NA,NA,NA,NA,NA,NA,NA,NA,  2.80758E-04,  1.56251E-04, -3.55742E-05, -2.73375E-04, -5.39887E-04, -8.21433E-04, -1.10741E-03, -1.38978E-03, -1.66265E-03, -1.92181E-03, -2.16445E-03, -2.38881E-03, -2.59398E-03, -2.77967E-03, -2.94605E-03, -3.09366E-03, -3.22327E-03, -3.33579E-03, -3.43227E-03, -3.51378E-03,NA,
NA,NA,NA,NA,NA,  7.68670E-03,  7.90617E-03,  8.13315E-03,  8.36795E-03,  8.61091E-03,  8.86248E-03,  9.12320E-03,  9.39378E-03,  9.67515E-03,  9.96856E-03,  1.02757E-02,  1.05988E-02,  1.09409E-02,  1.13060E-02,  1.16994E-02,  1.21279E-02,  1.26007E-02,  1.31290E-02,  1.37276E-02,  1.44146E-02,  1.52127E-02,  1.61496E-02,NA,NA,NA,NA,NA,NA,NA,NA,NA,NA,NA,NA,NA,NA,NA,NA,NA,NA,NA,NA,NA,NA,NA,NA,NA,NA,NA,NA,NA,NA,NA,NA,NA,NA,NA,NA,NA,NA,NA,NA,NA,NA,NA,  3.81726E-04,  2.76963E-04,  1.08428E-04, -1.05006E-04, -3.47789E-04, -6.07370E-04, -8.73828E-04, -1.13949E-03, -1.39857E-03, -1.64685E-03, -1.88136E-03, -2.10013E-03, -2.30201E-03, -2.48646E-03, -2.65339E-03, -2.80309E-03, -2.93608E-03, -3.05310E-03, -3.15496E-03, -3.24258E-03,NA,
NA,NA,NA,NA,NA,  7.57375E-03,  7.79039E-03,  8.01500E-03,  8.24805E-03,  8.49008E-03,  8.74177E-03,  9.00392E-03,  9.27760E-03,  9.56412E-03,  9.86521E-03,  1.01831E-02,  1.05206E-02,  1.08814E-02,  1.12704E-02,  1.16937E-02,  1.21592E-02,  1.26767E-02,  1.32591E-02,  1.39221E-02,  1.46854E-02,  1.55738E-02,  1.66175E-02,NA,NA,NA,NA,NA,NA,NA,NA,NA,NA,NA,NA,NA,NA,NA,NA,NA,NA,NA,NA,NA,NA,NA,NA,NA,NA,NA,NA,NA,NA,NA,NA,NA,NA,NA,NA,NA,NA,NA,NA,NA,NA,  5.00137E-04,  4.84292E-04,  3.90883E-04,  2.38851E-04,  4.44710E-05, -1.78587E-04, -4.19075E-04, -6.67929E-04, -9.18000E-04, -1.16378E-03, -1.40112E-03, -1.62704E-03, -1.83948E-03, -2.03709E-03, -2.21915E-03, -2.38538E-03, -2.53585E-03, -2.67089E-03, -2.79104E-03, -2.89695E-03, -2.98938E-03,NA,
NA,NA,NA,NA,NA,NA,  7.67811E-03,  7.90068E-03,  8.13231E-03,  8.37371E-03,  8.62576E-03,  8.88953E-03,  9.16638E-03,  9.45796E-03,  9.76641E-03,  1.00944E-02,  1.04453E-02,  1.08234E-02,  1.12341E-02,  1.16843E-02,  1.21827E-02,  1.27400E-02,  1.33700E-02,  1.40896E-02,  1.49199E-02,  1.58874E-02,  1.70248E-02,NA,NA,NA,NA,NA,NA,NA,NA,NA,NA,NA,NA,NA,NA,NA,NA,NA,NA,NA,NA,NA,NA,NA,NA,NA,NA,NA,NA,NA,NA,NA,NA,NA,NA,NA,NA,NA,NA,NA,NA,NA,NA,  6.15200E-04,  5.93422E-04,  5.03812E-04,  3.61904E-04,  1.81359E-04, -2.61003E-05, -2.50635E-04, -4.84161E-04, -7.20172E-04, -9.53548E-04, -1.18036E-03, -1.39769E-03, -1.60343E-03, -1.79617E-03, -1.97506E-03, -2.13966E-03, -2.28988E-03, -2.42589E-03, -2.54806E-03, -2.65691E-03,NA,NA,
NA,NA,NA,NA,NA,NA,NA,  7.78949E-03,  8.01988E-03,  8.26078E-03,  8.51325E-03,  8.77860E-03,  9.05842E-03,  9.35467E-03,  9.66981E-03,  1.00069E-02,  1.03697E-02,  1.07630E-02,  1.11927E-02,  1.16663E-02,  1.21930E-02,  1.27843E-02,  1.34546E-02,  1.42217E-02,  1.51079E-02,  1.61408E-02,  1.73554E-02,NA,NA,NA,NA,NA,NA,NA,NA,NA,NA,NA,NA,NA,NA,NA,NA,NA,NA,NA,NA,NA,NA,NA,NA,NA,NA,NA,NA,NA,NA,NA,NA,NA,NA,NA,NA,NA,NA,NA,NA,NA,  7.10178E-04,  7.46227E-04,  7.11538E-04,  6.19302E-04,  4.81842E-04,  3.10293E-04,  1.14442E-04, -9.73186E-05, -3.17948E-04, -5.41670E-04, -7.63844E-04, -9.80835E-04, -1.18987E-03, -1.38890E-03, -1.57649E-03, -1.75172E-03, -1.91403E-03, -2.06324E-03, -2.19937E-03, -2.32267E-03, -2.43352E-03,NA,NA,
NA,NA,NA,NA,NA,NA,NA,  7.68075E-03,  7.90993E-03,  8.15031E-03,  8.40309E-03,  8.66977E-03,  8.95213E-03,  9.25240E-03,  9.57327E-03,  9.91810E-03,  1.02910E-02,  1.06971E-02,  1.11427E-02,  1.16356E-02,  1.21854E-02,  1.28042E-02,  1.35067E-02,  1.43112E-02,  1.52406E-02,  1.63234E-02,  1.75953E-02,NA,NA,NA,NA,NA,NA,NA,NA,NA,NA,NA,NA,NA,NA,NA,NA,NA,NA,NA,NA,NA,NA,NA,NA,NA,NA,NA,NA,NA,NA,NA,NA,NA,NA,NA,NA,NA,NA,NA,NA,NA,  8.87854E-04,  8.91844E-04,  8.39028E-04,  7.39028E-04,  6.01235E-04,  4.34424E-04,  2.46527E-04,  4.45133E-05, -1.65642E-04, -3.78934E-04, -5.91261E-04, -7.99341E-04, -1.00062E-03, -1.19315E-03, -1.37555E-03, -1.54686E-03, -1.70647E-03, -1.85412E-03, -1.98973E-03, -2.11345E-03, -2.22555E-03,NA,NA,
NA,NA,NA,NA,NA,NA,NA,NA,  7.80169E-03,  8.04139E-03,  8.29421E-03,  8.56178E-03,  8.84607E-03,  9.14946E-03,  9.47487E-03,  9.82586E-03,  1.02068E-02,  1.06229E-02,  1.10809E-02,  1.15886E-02,  1.21561E-02,  1.27953E-02,  1.35212E-02,  1.43523E-02,  1.53114E-02,  1.64270E-02,  1.77348E-02,NA,NA,NA,NA,NA,NA,NA,NA,NA,NA,NA,NA,NA,NA,NA,NA,NA,NA,NA,NA,NA,NA,NA,NA,NA,NA,NA,NA,NA,NA,NA,NA,NA,NA,NA,NA,NA,NA,NA,NA,  1.06137E-03,  1.07998E-03,  1.04921E-03,  9.74775E-04,  8.63203E-04,  7.21285E-04,  5.55659E-04,  3.72534E-04,  1.77524E-04, -2.44374E-05, -2.29125E-04, -4.33003E-04, -6.33188E-04, -8.27380E-04, -1.01381E-03, -1.19114E-03, -1.35846E-03, -1.51514E-03, -1.66085E-03, -1.79548E-03, -1.91906E-03,NA,NA,NA,
NA,NA,NA,NA,NA,NA,NA,NA,  7.69443E-03,  7.93317E-03,  8.18562E-03,  8.45351E-03,  8.73894E-03,  9.04441E-03,  9.37298E-03,  9.72833E-03,  1.01149E-02,  1.05382E-02,  1.10048E-02,  1.15228E-02,  1.21020E-02,  1.27544E-02,  1.34949E-02,  1.43414E-02,  1.53163E-02,  1.64473E-02,  1.77689E-02,NA,NA,NA,NA,NA,NA,NA,NA,NA,NA,NA,NA,NA,NA,NA,NA,NA,NA,NA,NA,NA,NA,NA,NA,NA,NA,NA,NA,NA,NA,NA,NA,NA,NA,NA,NA,NA,NA,NA,  1.30953E-03,  1.31287E-03,  1.28094E-03,  1.21462E-03,  1.11665E-03,  9.90979E-04,  8.42145E-04,  6.74906E-04,  4.93919E-04,  3.03547E-04,  1.07737E-04, -9.00446E-05, -2.86834E-04, -4.80160E-04, -6.68014E-04, -8.48810E-04, -1.02134E-03, -1.18473E-03, -1.33838E-03, -1.48194E-03, -1.61523E-03, -1.73827E-03,NA,NA,NA,
NA,NA,NA,NA,NA,NA,NA,NA,NA,  7.82490E-03,  8.07647E-03,  8.34400E-03,  8.62966E-03,  8.93604E-03,  9.26625E-03,  9.62402E-03,  1.00139E-02,  1.04412E-02,  1.09127E-02,  1.14362E-02,  1.20213E-02,  1.26798E-02,  1.34259E-02,  1.42768E-02,  1.52540E-02,  1.63834E-02,  1.76975E-02,NA,NA,NA,NA,NA,NA,NA,NA,NA,NA,NA,NA,NA,NA,NA,NA,NA,NA,NA,NA,NA,NA,NA,NA,NA,NA,NA,NA,NA,NA,NA,NA,NA,NA,NA,NA,NA,NA,  1.66964E-03,  1.62486E-03,  1.56484E-03,  1.48510E-03,  1.38400E-03,  1.26197E-03,  1.12082E-03,  9.63224E-04,  7.92325E-04,  6.11418E-04,  4.23740E-04,  2.32334E-04,  3.99475E-05, -1.51006E-04, -3.38470E-04, -5.20738E-04, -6.96436E-04, -8.64493E-04, -1.02411E-03, -1.17474E-03, -1.31601E-03, -1.44776E-03, -1.56994E-03,NA,NA,NA,
NA,NA,NA,NA,NA,NA,NA,NA,NA,  7.71594E-03,  7.96603E-03,  8.23244E-03,  8.51734E-03,  8.82337E-03,  9.15363E-03,  9.51185E-03,  9.90249E-03,  1.03309E-02,  1.08034E-02,  1.13278E-02,  1.19132E-02,  1.25708E-02,  1.33140E-02,  1.41591E-02,  1.51258E-02,  1.62380E-02,  1.75251E-02,  1.90231E-02,NA,NA,NA,NA,NA,NA,NA,NA,NA,NA,NA,NA,NA,NA,NA,NA,NA,NA,NA,NA,NA,NA,NA,NA,NA,NA,NA,NA,NA,NA,NA,NA,NA,NA,NA,NA,NA,  2.04354E-03,  1.92744E-03,  1.81072E-03,  1.68715E-03,  1.55329E-03,  1.40779E-03,  1.25080E-03,  1.08345E-03,  9.07551E-04,  7.25225E-04,  5.38733E-04,  3.50304E-04,  1.62032E-04, -2.41898E-05, -2.06704E-04, -3.84106E-04, -5.55238E-04, -7.19184E-04, -8.75243E-04, -1.02291E-03, -1.16187E-03, -1.29193E-03,NA,NA,NA,NA,
NA,NA,NA,NA,NA,NA,NA,NA,NA,NA,  7.85373E-03,  8.11818E-03,  8.40130E-03,  8.70568E-03,  9.03439E-03,  9.39108E-03,  9.78007E-03,  1.02065E-02,  1.06765E-02,  1.11973E-02,  1.17777E-02,  1.24280E-02,  1.31607E-02,  1.39905E-02,  1.49353E-02,  1.60166E-02,  1.72601E-02,  1.86970E-02,NA,NA,NA,NA,NA,NA,NA,NA,NA,NA,NA,NA,NA,NA,NA,NA,NA,NA,NA,NA,NA,NA,NA,NA,NA,NA,NA,NA,NA,NA,NA,NA,NA,NA,NA,  2.82060E-03,  2.58615E-03,  2.38789E-03,  2.21104E-03,  2.04499E-03,  1.88245E-03,  1.71876E-03,  1.55127E-03,  1.37887E-03,  1.20151E-03,  1.01988E-03,  8.35163E-04,  6.48765E-04,  4.62214E-04,  2.77017E-04,  9.45971E-05, -8.37649E-05, -2.56953E-04, -4.24027E-04, -5.84227E-04, -7.36963E-04, -8.81800E-04, -1.01845E-03, -1.14674E-03,NA,NA,NA,NA,
NA,NA,NA,NA,NA,NA,NA,NA,NA,NA,  7.73912E-03,  8.00078E-03,  8.28107E-03,  8.58252E-03,  8.90810E-03,  9.26133E-03,  9.64634E-03,  1.00680E-02,  1.05321E-02,  1.10453E-02,  1.16158E-02,  1.22531E-02,  1.29682E-02,  1.37747E-02,  1.46881E-02,  1.57270E-02,  1.69137E-02,  1.82740E-02,  1.98388E-02,NA,NA,NA,NA,NA,NA,NA,NA,NA,NA,NA,NA,NA,NA,NA,NA,NA,NA,NA,NA,NA,NA,NA,NA,NA,NA,NA,NA,NA,NA,NA,NA,NA,  3.62204E-03,  3.25713E-03,  2.95539E-03,  2.69815E-03,  2.47104E-03,  2.26330E-03,  2.06712E-03,  1.87711E-03,  1.68977E-03,  1.50304E-03,  1.31599E-03,  1.12846E-03,  9.40820E-04,  7.53808E-04,  5.68343E-04,  3.85427E-04,  2.06060E-04,  3.11831E-05, -1.38358E-04, -3.01831E-04, -4.58632E-04, -6.08283E-04, -7.50425E-04, -8.84816E-04,NA,NA,NA,NA,NA,
NA,NA,NA,NA,NA,NA,NA,NA,NA,NA,NA,  7.87991E-03,  8.15635E-03,  8.45363E-03,  8.77459E-03,  9.12255E-03,  9.50141E-03,  9.91572E-03,  1.03708E-02,  1.08729E-02,  1.14292E-02,  1.20484E-02,  1.27403E-02,  1.35166E-02,  1.43909E-02,  1.53788E-02,  1.64987E-02,  1.77716E-02,  1.92217E-02,NA,NA,NA,NA,NA,NA,NA,NA,NA,NA,NA,NA,NA,NA,NA,NA,NA,NA,NA,NA,NA,NA,NA,NA,NA,NA,NA,NA,NA,NA,NA,NA,  4.55394E-03,  4.04695E-03,  3.62768E-03,  3.27495E-03,  2.97167E-03,  2.70433E-03,  2.46245E-03,  2.23815E-03,  2.02568E-03,  1.82102E-03,  1.62152E-03,  1.42556E-03,  1.23235E-03,  1.04166E-03,  8.53665E-04,  6.68778E-04,  4.87575E-04,  3.10692E-04,  1.38768E-04, -2.75966E-05, -1.87863E-04, -3.41576E-04, -4.88367E-04, -6.27958E-04, -7.60158E-04,NA,NA,NA,NA,NA,
NA,NA,NA,NA,NA,NA,NA,NA,NA,NA,NA,  7.75544E-03,  8.02706E-03,  8.31899E-03,  8.63393E-03,  8.97497E-03,  9.34572E-03,  9.75037E-03,  1.01938E-02,  1.06815E-02,  1.12201E-02,  1.18171E-02,  1.24811E-02,  1.32221E-02,  1.40514E-02,  1.49820E-02,  1.60286E-02,  1.72078E-02,  1.85375E-02,  2.00373E-02,NA,NA,NA,NA,NA,NA,NA,NA,NA,NA,NA,NA,NA,NA,NA,NA,NA,NA,NA,NA,NA,NA,NA,NA,NA,NA,NA,NA,NA,  6.36412E-03,  5.58187E-03,  4.93264E-03,  4.39082E-03,  3.93447E-03,  3.54511E-03,  3.20746E-03,  2.90915E-03,  2.64033E-03,  2.39334E-03,  2.16239E-03,  1.94320E-03,  1.73275E-03,  1.52900E-03,  1.33069E-03,  1.13713E-03,  9.48052E-04,  7.63479E-04,  5.83629E-04,  4.08828E-04,  2.39455E-04,  7.58954E-05, -8.14879E-05, -2.32377E-04, -3.76509E-04, -5.13685E-04,NA,NA,NA,NA,NA,NA,
NA,NA,NA,NA,NA,NA,NA,NA,NA,NA,NA,NA,  7.89323E-03,  8.17875E-03,  8.48640E-03,  8.81904E-03,  9.17997E-03,  9.57297E-03,  1.00024E-02,  1.04732E-02,  1.09912E-02,  1.15627E-02,  1.21952E-02,  1.28970E-02,  1.36774E-02,  1.45469E-02,  1.55168E-02,  1.65995E-02,  1.78081E-02,  1.91558E-02,NA,NA,NA,NA,NA,NA,NA,NA,NA,NA,NA,NA,NA,NA,NA,NA,NA,NA,NA,NA,NA,NA,NA,NA,NA,NA,NA,  8.67504E-03,  7.58288E-03,  6.65949E-03,  5.87969E-03,  5.22022E-03,  4.66019E-03,  4.18124E-03,  3.76757E-03,  3.40582E-03,  3.08490E-03,  2.79580E-03,  2.53130E-03,  2.28577E-03,  2.05491E-03,  1.83552E-03,  1.62531E-03,  1.42271E-03,  1.22669E-03,  1.03666E-03,  8.52344E-04,  6.73662E-04,  5.00692E-04,  3.33591E-04,  1.72561E-04,  1.78085E-05, -1.30472E-04, -2.72114E-04, -4.06994E-04,NA,NA,NA,NA,NA,NA,
NA,NA,NA,NA,NA,NA,NA,NA,NA,NA,NA,NA,  7.75506E-03,  8.03322E-03,  8.33247E-03,  8.65543E-03,  9.00507E-03,  9.38476E-03,  9.79837E-03,  1.02502E-02,  1.07452E-02,  1.12889E-02,  1.18874E-02,  1.25476E-02,  1.32768E-02,  1.40833E-02,  1.49755E-02,  1.59625E-02,  1.70529E-02,  1.82551E-02,  1.95757E-02,NA,NA,NA,NA,NA,NA,NA,NA,NA,NA,NA,NA,NA,NA,NA,NA,NA,NA,NA,NA,NA,NA,NA,NA,  1.13360E-02,  9.96029E-03,  8.76531E-03,  7.73337E-03,  6.84555E-03,  6.08295E-03,  5.42749E-03,  4.86245E-03,  4.37275E-03,  3.94511E-03,  3.56808E-03,  3.23191E-03,  2.92852E-03,  2.65129E-03,  2.39491E-03,  2.15519E-03,  1.92893E-03,  1.71371E-03,  1.50777E-03,  1.30988E-03,  1.11921E-03,  9.35250E-04,  7.57701E-04,  5.86438E-04,  4.21440E-04,  2.62750E-04,  1.10445E-04, -3.53906E-05, -1.74679E-04,NA,NA,NA,NA,NA,NA,NA,
NA,NA,NA,NA,NA,NA,NA,NA,NA,NA,NA,NA,NA,  7.88283E-03,  8.17275E-03,  8.48495E-03,  8.82209E-03,  9.18715E-03,  9.58348E-03,  1.00148E-02,  1.04853E-02,  1.09995E-02,  1.15625E-02,  1.21797E-02,  1.28570E-02,  1.36004E-02,  1.44160E-02,  1.53101E-02,  1.62880E-02,  1.73542E-02,  1.85112E-02,  1.97586E-02,NA,NA,NA,NA,NA,NA,NA,NA,NA,NA,NA,NA,NA,NA,NA,NA,NA,NA,NA,NA,NA,NA,  1.24939E-02,  1.10940E-02,  9.84830E-03,  8.74877E-03,  7.78409E-03,  6.94114E-03,  6.20611E-03,  5.56522E-03,  5.00535E-03,  4.51435E-03,  4.08123E-03,  3.69632E-03,  3.35124E-03,  3.03885E-03,  2.75319E-03,  2.48939E-03,  2.24349E-03,  2.01238E-03,  1.79364E-03,  1.58541E-03,  1.38635E-03,  1.19547E-03,  1.01209E-03,  8.35754E-04,  6.66182E-04,  5.03208E-04,  3.46748E-04,  1.96768E-04,  5.32614E-05, -8.37708E-05,NA,NA,NA,NA,NA,NA,NA,
NA,NA,NA,NA,NA,NA,NA,NA,NA,NA,NA,NA,NA,NA,  8.00792E-03,  8.30851E-03,  8.63222E-03,  8.98164E-03,  9.35964E-03,  9.76937E-03,  1.02143E-02,  1.06982E-02,  1.12250E-02,  1.17990E-02,  1.24246E-02,  1.31062E-02,  1.38480E-02,  1.46538E-02,  1.55265E-02,  1.64679E-02,  1.74775E-02,  1.85521E-02,  1.96845E-02,NA,NA,NA,NA,NA,NA,NA,NA,NA,NA,NA,NA,NA,NA,NA,NA,NA,NA,NA,NA,  1.33840E-02,  1.20213E-02,  1.07782E-02,  9.65572E-03,  8.65049E-03,  7.75585E-03,  6.96312E-03,  6.26247E-03,  5.64368E-03,  5.09661E-03,  4.61163E-03,  4.17983E-03,  3.79314E-03,  3.44446E-03,  3.12761E-03,  2.83733E-03,  2.56921E-03,  2.31961E-03,  2.08558E-03,  1.86476E-03,  1.65533E-03,  1.45585E-03,  1.26526E-03,  1.08278E-03,  9.07832E-04,  7.40019E-04,  5.79067E-04,  4.24792E-04,  2.77072E-04,  1.35823E-04,NA,NA,NA,NA,NA,NA,NA,NA,
NA,NA,NA,NA,NA,NA,NA,NA,NA,NA,NA,NA,NA,NA,  7.83876E-03,  8.12708E-03,  8.43667E-03,  8.76974E-03,  9.12873E-03,  9.51625E-03,  9.93512E-03,  1.03883E-02,  1.08790E-02,  1.14104E-02,  1.19856E-02,  1.26077E-02,  1.32794E-02,  1.40026E-02,  1.47785E-02,  1.56069E-02,  1.64853E-02,  1.74092E-02,  1.83700E-02,  1.93555E-02,  2.03483E-02,NA,NA,NA,NA,NA,NA,NA,NA,NA,NA,NA,NA,NA,NA,NA,NA,  1.53225E-02,  1.39824E-02,  1.27087E-02,  1.15164E-02,  1.04144E-02,  9.40605E-03,  8.49117E-03,  7.66637E-03,  6.92624E-03,  6.26405E-03,  5.67239E-03,  5.14360E-03,  4.67017E-03,  4.24497E-03,  3.86140E-03,  3.51351E-03,  3.19604E-03,  2.90441E-03,  2.63470E-03,  2.38362E-03,  2.14846E-03,  1.92697E-03,  1.71737E-03,  1.51826E-03,  1.32852E-03,  1.14730E-03,  9.73971E-04,  8.08046E-04,  6.49174E-04,  4.97094E-04,  3.51614E-04,NA,NA,NA,NA,NA,NA,NA,NA,NA,
NA,NA,NA,NA,NA,NA,NA,NA,NA,NA,NA,NA,NA,NA,NA,  7.94167E-03,  8.23668E-03,  8.55298E-03,  8.89259E-03,  9.25765E-03,  9.65042E-03,  1.00732E-02,  1.05284E-02,  1.10184E-02,  1.15452E-02,  1.21109E-02,  1.27168E-02,  1.33638E-02,  1.40516E-02,  1.47786E-02,  1.55415E-02,  1.63347E-02,  1.71497E-02,  1.79748E-02,  1.87945E-02,  1.95892E-02,  2.03356E-02,NA,NA,NA,NA,NA,NA,NA,NA,NA,NA,NA,NA,  1.66402E-02,  1.54658E-02,  1.42927E-02,  1.31453E-02,  1.20427E-02,  1.09985E-02,  1.00219E-02,  9.11775E-03,  8.28764E-03,  7.53046E-03,  6.84318E-03,  6.22142E-03,  5.65997E-03,  5.15319E-03,  4.69531E-03,  4.28073E-03,  3.90411E-03,  3.56055E-03,  3.24562E-03,  2.95540E-03,  2.68646E-03,  2.43587E-03,  2.20117E-03,  1.98030E-03,  1.77155E-03,  1.57356E-03,  1.38522E-03,  1.20567E-03,  1.03423E-03,  8.70373E-04,  7.13683E-04,  5.63849E-04,  4.20627E-04,NA,NA,NA,NA,NA,NA,NA,NA,NA,
NA,NA,NA,NA,NA,NA,NA,NA,NA,NA,NA,NA,NA,NA,NA,NA,  8.03346E-03,  8.33282E-03,  8.65298E-03,  8.99567E-03,  9.36264E-03,  9.75567E-03,  1.01765E-02,  1.06266E-02,  1.11076E-02,  1.16203E-02,  1.21654E-02,  1.27427E-02,  1.33510E-02,  1.39879E-02,  1.46497E-02,  1.53303E-02,  1.60218E-02,  1.67134E-02,  1.73916E-02,  1.80402E-02,  1.86401E-02,  1.91705E-02,  1.96092E-02,  1.99345E-02,NA,NA,NA,NA,NA,NA,  1.80280E-02,  1.72030E-02,  1.62961E-02,  1.53336E-02,  1.43410E-02,  1.33414E-02,  1.23547E-02,  1.13972E-02,  1.04811E-02,  9.61529E-03,  8.80513E-03,  8.05332E-03,  7.36027E-03,  6.72461E-03,  6.14373E-03,  5.61409E-03,  5.13164E-03,  4.69207E-03,  4.29103E-03,  3.92427E-03,  3.58781E-03,  3.27798E-03,  2.99144E-03,  2.72527E-03,  2.47687E-03,  2.24406E-03,  2.02495E-03,  1.81797E-03,  1.62183E-03,  1.43545E-03,  1.25798E-03,  1.08872E-03,  9.27127E-04,  7.72751E-04,  6.25245E-04,NA,NA,NA,NA,NA,NA,NA,NA,NA,NA,
NA,NA,NA,NA,NA,NA,NA,NA,NA,NA,NA,NA,NA,NA,NA,NA,NA,  8.11061E-03,  8.41150E-03,  8.73218E-03,  9.07398E-03,  9.43820E-03,  9.82602E-03,  1.02385E-02,  1.06763E-02,  1.11399E-02,  1.16291E-02,  1.21431E-02,  1.26802E-02,  1.32377E-02,  1.38113E-02,  1.43954E-02,  1.49825E-02,  1.55630E-02,  1.61255E-02,  1.66564E-02,  1.71405E-02,  1.75613E-02,  1.79020E-02,  1.81464E-02,  1.82799E-02,  1.82911E-02,  1.81729E-02,  1.79229E-02,  1.75445E-02,  1.70463E-02,  1.64416E-02,  1.57474E-02,  1.49828E-02,  1.41680E-02,  1.33230E-02,  1.24661E-02,  1.16136E-02,  1.07792E-02,  9.97365E-03,  9.20512E-03,  8.47909E-03,  7.79883E-03,  7.16568E-03,  6.57945E-03,  6.03877E-03,  5.54141E-03,  5.08455E-03,  4.66504E-03,  4.27956E-03,  3.92480E-03,  3.59755E-03,  3.29482E-03,  3.01382E-03,  2.75205E-03,  2.50728E-03,  2.27757E-03,  2.06125E-03,  1.85687E-03,  1.66324E-03,  1.47934E-03,  1.30435E-03,  1.13757E-03,  9.78457E-04,  8.26547E-04,NA,NA,NA,NA,NA,NA,NA,NA,NA,NA,NA,
NA,NA,NA,NA,NA,NA,NA,NA,NA,NA,NA,NA,NA,NA,NA,NA,NA,NA,  8.16962E-03,  8.46887E-03,  8.78636E-03,  9.12297E-03,  9.47947E-03,  9.85641E-03,  1.02541E-02,  1.06723E-02,  1.11106E-02,  1.15676E-02,  1.20414E-02,  1.25289E-02,  1.30261E-02,  1.35276E-02,  1.40265E-02,  1.45147E-02,  1.49822E-02,  1.54181E-02,  1.58100E-02,  1.61450E-02,  1.64102E-02,  1.65934E-02,  1.66837E-02,  1.66731E-02,  1.65563E-02,  1.63322E-02,  1.60033E-02,  1.55764E-02,  1.50615E-02,  1.44715E-02,  1.38211E-02,  1.31259E-02,  1.24015E-02,  1.16626E-02,  1.09224E-02,  1.01925E-02,  9.48226E-03,  8.79891E-03,  8.14779E-03,  7.53239E-03,  6.95459E-03,  6.41499E-03,  5.91311E-03,  5.44768E-03,  5.01684E-03,  4.61834E-03,  4.24972E-03,  3.90844E-03,  3.59196E-03,  3.29786E-03,  3.02383E-03,  2.76779E-03,  2.52783E-03,  2.30226E-03,  2.08960E-03,  1.88856E-03,  1.69804E-03,  1.51710E-03,  1.34496E-03,  1.18095E-03,  1.02454E-03,NA,NA,NA,NA,NA,NA,NA,NA,NA,NA,NA,NA,
NA,NA,NA,NA,NA,NA,NA,NA,NA,NA,NA,NA,NA,NA,NA,NA,NA,NA,NA,  8.20722E-03,  8.50142E-03,  8.81180E-03,  9.13879E-03,  9.48258E-03,  9.84308E-03,  1.02198E-02,  1.06119E-02,  1.10179E-02,  1.14355E-02,  1.18617E-02,  1.22927E-02,  1.27235E-02,  1.31481E-02,  1.35593E-02,  1.39488E-02,  1.43076E-02,  1.46258E-02,  1.48932E-02,  1.50997E-02,  1.52362E-02,  1.52945E-02,  1.52687E-02,  1.51552E-02,  1.49532E-02,  1.46650E-02,  1.42958E-02,  1.38532E-02,  1.33473E-02,  1.27895E-02,  1.21918E-02,  1.15666E-02,  1.09257E-02,  1.02800E-02,  9.63901E-03,  9.01083E-03,  8.40194E-03,  7.81727E-03,  7.26032E-03,  6.73326E-03,  6.23717E-03,  5.77221E-03,  5.33778E-03,  4.93276E-03,  4.55563E-03,  4.20459E-03,  3.87774E-03,  3.57311E-03,  3.28875E-03,  3.02281E-03,  2.77354E-03,  2.53934E-03,  2.31876E-03,  2.11050E-03,  1.91342E-03,  1.72653E-03,  1.54898E-03,  1.38003E-03,  1.21907E-03,NA,NA,NA,NA,NA,NA,NA,NA,NA,NA,NA,NA,NA,
NA,NA,NA,NA,NA,NA,NA,NA,NA,NA,NA,NA,NA,NA,NA,NA,NA,NA,NA,NA,  8.22054E-03,  8.50618E-03,  8.80554E-03,  9.11857E-03,  9.44490E-03,  9.78384E-03,  1.01343E-02,  1.04946E-02,  1.08625E-02,  1.12352E-02,  1.16090E-02,  1.19794E-02,  1.23412E-02,  1.26882E-02,  1.30135E-02,  1.33095E-02,  1.35684E-02,  1.37821E-02,  1.39428E-02,  1.40434E-02,  1.40778E-02,  1.40416E-02,  1.39323E-02,  1.37495E-02,  1.34950E-02,  1.31729E-02,  1.27893E-02,  1.23520E-02,  1.18697E-02,  1.13522E-02,  1.08092E-02,  1.02502E-02,  9.68408E-03,  9.11892E-03,  8.56157E-03,  8.01772E-03,  7.49188E-03,  6.98741E-03,  6.50658E-03,  6.05077E-03,  5.62054E-03,  5.21581E-03,  4.83599E-03,  4.48012E-03,  4.14693E-03,  3.83504E-03,  3.54294E-03,  3.26911E-03,  3.01205E-03,  2.77034E-03,  2.54263E-03,  2.32771E-03,  2.12445E-03,  1.93186E-03,  1.74906E-03,  1.57527E-03,  1.40982E-03,NA,NA,NA,NA,NA,NA,NA,NA,NA,NA,NA,NA,NA,NA,
NA,NA,NA,NA,NA,NA,NA,NA,NA,NA,NA,NA,NA,NA,NA,NA,NA,NA,NA,NA,NA,  8.20731E-03,  8.48096E-03,  8.76558E-03,  9.06062E-03,  9.36525E-03,  9.67822E-03,  9.99788E-03,  1.03220E-02,  1.06480E-02,  1.09724E-02,  1.12912E-02,  1.15999E-02,  1.18932E-02,  1.21653E-02,  1.24101E-02,  1.26211E-02,  1.27920E-02,  1.29166E-02,  1.29894E-02,  1.30059E-02,  1.29628E-02,  1.28582E-02,  1.26919E-02,  1.24656E-02,  1.21825E-02,  1.18475E-02,  1.14665E-02,  1.10466E-02,  1.05954E-02,  1.01209E-02,  9.63064E-03,  9.13201E-03,  8.63168E-03,  8.13552E-03,  7.64851E-03,  7.17469E-03,  6.71720E-03,  6.27832E-03,  5.85957E-03,  5.46177E-03,  5.08519E-03,  4.72964E-03,  4.39457E-03,  4.07917E-03,  3.78242E-03,  3.50322E-03,  3.24040E-03,  2.99277E-03,  2.75918E-03,  2.53854E-03,  2.32980E-03,  2.13202E-03,  1.94435E-03,  1.76600E-03,  1.59628E-03,NA,NA,NA,NA,NA,NA,NA,NA,NA,NA,NA,NA,NA,NA,NA,
NA,NA,NA,NA,NA,NA,NA,NA,NA,NA,NA,NA,NA,NA,NA,NA,NA,NA,NA,NA,NA,NA,  8.16595E-03,  8.42445E-03,  8.69097E-03,  8.96456E-03,  9.24395E-03,  9.52749E-03,  9.81312E-03,  1.00983E-02,  1.03800E-02,  1.06547E-02,  1.09185E-02,  1.11668E-02,  1.13948E-02,  1.15975E-02,  1.17696E-02,  1.19061E-02,  1.20021E-02,  1.20534E-02,  1.20565E-02,  1.20088E-02,  1.19091E-02,  1.17573E-02,  1.15548E-02,  1.13043E-02,  1.10095E-02,  1.06752E-02,  1.03072E-02,  9.91140E-03,  9.49426E-03,  9.06205E-03,  8.62079E-03,  8.17608E-03,  7.73291E-03,  7.29560E-03,  6.86777E-03,  6.45229E-03,  6.05136E-03,  5.66654E-03,  5.29883E-03,  4.94873E-03,  4.61632E-03,  4.30138E-03,  4.00341E-03,  3.72174E-03,  3.45556E-03,  3.20400E-03,  2.96614E-03,  2.74106E-03,  2.52786E-03,  2.32570E-03,  2.13377E-03,  1.95134E-03,  1.77774E-03,NA,NA,NA,NA,NA,NA,NA,NA,NA,NA,NA,NA,NA,NA,NA,NA,
NA,NA,NA,NA,NA,NA,NA,NA,NA,NA,NA,NA,NA,NA,NA,NA,NA,NA,NA,NA,NA,NA,NA,  8.09574E-03,  8.33632E-03,  8.58192E-03,  8.83126E-03,  9.08277E-03,  9.33450E-03,  9.58414E-03,  9.82898E-03,  1.00659E-02,  1.02916E-02,  1.05020E-02,  1.06934E-02,  1.08614E-02,  1.10018E-02,  1.11106E-02,  1.11839E-02,  1.12183E-02,  1.12113E-02,  1.11608E-02,  1.10660E-02,  1.09269E-02,  1.07447E-02,  1.05215E-02,  1.02604E-02,  9.96523E-03,  9.64057E-03,  9.29132E-03,  8.92263E-03,  8.53966E-03,  8.14742E-03,  7.75058E-03,  7.35340E-03,  6.95963E-03,  6.57245E-03,  6.19450E-03,  5.82783E-03,  5.47401E-03,  5.13408E-03,  4.80872E-03,  4.49821E-03,  4.20255E-03,  3.92150E-03,  3.65464E-03,  3.40141E-03,  3.16117E-03,  2.93323E-03,  2.71688E-03,  2.51139E-03,  2.31607E-03,  2.13025E-03,NA,NA,NA,NA,NA,NA,NA,NA,NA,NA,NA,NA,NA,NA,NA,NA,NA,NA,
NA,NA,NA,NA,NA,NA,NA,NA,NA,NA,NA,NA,NA,NA,NA,NA,NA,NA,NA,NA,NA,NA,NA,NA,NA,  8.21721E-03,  8.43972E-03,  8.66283E-03,  8.88477E-03,  9.10342E-03,  9.31639E-03,  9.52097E-03,  9.71419E-03,  9.89285E-03,  1.00536E-02,  1.01929E-02,  1.03073E-02,  1.03936E-02,  1.04487E-02,  1.04700E-02,  1.04554E-02,  1.04034E-02,  1.03134E-02,  1.01855E-02,  1.00206E-02,  9.82059E-03,  9.58789E-03,  9.32567E-03,  9.03759E-03,  8.72766E-03,  8.40008E-03,  8.05912E-03,  7.70893E-03,  7.35344E-03,  6.99629E-03,  6.64071E-03,  6.28952E-03,  5.94509E-03,  5.60932E-03,  5.28372E-03,  4.96938E-03,  4.66703E-03,  4.37711E-03,  4.09979E-03,  3.83500E-03,  3.58253E-03,  3.34203E-03,  3.11303E-03,  2.89504E-03,  2.68750E-03,  2.48985E-03,  2.30154E-03,NA,NA,NA,NA,NA,NA,NA,NA,NA,NA,NA,NA,NA,NA,NA,NA,NA,NA,NA,
NA,NA,NA,NA,NA,NA,NA,NA,NA,NA,NA,NA,NA,NA,NA,NA,NA,NA,NA,NA,NA,NA,NA,NA,NA,NA,  8.06868E-03,  8.26665E-03,  8.46239E-03,  8.65402E-03,  8.83940E-03,  9.01619E-03,  9.18183E-03,  9.33359E-03,  9.46865E-03,  9.58413E-03,  9.67723E-03,  9.74526E-03,  9.78578E-03,  9.79672E-03,  9.77644E-03,  9.72383E-03,  9.63842E-03,  9.52037E-03,  9.37048E-03,  9.19024E-03,  8.98169E-03,  8.74741E-03,  8.49039E-03,  8.21390E-03,  7.92141E-03,  7.61645E-03,  7.30250E-03,  6.98286E-03,  6.66065E-03,  6.33865E-03,  6.01935E-03,  5.70486E-03,  5.39694E-03,  5.09701E-03,  4.80615E-03,  4.52514E-03,  4.25450E-03,  3.99451E-03,  3.74526E-03,  3.50667E-03,  3.27854E-03,  3.06059E-03,  2.85245E-03,  2.65371E-03,NA,NA,NA,NA,NA,NA,NA,NA,NA,NA,NA,NA,NA,NA,NA,NA,NA,NA,NA,NA,NA,
NA,NA,NA,NA,NA,NA,NA,NA,NA,NA,NA,NA,NA,NA,NA,NA,NA,NA,NA,NA,NA,NA,NA,NA,NA,NA,NA,NA,  8.06581E-03,  8.23385E-03,  8.39534E-03,  8.54822E-03,  8.69031E-03,  8.81930E-03,  8.93280E-03,  9.02844E-03,  9.10390E-03,  9.15700E-03,  9.18578E-03,  9.18857E-03,  9.16411E-03,  9.11154E-03,  9.03051E-03,  8.92120E-03,  8.78432E-03,  8.62109E-03,  8.43320E-03,  8.22278E-03,  7.99227E-03,  7.74440E-03,  7.48202E-03,  7.20807E-03,  6.92547E-03,  6.63703E-03,  6.34540E-03,  6.05299E-03,  5.76199E-03,  5.47427E-03,  5.19145E-03,  4.91485E-03,  4.64551E-03,  4.38423E-03,  4.13157E-03,  3.88789E-03,  3.65339E-03,  3.42809E-03,  3.21193E-03,  3.00473E-03,  2.80626E-03,NA,NA,NA,NA,NA,NA,NA,NA,NA,NA,NA,NA,NA,NA,NA,NA,NA,NA,NA,NA,NA,NA,
NA,NA,NA,NA,NA,NA,NA,NA,NA,NA,NA,NA,NA,NA,NA,NA,NA,NA,NA,NA,NA,NA,NA,NA,NA,NA,NA,NA,NA,NA,  7.98164E-03,  8.11394E-03,  8.23589E-03,  8.34553E-03,  8.44087E-03,  8.51991E-03,  8.58076E-03,  8.62162E-03,  8.64091E-03,  8.63731E-03,  8.60979E-03,  8.55771E-03,  8.48083E-03,  8.37932E-03,  8.25379E-03,  8.10527E-03,  7.93517E-03,  7.74524E-03,  7.53752E-03,  7.31426E-03,  7.07785E-03,  6.83074E-03,  6.57539E-03,  6.31419E-03,  6.04941E-03,  5.78314E-03,  5.51729E-03,  5.25354E-03,  4.99335E-03,  4.73794E-03,  4.48830E-03,  4.24522E-03,  4.00928E-03,  3.78090E-03,  3.56033E-03,  3.34771E-03,  3.14304E-03,NA,NA,NA,NA,NA,NA,NA,NA,NA,NA,NA,NA,NA,NA,NA,NA,NA,NA,NA,NA,NA,NA,NA,NA,
NA,NA,NA,NA,NA,NA,NA,NA,NA,NA,NA,NA,NA,NA,NA,NA,NA,NA,NA,NA,NA,NA,NA,NA,NA,NA,NA,NA,NA,NA,NA,NA,  7.81515E-03,  7.90833E-03,  7.98831E-03,  8.05344E-03,  8.10214E-03,  8.13294E-03,  8.14455E-03,  8.13592E-03,  8.10622E-03,  8.05497E-03,  7.98198E-03,  7.88744E-03,  7.77188E-03,  7.63615E-03,  7.48145E-03,  7.30923E-03,  7.12120E-03,  6.91923E-03,  6.70533E-03,  6.48155E-03,  6.24998E-03,  6.01266E-03,  5.77152E-03,  5.52839E-03,  5.28494E-03,  5.04268E-03,  4.80290E-03,  4.56673E-03,  4.33512E-03,  4.10881E-03,  3.88839E-03,  3.67432E-03,NA,NA,NA,NA,NA,NA,NA,NA,NA,NA,NA,NA,NA,NA,NA,NA,NA,NA,NA,NA,NA,NA,NA,NA,NA,NA,NA,
