NA,NA,NA,NA,NA,NA,NA,NA,NA,NA,NA,NA,NA,NA,NA,NA,NA,NA,NA,NA,NA,NA,NA,NA,NA,NA,NA,NA,NA,NA,NA,NA,NA,NA,NA,NA,NA,NA,NA,NA,NA,NA,NA,NA,NA,NA,NA,NA,NA,NA,NA,NA,NA,NA,NA,NA,NA,NA,NA,NA,NA,NA,NA,NA,NA,NA,NA,NA,NA,NA,
NA,NA,NA,NA,NA,NA,NA,NA,NA,NA,NA,NA,NA,NA,NA,NA,NA,NA,NA,NA,NA,NA,NA,NA,NA,NA,NA,NA,NA,NA,NA,NA,NA,NA,NA,NA,NA,NA,NA,NA,NA,NA,NA,NA,NA,NA,NA,NA,NA,NA,NA,NA,NA,NA,NA,NA,NA,NA,NA,NA,NA,NA,NA,NA,NA,NA,NA,NA,NA,NA,
NA,NA,NA,NA,NA,NA,NA,NA,NA,NA,NA,NA,NA,NA,NA,NA,NA,NA,NA,NA,NA,NA,NA,NA,NA,NA,NA,NA,NA,NA,NA,NA,NA,NA,NA,NA,NA,NA,NA,NA,NA,NA,NA,NA,NA,NA,NA,NA,NA,NA,NA,NA,NA,NA,NA,NA,NA,NA,NA,NA,NA,NA,NA,NA,NA,NA,NA,NA,NA,NA,
NA,NA,NA,NA,NA,NA,NA,NA,NA,NA,NA,NA,NA,NA,NA,NA,NA,NA,NA,NA,NA,NA,NA,NA,NA,NA,NA,NA,NA,NA,NA,NA,NA,NA,NA,NA,NA,NA,NA,NA,NA,NA,NA,NA,NA,NA,NA,NA,NA,NA,NA,NA,NA,NA,NA,NA,NA,NA,NA,NA,NA,NA,NA,NA,NA,NA,NA,NA,NA,NA,
NA,NA,NA,NA,NA,NA,NA,NA,NA,NA,NA,NA,NA,NA,NA,NA,NA,NA,NA,NA,NA,NA,NA,NA,NA,NA,NA,NA,NA,NA,NA,NA,NA,NA,NA,NA,NA,NA,NA,NA,NA,NA,NA,NA,NA,NA,NA,NA,NA,NA,NA,NA,NA,NA,NA,NA,NA,NA,NA,NA,NA,NA,NA,NA,NA,NA,NA,NA,NA,NA,
NA,NA,NA,NA,NA,NA,NA,NA,NA,NA,NA,NA,NA,NA,NA,NA,NA,NA,NA,NA,NA,NA,NA,NA,NA,NA,NA,NA,NA,NA,NA,NA,NA,NA,NA,NA,NA,NA,NA,NA,NA,NA,NA,NA,NA,NA,NA,NA,NA,NA,NA,NA,NA,NA,NA,NA,NA,NA,NA,NA,NA,NA,NA,NA,NA,NA,NA,NA,NA,NA,
NA,NA,NA,NA,NA,NA,NA,NA,NA,NA,NA,NA,NA,NA,NA,NA,NA,NA,NA,NA,NA,NA,NA,NA,NA,NA,NA,NA,NA,NA,NA,NA,NA,NA,NA,NA,NA,NA,NA,NA,NA,NA,NA,NA,NA,NA,NA,NA,NA,NA,NA,NA,NA,NA,NA,NA,NA,NA,NA,NA,NA,NA,NA,NA,NA,NA,NA,NA,NA,NA,
NA,NA,NA,NA,NA,NA,NA,NA,NA,NA,NA,NA,NA,NA,NA,NA,NA,NA,NA,NA,NA,NA,NA,NA,NA,NA,NA,NA,NA,NA,NA,NA,NA,NA,NA,NA,NA,NA,NA,NA,NA,NA,NA,NA,NA,NA,NA,NA,NA,NA,NA,NA,NA,NA,NA,NA,NA,NA,NA,NA,NA,NA,NA,NA,NA,NA,NA,NA,NA,NA,
NA,NA,NA,NA,NA,NA,NA,NA,NA,NA,NA,NA,NA,NA,NA,NA,NA,NA,NA,NA,NA,NA,NA,NA,NA,NA,NA,NA,NA,NA,NA,NA,NA,NA,NA,NA,NA,NA,NA,NA,NA,NA,NA,NA,NA,NA,NA,NA,NA,NA,NA,NA,NA,NA,NA,NA,NA,NA,NA,NA,NA,NA,NA,NA,NA,NA,NA,NA,NA,NA,
NA,NA,NA,NA,NA,NA,NA,NA,NA,NA,NA,NA,NA,NA,NA,NA,NA,NA,NA,NA,NA,NA,NA,NA,NA,NA,NA,NA,NA,NA,NA,NA,NA,NA,NA,NA,NA,NA,NA,NA,NA,NA,NA,NA,NA,NA,NA,NA,NA,NA,NA,NA,NA,NA,NA,NA,NA,NA,NA,NA,NA,NA,NA,NA,NA,NA,NA,NA,NA,NA,
NA,NA,NA,NA,NA,NA,NA,NA,NA,NA,NA,NA,NA,NA,NA,NA,NA,NA,NA,NA,NA,NA,NA,NA,NA,NA,NA,NA,NA,NA,NA,NA,NA,NA,NA,NA,NA,NA,NA,NA,NA,NA,NA,NA,NA,NA,NA,NA,NA,NA,NA,NA,NA,NA,NA,NA,NA,NA,NA,NA,NA,NA,NA,NA,NA,NA,NA,NA,NA,NA,
NA,NA,NA,NA,NA,NA,NA,NA,NA,NA,NA,NA,NA,NA,NA,NA,NA,NA,NA,NA,NA,NA,NA,NA,NA,NA,NA,NA,NA,NA,NA,NA,NA,NA,NA,NA,NA,NA,NA,NA,NA,NA,NA,NA,NA,NA,NA,NA,NA,NA,NA,NA,NA,NA,NA,NA,NA,NA,NA,NA,NA,NA,NA,NA,NA,NA,NA,NA,NA,NA,
NA,NA,NA,NA,NA,NA,NA,NA,NA,NA,NA,NA,NA,NA,NA,NA,NA,NA,NA,NA,NA,NA,NA,NA,NA,NA,NA,NA,NA,NA,NA,NA,NA,NA,NA,NA,NA,NA,NA,NA,NA,NA,NA,NA,NA,NA,NA,NA,NA,NA,NA,NA,NA,NA,NA,NA,NA,NA,NA,NA,NA,NA,NA,NA,NA,NA,NA,NA,NA,NA,
NA,NA,NA,NA,NA,NA,NA,NA,NA,NA,NA,NA,NA,NA,NA,NA,NA,NA,NA,NA,NA,NA,NA,NA,NA,NA,NA,NA,NA,NA,NA,NA,NA,NA,NA,NA,NA,NA,NA,NA,NA,NA,NA,NA,NA,NA,NA,NA,NA,NA,NA,NA,NA,NA,NA,NA,NA,NA,NA,NA,NA,NA,NA,NA,NA,NA,NA,NA,NA,NA,
NA,NA,NA,NA,NA,NA,NA,NA,NA,NA,NA,NA,NA,NA,NA,NA,NA,NA,NA,NA,NA,NA,NA,NA,NA,NA,NA,NA,NA,NA,NA,NA,NA,NA,NA,NA,NA,NA,NA,NA,NA,NA,NA,NA,NA,NA,NA,NA,NA,NA,NA,NA,NA,NA,NA,NA,NA,NA,NA,NA,NA,NA,NA,NA,NA,NA,NA,NA,NA,NA,
NA,NA,NA,NA,NA,NA,NA,NA,NA,NA,NA,NA,NA,NA,NA,NA,NA,NA,NA,NA,NA,NA,NA,NA,NA,NA,NA,NA,NA,NA,NA,NA,NA,NA,NA,NA,NA,NA,NA,NA,NA,NA,NA,NA,NA,NA,NA,NA,NA,NA,NA,NA,NA,NA,NA,NA,NA,NA,NA,NA,NA,NA,NA,NA,NA,NA,NA,NA,NA,NA,
NA,NA,NA,NA,NA,NA,NA,NA,NA,NA,NA,NA,NA,NA,NA,NA,NA,NA,NA,NA,NA,NA,NA,NA,NA,NA,NA,NA,NA,NA,NA,NA,NA,NA,NA,NA,NA,NA,NA,NA,NA,NA,NA,NA,NA,NA,NA,NA,NA,NA,NA,NA,NA,NA,NA,NA,NA,NA,NA,NA,NA,NA,NA,NA,NA,NA,NA,NA,NA,NA,
NA,NA,NA,NA,NA,NA,NA,NA,NA,NA,NA,NA,NA,NA,NA,NA,NA,NA,NA,NA,NA,NA,NA,NA,NA,NA,NA,NA,NA,NA,NA,NA,NA,NA,NA,NA,NA,NA,NA,NA,NA,NA,NA,NA,NA,NA,NA,NA,NA,NA,NA,NA,NA,NA,NA,NA,NA,NA,NA,NA,NA,NA,NA,NA,NA,NA,NA,NA,NA,NA,
NA,NA,NA,NA,NA,NA,NA,NA,NA,NA,NA,NA,NA,NA,NA,NA,NA,NA,NA,NA,NA,NA,NA,NA,NA,NA,NA,NA,NA,NA,NA,NA,NA,NA,NA,NA,NA,NA,NA,NA,NA,NA,NA,NA,NA,NA,NA,NA,NA,NA,NA,NA,NA,NA,NA,NA,NA,NA,NA,NA,NA,NA,NA,NA,NA,NA,NA,NA,NA,NA,
NA,NA,NA,NA,NA,NA,NA,NA,NA,NA,NA,NA,NA,NA,NA,NA,NA,NA,NA,NA,NA,NA,NA,NA,NA,NA,NA,NA,NA,NA,NA,NA,NA,NA,NA,NA,NA,NA,NA,NA,NA,NA,NA,NA,NA,NA,NA,NA,NA,NA,NA,NA,NA,NA,NA,NA,NA,NA,NA,NA,NA,NA,NA,NA,NA,NA,NA,NA,NA,NA,
NA,NA,NA,NA,NA,NA,NA,NA,NA,NA,NA,NA,NA,NA,NA,NA,NA,NA,NA,NA,NA,NA,NA,NA,NA,NA,NA,NA,NA,NA,NA,NA,NA,NA,NA,NA,NA,NA,NA,NA,NA,NA,NA,NA,NA,NA,NA,NA,NA,NA,NA,NA,NA,NA,NA,NA,NA,NA,NA,NA,NA,NA,NA,NA,NA,NA,NA,NA,NA,NA,
NA,NA,NA,NA,NA,NA,NA,NA,NA,NA,NA,NA,NA,NA,NA,NA,NA,NA,NA,NA,NA,NA,NA,NA,NA,NA,NA,NA,NA,NA,NA,NA,NA,NA,NA,NA,NA,NA,NA,NA,NA,NA,NA,NA,NA,NA,NA,NA,NA,NA,NA,NA,NA,NA,NA,NA,NA,NA,NA,NA,NA,NA,NA,NA,NA,NA,NA,NA,NA,NA,
NA,NA,NA,NA,NA,NA,NA,NA,NA,NA,NA,NA,NA,NA,NA,NA,NA,NA,NA,NA,NA,NA,NA,NA,NA,NA,NA,NA,NA,NA,NA,NA,NA,NA,NA,NA,NA,NA,NA,NA,NA,NA,NA,NA,NA,NA,NA,NA,NA,NA,NA,NA,NA,NA,NA,NA,NA,NA,NA,NA,NA,NA,NA,NA,NA,NA,NA,NA,NA,NA,
NA,NA,NA,NA,NA,NA,NA,NA,NA,NA,NA,NA,NA,NA,NA,NA,NA,NA,NA,NA,NA,NA,NA,NA,NA,NA,NA,NA,NA,NA,NA,NA,NA,NA,NA,NA,NA,NA,NA,NA,NA,NA,NA,NA,NA,NA,NA,NA,NA,NA,NA,NA,NA,NA,NA,NA,NA,NA,NA,NA,NA,NA,NA,NA,NA,NA,NA,NA,NA,NA,
NA,NA,NA,NA,NA,NA,NA,NA,NA,NA,NA,NA,NA,NA,NA,NA,NA,NA,NA,NA,NA,NA,NA,NA,NA,NA,NA,NA,NA,NA,NA,NA,NA,NA,NA,NA,NA,NA,NA,NA,NA,NA,NA,NA,NA,NA,NA,NA,NA,NA,NA,NA,NA,NA,NA,NA,NA,NA,NA,NA,NA,NA,NA,NA,NA,NA,NA,NA,NA,NA,
NA,NA,NA,NA,NA,NA,NA,NA,NA,NA,NA,NA,NA,NA,NA,NA,NA,NA,NA,NA,NA,NA,NA,NA,NA,NA,NA,NA,NA,NA,NA,NA,NA,NA,NA,NA,NA,NA,NA,NA,NA,NA,NA,NA,NA,NA,NA,NA,NA,NA,NA,NA,NA,NA,NA,NA,NA,NA,NA,NA,NA,NA,NA,NA,NA,NA,NA,NA,NA,NA,
NA,NA,NA,NA,NA,NA,NA,NA,NA,NA,NA,NA,NA,NA,NA,NA,NA,NA,NA,NA,NA,NA,NA,NA,NA,NA,NA,NA,NA,NA,NA,NA,NA,NA,NA,NA,NA,NA,NA,NA,NA,NA,NA,NA,NA,NA,NA,NA,NA,NA,NA,NA,NA,NA,NA,NA,NA,NA,NA,NA,NA,NA,NA,NA,NA,NA,NA,NA,NA,NA,
NA,NA,NA,NA,NA,NA,NA,NA,NA,NA,NA,NA,NA,NA,NA,NA,NA,NA,NA,NA,NA,NA,NA,NA,NA,NA,NA,NA,NA,NA,NA,NA,NA,NA,NA,NA,NA,NA,NA,NA,NA,NA,NA,NA,NA,NA,NA,NA,NA,NA,NA,NA,NA,NA,NA,NA,NA,NA,NA,NA,NA,NA,NA,NA,NA,NA,NA,NA,NA,NA,
NA,NA,NA,NA,NA,NA,NA,NA,NA,NA,NA,NA,NA,NA,NA,NA,NA,NA,NA,NA,NA,NA,NA,NA,NA,NA,NA,NA,NA,NA,NA,NA,NA,NA,NA,NA,NA,NA,NA,NA,NA,NA,NA,NA,NA,NA,NA,NA,NA,NA,NA,NA,NA,NA,NA,NA,NA,NA,NA,NA,NA,NA,NA,NA,NA,NA,NA,NA,NA,NA,
NA,NA,NA,NA,NA,NA,NA,NA,NA,NA,NA,NA,NA,NA,NA,NA,NA,NA,NA,NA,NA,NA,NA,NA,NA,NA,NA,NA,NA,NA,NA,NA,NA,NA,NA,NA,NA,NA,NA,NA,NA,NA,NA,NA,NA,NA,NA,NA,NA,NA,NA,NA,NA,NA,NA,NA,NA,NA,NA,NA,NA,NA,NA,NA,NA,NA,NA,NA,NA,NA,
NA,NA,NA,NA,NA,NA,NA,NA,NA,NA,NA,NA,NA,NA,NA,NA,NA,NA,NA,NA,NA,NA,NA,NA,NA,NA,NA,NA,NA,NA,NA,NA,NA,NA,NA,NA,NA,NA,NA,NA,NA,NA,NA,NA,NA,NA,NA,NA,NA,NA,NA,NA,NA,NA,NA,NA,NA,NA,NA,NA,NA,NA,NA,NA,NA,NA,NA,NA,NA,NA,
NA,NA,NA,NA,NA,NA,NA,NA,NA,NA,NA,NA,NA,NA,NA,NA,NA,NA,NA,NA,NA,NA,NA,NA,NA,NA,NA,NA,NA,NA,NA,NA,NA,NA,NA,NA,NA,NA,NA,NA,NA,NA,NA,NA,NA,NA,NA,NA,NA,NA,NA,NA,NA,NA,NA,NA,NA,NA,NA,NA,NA,NA,NA,NA,NA,NA,NA,NA,NA,NA,
NA,NA,NA,NA,NA,NA,NA,NA,NA,NA,NA,NA,NA,NA,NA,NA,NA,NA,NA,NA,NA,NA,NA,NA,NA,NA,NA,NA,NA,NA,NA,NA,NA,NA,NA,NA,NA,NA,NA,NA,NA,NA,NA,NA,NA,NA,NA,NA,NA,NA,NA,NA,NA,NA,NA,NA,NA,NA,NA,NA,NA,NA,NA,NA,NA,NA,NA,NA,NA,NA,
NA,NA,NA,NA,NA,NA,NA,NA,NA,NA,NA,NA,NA,NA,NA,NA,NA,NA,NA,NA,NA,NA,NA,NA,NA,NA,NA,NA,NA,NA,NA,NA,NA,NA,NA,NA,NA,NA,NA,NA,NA,NA,NA,NA,NA,NA,NA,NA,NA,NA,NA,NA,NA,NA,NA,NA,NA,NA,NA,NA,NA,NA,NA,NA,NA,NA,NA,NA,NA,NA,
NA,NA,NA,NA,NA,NA,NA,NA,NA,NA,NA,NA,NA,NA,NA,NA,NA,NA,NA,NA,NA,NA,NA,NA,NA,NA,NA,NA,NA,NA,NA,NA,NA,NA,NA,NA,NA,NA,NA,NA,NA,NA,NA,NA,NA,NA,NA,NA,NA,NA,NA,NA,NA,NA,NA,NA,NA,NA,NA,NA,NA,NA,NA,NA,NA,NA,NA,NA,NA,NA,
NA,NA,NA,NA,NA,NA,NA,NA,NA,NA,NA,NA,NA,NA,NA,NA,NA,NA,NA,NA,NA,NA,NA,NA,NA,NA,NA,NA,NA,NA,NA,NA,NA,NA,NA,NA,NA,NA,NA,NA,NA,NA,NA,NA,NA,NA,NA,NA,NA,NA,NA,NA,NA,NA,NA,NA,NA,NA,NA,NA,NA,NA,NA,NA,NA,NA,NA,NA,NA,NA,
NA,NA,NA,NA,NA,NA,NA,NA,NA,NA,NA,NA,NA,NA,NA,NA,NA,NA,NA,NA,NA,NA,NA,NA,NA,NA,NA,NA,NA,NA,NA,NA,NA,NA,NA,NA,NA,NA,NA,NA,NA,NA,NA,NA,NA,NA,NA,NA,NA,NA,NA,NA,NA,NA,NA,NA,NA,NA,NA,NA,NA,NA,NA,NA,NA,NA,NA,NA,NA,NA,
NA,NA,NA,NA,NA,NA,NA,NA,NA,NA,NA,NA,NA,NA,NA,NA,NA,NA,NA,NA,NA,NA,NA,NA,NA,NA,NA,NA,NA,NA,NA,NA,NA,NA,NA,NA,NA,NA,NA,NA,NA,NA,NA,NA,NA,NA,NA,NA,NA,NA,NA,NA,NA,NA,NA,NA,NA,NA,NA,NA,NA,NA,NA,NA,NA,NA,NA,NA,NA,NA,
NA,NA,NA,NA,NA,NA,NA,NA,NA,NA,NA,NA,NA,NA,NA,NA,NA,NA,NA,NA,NA,NA,NA,NA,NA,NA,NA,NA,NA,NA,NA,NA,NA,NA,NA,NA,NA,NA,NA,NA,NA,NA,NA,NA,NA,NA,NA,NA,NA,NA,NA,NA,NA,NA,NA,NA,NA,NA,NA,NA,NA,NA,NA,NA,NA,NA,NA,NA,NA,NA,
NA,NA,NA,NA,NA,NA,NA,NA,NA,NA,NA,NA,NA,NA,NA,NA,NA,NA,NA,NA,NA,NA,NA,NA,NA,NA,NA,NA,NA,NA,NA,NA,NA,NA,NA,NA,NA,NA,NA,NA,NA,NA,NA,NA,NA,NA,NA,NA,NA,NA,NA,NA,NA,NA,NA,NA,NA,NA,NA,NA,NA,NA,NA,NA,NA,NA,NA,NA,NA,NA,
NA,NA,NA,NA,NA,NA,NA,NA,NA,NA,NA,NA,NA,NA,NA,NA,NA,NA,NA,NA,NA,NA,NA,NA,NA,NA,NA,NA,NA,NA,NA,NA,NA,NA,NA,NA,NA,NA,NA,NA,NA,NA,NA,NA,NA,NA,NA,NA,NA,NA,NA,NA,NA,NA,NA,NA,NA,NA,NA,NA,NA,NA,NA,NA,NA,NA,NA,NA,NA,NA,
NA,NA,NA,NA,NA,NA,NA,NA,NA,NA,NA,NA,NA,NA, -2.49628E-02, -2.52397E-02,NA,NA,NA,NA,NA,NA,NA,NA,NA,NA,NA,NA,NA,NA,NA,NA,NA,NA,NA,NA,NA,NA,NA,NA,NA,NA,NA,NA,NA,NA,NA,NA,NA,NA,NA,NA,NA,NA,NA, -2.41734E-02,NA,NA,NA,NA,NA,NA,NA,NA,NA,NA,NA,NA,NA,NA,
NA,NA,NA,NA,NA,NA,NA,NA,NA,NA,NA,NA,NA, -2.52289E-02, -2.55335E-02, -2.58294E-02,NA,NA,NA,NA,NA,NA,NA,NA,NA,NA,NA,NA,NA,NA,NA,NA,NA,NA,NA,NA,NA,NA,NA,NA,NA,NA,NA,NA,NA,NA,NA,NA,NA,NA,NA,NA,NA,NA, -2.49804E-02, -2.46869E-02, -2.43873E-02,NA,NA,NA,NA,NA,NA,NA,NA,NA,NA,NA,NA,NA,
NA,NA,NA,NA,NA,NA,NA,NA,NA,NA,NA,NA, -2.54695E-02, -2.58027E-02, -2.61284E-02, -2.64450E-02, -2.67509E-02,NA,NA,NA,NA,NA,NA,NA,NA,NA,NA,NA,NA,NA,NA,NA,NA,NA,NA,NA,NA,NA,NA,NA,NA,NA,NA,NA,NA,NA,NA,NA,NA,NA,NA,NA,NA,NA, -2.55315E-02, -2.52197E-02, -2.49016E-02, -2.45784E-02,NA,NA,NA,NA,NA,NA,NA,NA,NA,NA,NA,NA,
NA,NA,NA,NA,NA,NA,NA,NA,NA,NA,NA, -2.56812E-02, -2.60435E-02, -2.63999E-02, -2.67488E-02, -2.70883E-02, -2.74165E-02,NA,NA,NA,NA,NA,NA,NA,NA,NA,NA,NA,NA,NA,NA,NA,NA,NA,NA,NA,NA,NA,NA,NA,NA,NA,NA,NA,NA,NA,NA,NA,NA,NA,NA,NA,NA, -2.64280E-02, -2.61045E-02, -2.57729E-02, -2.54348E-02, -2.50915E-02, -2.47443E-02,NA,NA,NA,NA,NA,NA,NA,NA,NA,NA,NA,
NA,NA,NA,NA,NA,NA,NA,NA,NA,NA, -2.58608E-02, -2.62523E-02, -2.66399E-02, -2.70219E-02, -2.73963E-02, -2.77610E-02, -2.81138E-02, -2.84524E-02,NA,NA,NA,NA,NA,NA,NA,NA,NA,NA,NA,NA,NA,NA,NA,NA,NA,NA,NA,NA,NA,NA,NA,NA,NA,NA,NA,NA,NA,NA,NA,NA,NA,NA,NA, -2.70453E-02, -2.67007E-02, -2.63476E-02, -2.59877E-02, -2.56226E-02, -2.52537E-02, -2.48825E-02,NA,NA,NA,NA,NA,NA,NA,NA,NA,NA,
NA,NA,NA,NA,NA,NA,NA,NA,NA, -2.60054E-02, -2.64257E-02, -2.68445E-02, -2.72599E-02, -2.76699E-02, -2.80723E-02, -2.84649E-02, -2.88451E-02, -2.92101E-02,NA,NA,NA,NA,NA,NA,NA,NA,NA,NA,NA,NA,NA,NA,NA,NA,NA,NA,NA,NA,NA,NA,NA,NA,NA,NA,NA,NA,NA,NA,NA,NA,NA,NA,NA, -2.76891E-02, -2.73215E-02, -2.69449E-02, -2.65613E-02, -2.61725E-02, -2.57801E-02, -2.53857E-02, -2.49907E-02,NA,NA,NA,NA,NA,NA,NA,NA,NA,
NA,NA,NA,NA,NA,NA,NA,NA, -2.61125E-02, -2.65608E-02, -2.70100E-02, -2.74584E-02, -2.79042E-02, -2.83451E-02, -2.87787E-02, -2.92022E-02, -2.96128E-02, -3.00074E-02,NA,NA,NA,NA,NA,NA,NA,NA,NA,NA,NA,NA,NA,NA,NA,NA,NA,NA,NA,NA,NA,NA,NA,NA,NA,NA,NA,NA,NA,NA,NA,NA,NA,NA,NA, -2.83612E-02, -2.79684E-02, -2.75661E-02, -2.71566E-02, -2.67419E-02, -2.63240E-02, -2.59045E-02, -2.54851E-02, -2.50670E-02,NA,NA,NA,NA,NA,NA,NA,NA,
NA,NA,NA,NA,NA,NA,NA,NA, -2.66549E-02, -2.71333E-02, -2.76139E-02, -2.80948E-02, -2.85739E-02, -2.90489E-02, -2.95169E-02, -2.99749E-02, -3.04196E-02, -3.08474E-02,NA,NA,NA,NA,NA,NA,NA,NA,NA,NA,NA,NA,NA,NA,NA,NA,NA,NA,NA,NA,NA,NA,NA,NA,NA,NA,NA,NA,NA,NA,NA,NA,NA,NA, -2.94718E-02, -2.90637E-02, -2.86430E-02, -2.82124E-02, -2.77745E-02, -2.73316E-02, -2.68858E-02, -2.64392E-02, -2.59933E-02, -2.55498E-02, -2.51098E-02,NA,NA,NA,NA,NA,NA,NA,
NA,NA,NA,NA,NA,NA,NA, -2.67062E-02, -2.72120E-02, -2.77230E-02, -2.82377E-02, -2.87541E-02, -2.92699E-02, -2.97824E-02, -3.02887E-02, -3.07853E-02, -3.12683E-02, -3.17335E-02,NA,NA,NA,NA,NA,NA,NA,NA,NA,NA,NA,NA,NA,NA,NA,NA,NA,NA,NA,NA,NA,NA,NA,NA,NA,NA,NA,NA,NA,NA,NA,NA,NA,NA, -3.02366E-02, -2.97986E-02, -2.93471E-02, -2.88852E-02, -2.84160E-02, -2.79422E-02, -2.74661E-02, -2.69900E-02, -2.65156E-02, -2.60446E-02, -2.55783E-02,NA,NA,NA,NA,NA,NA,NA,
NA,NA,NA,NA,NA,NA, -2.67137E-02, -2.72444E-02, -2.77835E-02, -2.83298E-02, -2.88815E-02, -2.94366E-02, -2.99927E-02, -3.05469E-02, -3.10958E-02, -3.16356E-02, -3.21618E-02, -3.26696E-02,NA,NA,NA,NA,NA,NA,NA,NA,NA,NA,NA,NA,NA,NA,NA,NA,NA,NA,NA,NA,NA,NA,NA,NA,NA,NA,NA,NA,NA,NA,NA,NA,NA,NA, -3.10396E-02, -3.05682E-02, -3.00824E-02, -2.95859E-02, -2.90822E-02, -2.85744E-02, -2.80652E-02, -2.75570E-02, -2.70517E-02, -2.65512E-02, -2.60568E-02, -2.55697E-02,NA,NA,NA,NA,NA,NA,
NA,NA,NA,NA,NA,NA, -2.72297E-02, -2.77940E-02, -2.83690E-02, -2.89533E-02, -2.95451E-02, -3.01426E-02, -3.07430E-02, -3.13433E-02, -3.19397E-02, -3.25281E-02, -3.31032E-02, -3.36595E-02,NA,NA,NA,NA,NA,NA,NA,NA,NA,NA,NA,NA,NA,NA,NA,NA,NA,NA,NA,NA,NA,NA,NA,NA,NA,NA,NA,NA,NA,NA,NA,NA,NA,NA,NA, -3.13751E-02, -3.08508E-02, -3.03158E-02, -2.97739E-02, -2.92287E-02, -2.86833E-02, -2.81402E-02, -2.76016E-02, -2.70693E-02, -2.65448E-02, -2.60292E-02, -2.55235E-02,NA,NA,NA,NA,NA,
NA,NA,NA,NA,NA, -2.71679E-02, -2.77541E-02, -2.83542E-02, -2.89676E-02, -2.95928E-02, -3.02282E-02, -3.08718E-02, -3.15209E-02, -3.21723E-02, -3.28218E-02, -3.34648E-02, -3.40956E-02,NA,NA,NA,NA,NA,NA,NA,NA,NA,NA,NA,NA,NA,NA,NA,NA,NA,NA,NA,NA,NA,NA,NA,NA,NA,NA,NA,NA,NA,NA,NA,NA,NA,NA,NA,NA, -3.22217E-02, -3.16542E-02, -3.10760E-02, -3.04918E-02, -2.99054E-02, -2.93203E-02, -2.87393E-02, -2.81646E-02, -2.75982E-02, -2.70416E-02, -2.64958E-02, -2.59617E-02,NA,NA,NA,NA,NA,
NA,NA,NA,NA,NA, -2.76642E-02, -2.82857E-02, -2.89239E-02, -2.95782E-02, -3.02474E-02, -3.09299E-02, -3.16239E-02, -3.23265E-02, -3.30343E-02, -3.37432E-02, -3.44478E-02, -3.51420E-02,NA,NA,NA,NA,NA,NA,NA,NA,NA,NA,NA,NA,NA,NA,NA,NA,NA,NA,NA,NA,NA,NA,NA,NA,NA,NA,NA,NA,NA,NA,NA,NA,NA,NA,NA,NA, -3.31107E-02, -3.24943E-02, -3.18678E-02, -3.12365E-02, -3.06047E-02, -2.99762E-02, -2.93539E-02, -2.87403E-02, -2.81373E-02, -2.75463E-02, -2.69684E-02, -2.64045E-02, -2.58549E-02,NA,NA,NA,NA,
NA,NA,NA,NA, -2.75261E-02, -2.81645E-02, -2.88230E-02, -2.95015E-02, -3.01994E-02, -3.09157E-02, -3.16492E-02, -3.23978E-02, -3.31590E-02, -3.39293E-02, -3.47044E-02, -3.54786E-02, -3.62450E-02,NA,NA,NA,NA,NA,NA,NA,NA,NA,NA,NA,NA,NA,NA,NA,NA,NA,NA,NA,NA,NA,NA,NA,NA,NA,NA,NA,NA,NA,NA,NA,NA,NA,NA,NA,NA, -3.40447E-02, -3.33728E-02, -3.26920E-02, -3.20081E-02, -3.13262E-02, -3.06502E-02, -2.99832E-02, -2.93277E-02, -2.86855E-02, -2.80580E-02, -2.74461E-02, -2.68507E-02, -2.62719E-02,NA,NA,NA,NA,
NA,NA,NA,NA, -2.79929E-02, -2.86670E-02, -2.93644E-02, -3.00854E-02, -3.08294E-02, -3.15961E-02, -3.23841E-02, -3.31920E-02, -3.40173E-02, -3.48566E-02, -3.57054E-02, -3.65581E-02, -3.74070E-02,NA,NA,NA,NA,NA,NA,NA,NA,NA,NA,NA,NA,NA,NA,NA,NA,NA,NA,NA,NA,NA,NA,NA,NA,NA,NA,NA,NA,NA,NA,NA,NA,NA,NA,NA,NA,NA, -3.42909E-02, -3.35489E-02, -3.28066E-02, -3.20695E-02, -3.13415E-02, -3.06260E-02, -2.99254E-02, -2.92413E-02, -2.85751E-02, -2.79275E-02, -2.72990E-02, -2.66898E-02, -2.60998E-02,NA,NA,NA,
NA,NA,NA, -2.77739E-02, -2.84586E-02, -2.91697E-02, -2.99078E-02, -3.06732E-02, -3.14660E-02, -3.22861E-02, -3.31326E-02, -3.40045E-02, -3.48994E-02, -3.58145E-02, -3.67454E-02, -3.76863E-02, -3.86292E-02,NA,NA,NA,NA,NA,NA,NA,NA,NA,NA,NA,NA,NA,NA,NA,NA,NA,NA,NA,NA,NA,NA,NA,NA,NA,NA,NA,NA,NA,NA,NA,NA,NA,NA,NA,NA,NA, -3.52493E-02, -3.44384E-02, -3.36312E-02, -3.28332E-02, -3.20487E-02, -3.12808E-02, -3.05318E-02, -2.98032E-02, -2.90960E-02, -2.84109E-02, -2.77479E-02, -2.71070E-02, -2.64881E-02,NA,NA,NA,
NA,NA,NA, -2.82019E-02, -2.89213E-02, -2.96706E-02, -3.04507E-02, -3.12624E-02, -3.21064E-02, -3.29829E-02, -3.38917E-02, -3.48322E-02, -3.58027E-02, -3.68007E-02, -3.78223E-02, -3.88620E-02, -3.99118E-02,NA,NA,NA,NA,NA,NA,NA,NA,NA,NA,NA,NA,NA,NA,NA,NA,NA,NA,NA,NA,NA,NA,NA,NA,NA,NA,NA,NA,NA,NA,NA,NA,NA,NA,NA,NA,NA, -3.62479E-02, -3.53596E-02, -3.44803E-02, -3.36155E-02, -3.27696E-02, -3.19453E-02, -3.11447E-02, -3.03690E-02, -2.96188E-02, -2.88944E-02, -2.81956E-02, -2.75220E-02, -2.68732E-02,NA,NA,NA,
NA,NA,NA, -2.86239E-02, -2.93786E-02, -3.01670E-02, -3.09904E-02, -3.18501E-02, -3.27474E-02, -3.36831E-02, -3.46577E-02, -3.56713E-02, -3.67230E-02, -3.78112E-02, -3.89327E-02, -4.00824E-02, -4.12532E-02,NA,NA,NA,NA,NA,NA,NA,NA,NA,NA,NA,NA,NA,NA,NA,NA,NA,NA,NA,NA,NA,NA,NA,NA,NA,NA,NA,NA,NA,NA,NA,NA,NA,NA,NA,NA,NA, -3.72854E-02, -3.63104E-02, -3.53514E-02, -3.44138E-02, -3.35015E-02, -3.26170E-02, -3.17616E-02, -3.09363E-02, -3.01411E-02, -2.93759E-02, -2.86401E-02, -2.79329E-02, -2.72536E-02, -2.66011E-02,NA,NA,
NA,NA, -2.82828E-02, -2.90376E-02, -2.98281E-02, -3.06561E-02, -3.15238E-02, -3.24328E-02, -3.33852E-02, -3.43825E-02, -3.54261E-02, -3.65170E-02, -3.76554E-02, -3.88408E-02, -4.00712E-02, -4.13427E-02, -4.26491E-02,NA,NA,NA,NA,NA,NA,NA,NA,NA,NA,NA,NA,NA,NA,NA,NA,NA,NA,NA,NA,NA,NA,NA,NA,NA,NA,NA,NA,NA,NA,NA,NA,NA,NA,NA,NA,NA, -3.83590E-02, -3.72876E-02, -3.62411E-02, -3.52245E-02, -3.42410E-02, -3.32923E-02, -3.23793E-02, -3.15021E-02, -3.06602E-02, -2.98529E-02, -2.90791E-02, -2.83377E-02, -2.76273E-02, -2.69467E-02,NA,NA,
NA,NA, -2.86535E-02, -2.94405E-02, -3.02669E-02, -3.11350E-02, -3.20474E-02, -3.30067E-02, -3.40155E-02, -3.50763E-02, -3.61916E-02, -3.73635E-02, -3.85935E-02, -3.98827E-02, -4.12307E-02, -4.26355E-02, -4.40927E-02,NA,NA,NA,NA,NA,NA,NA,NA,NA,NA,NA,NA,NA,NA,NA,NA,NA,NA,NA,NA,NA,NA,NA,NA,NA,NA,NA,NA,NA,NA,NA,NA,NA,NA,NA,NA,NA, -3.94641E-02, -3.82861E-02, -3.71444E-02, -3.60428E-02, -3.49835E-02, -3.39673E-02, -3.29941E-02, -3.20630E-02, -3.11730E-02, -3.03226E-02, -2.95102E-02, -2.87340E-02, -2.79924E-02, -2.72836E-02,NA,NA,
NA,NA, -2.90112E-02, -2.98301E-02, -3.06921E-02, -3.16002E-02, -3.25576E-02, -3.35675E-02, -3.46335E-02, -3.57591E-02, -3.69480E-02, -3.82037E-02, -3.95294E-02, -4.09281E-02, -4.24016E-02, -4.39504E-02, -4.55731E-02,NA,NA,NA,NA,NA,NA,NA,NA,NA,NA,NA,NA,NA,NA,NA,NA,NA,NA,NA,NA,NA,NA,NA,NA,NA,NA,NA,NA,NA,NA,NA,NA,NA,NA,NA,NA, -4.19335E-02, -4.05937E-02, -3.92993E-02, -3.80549E-02, -3.68629E-02, -3.57238E-02, -3.46371E-02, -3.36015E-02, -3.26152E-02, -3.16761E-02, -3.07820E-02, -2.99305E-02, -2.91195E-02, -2.83467E-02, -2.76098E-02, -2.69069E-02,NA,
NA,NA, -2.93536E-02, -3.02037E-02, -3.11008E-02, -3.20484E-02, -3.30503E-02, -3.41106E-02, -3.52339E-02, -3.64248E-02, -3.76884E-02, -3.90297E-02, -4.04540E-02, -4.19665E-02, -4.35719E-02, -4.52741E-02, -4.70754E-02,NA,NA,NA,NA,NA,NA,NA,NA,NA,NA,NA,NA,NA,NA,NA,NA,NA,NA,NA,NA,NA,NA,NA,NA,NA,NA,NA,NA,NA,NA,NA,NA,NA,NA,NA,NA, -4.32223E-02, -4.17382E-02, -4.03183E-02, -3.89648E-02, -3.76777E-02, -3.64556E-02, -3.52962E-02, -3.41968E-02, -3.31543E-02, -3.21657E-02, -3.12277E-02, -3.03373E-02, -2.94916E-02, -2.86879E-02, -2.79233E-02, -2.71955E-02,NA,
NA, -2.88447E-02, -2.96781E-02, -3.05586E-02, -3.14897E-02, -3.24758E-02, -3.35213E-02, -3.46312E-02, -3.58111E-02, -3.70668E-02, -3.84050E-02, -3.98324E-02, -4.13567E-02, -4.29857E-02, -4.47274E-02, -4.65898E-02, -4.85802E-02,NA,NA,NA,NA,NA,NA,NA,NA,NA,NA,NA,NA,NA,NA,NA,NA,NA,NA,NA,NA,NA,NA,NA,NA,NA,NA,NA,NA,NA,NA,NA,NA,NA,NA,NA,NA, -4.45245E-02, -4.28850E-02, -4.13321E-02, -3.98644E-02, -3.84789E-02, -3.71716E-02, -3.59384E-02, -3.47746E-02, -3.36758E-02, -3.26377E-02, -3.16563E-02, -3.07275E-02, -2.98477E-02, -2.90136E-02, -2.82221E-02, -2.74701E-02,NA,
NA, -2.91234E-02, -2.99826E-02, -3.08919E-02, -3.18557E-02, -3.28787E-02, -3.39663E-02, -3.51242E-02, -3.63591E-02, -3.76782E-02, -3.90896E-02, -4.06022E-02, -4.22259E-02, -4.39717E-02, -4.58513E-02, -4.78775E-02, -5.00637E-02,NA,NA,NA,NA,NA,NA,NA,NA,NA,NA,NA,NA,NA,NA,NA,NA,NA,NA,NA,NA,NA,NA,NA,NA,NA,NA,NA,NA,NA,NA,NA,NA,NA,NA,NA,NA, -4.58219E-02, -4.40188E-02, -4.23278E-02, -4.07428E-02, -3.92572E-02, -3.78641E-02, -3.65569E-02, -3.53291E-02, -3.41747E-02, -3.30881E-02, -3.20640E-02, -3.10978E-02, -3.01850E-02, -2.93216E-02, -2.85040E-02, -2.77289E-02,NA,
NA, -2.93812E-02, -3.02645E-02, -3.12010E-02, -3.21955E-02, -3.32535E-02, -3.43809E-02, -3.55845E-02, -3.68719E-02, -3.82517E-02, -3.97336E-02, -4.13286E-02, -4.30491E-02, -4.49093E-02, -4.69252E-02, -4.91147E-02, -5.14980E-02,NA,NA,NA,NA,NA,NA,NA,NA,NA,NA,NA,NA,NA,NA,NA,NA,NA,NA,NA,NA,NA,NA,NA,NA,NA,NA,NA,NA,NA,NA,NA,NA,NA,NA,NA,NA, -4.70928E-02, -4.51218E-02, -4.32905E-02, -4.15876E-02, -4.00023E-02, -3.85243E-02, -3.71445E-02, -3.58542E-02, -3.46458E-02, -3.35122E-02, -3.24472E-02, -3.14450E-02, -3.05006E-02, -2.96094E-02, -2.87670E-02, -2.79699E-02,NA,
NA, -2.96161E-02, -3.05216E-02, -3.14832E-02, -3.25062E-02, -3.35965E-02, -3.47610E-02, -3.60071E-02, -3.73435E-02, -3.87802E-02, -4.03284E-02, -4.20012E-02, -4.38136E-02, -4.57830E-02, -4.79295E-02, -5.02768E-02, -5.28523E-02,NA,NA,NA,NA,NA,NA,NA,NA,NA,NA,NA,NA,NA,NA,NA,NA,NA,NA,NA,NA,NA,NA,NA,NA,NA,NA,NA,NA,NA,NA,NA,NA,NA,NA,NA,NA,NA, -4.61738E-02, -4.42040E-02, -4.23857E-02, -4.07034E-02, -3.91435E-02, -3.76938E-02, -3.63438E-02, -3.50839E-02, -3.39058E-02, -3.28021E-02, -3.17661E-02, -3.07920E-02, -2.98746E-02, -2.90091E-02, -2.81915E-02,NA,
NA, -2.98262E-02, -3.07517E-02, -3.17360E-02, -3.27847E-02, -3.39043E-02, -3.51023E-02, -3.63870E-02, -3.77680E-02, -3.92566E-02, -4.08654E-02, -4.26095E-02, -4.45064E-02, -4.65766E-02, -4.88444E-02, -5.13389E-02, -5.40946E-02,NA,NA,NA,NA,NA,NA,NA,NA,NA,NA,NA,NA,NA,NA,NA,NA,NA,NA,NA,NA,NA,NA,NA,NA,NA,NA,NA,NA,NA,NA,NA,NA,NA,NA,NA,NA,NA, -4.71538E-02, -4.50515E-02, -4.31234E-02, -4.13495E-02, -3.97124E-02, -3.81974E-02, -3.67917E-02, -3.54840E-02, -3.42646E-02, -3.31250E-02, -3.20579E-02, -3.10565E-02, -3.01150E-02, -2.92284E-02, -2.83919E-02,NA,
NA, -3.00099E-02, -3.09530E-02, -3.19571E-02, -3.30284E-02, -3.41738E-02, -3.54012E-02, -3.67198E-02, -3.81402E-02, -3.96744E-02, -4.13368E-02, -4.31439E-02, -4.51156E-02, -4.72752E-02, -4.96508E-02, -5.22763E-02, -5.51931E-02,NA,NA,NA,NA,NA,NA,NA,NA,NA,NA,NA,NA,NA,NA,NA,NA,NA,NA,NA,NA,NA,NA,NA,NA,NA,NA,NA,NA,NA,NA,NA,NA,NA,NA,NA,NA,NA, -4.80401E-02, -4.58160E-02, -4.37874E-02, -4.19297E-02, -4.02225E-02, -3.86482E-02, -3.71920E-02, -3.58410E-02, -3.45844E-02, -3.34127E-02, -3.23175E-02, -3.12916E-02, -3.03286E-02, -2.94230E-02, -2.85697E-02,NA,
NA, -3.01657E-02, -3.11236E-02, -3.21445E-02, -3.32349E-02, -3.44020E-02, -3.56543E-02, -3.70016E-02, -3.84551E-02, -4.00279E-02, -4.17354E-02, -4.35956E-02, -4.56303E-02, -4.78651E-02, -5.03313E-02, -5.30669E-02, -5.61189E-02,NA,NA,NA,NA,NA,NA,NA,NA,NA,NA,NA,NA,NA,NA,NA,NA,NA,NA,NA,NA,NA,NA,NA,NA,NA,NA,NA,NA,NA,NA,NA,NA,NA,NA,NA,NA,NA, -4.88127E-02, -4.64817E-02, -4.43650E-02, -4.24342E-02, -4.06656E-02, -3.90395E-02, -3.75393E-02, -3.61507E-02, -3.48617E-02, -3.36618E-02, -3.25422E-02, -3.14950E-02, -3.05134E-02, -2.95913E-02, -2.87235E-02,NA,
NA, -3.02924E-02, -3.12622E-02, -3.22966E-02, -3.34022E-02, -3.45867E-02, -3.58589E-02, -3.72290E-02, -3.87088E-02, -4.03121E-02, -4.20552E-02, -4.39573E-02, -4.60413E-02, -4.83348E-02, -5.08714E-02, -5.36922E-02, -5.68480E-02,NA,NA,NA,NA,NA,NA,NA,NA,NA,NA,NA,NA,NA,NA,NA,NA,NA,NA,NA,NA,NA,NA,NA,NA,NA,NA,NA,NA,NA,NA,NA,NA,NA,NA,NA,NA,NA, -4.94537E-02, -4.70347E-02, -4.48454E-02, -4.28540E-02, -4.10347E-02, -3.93656E-02, -3.78288E-02, -3.64089E-02, -3.50930E-02, -3.38698E-02, -3.27299E-02, -3.16649E-02, -3.06677E-02, -2.97319E-02, -2.88519E-02,NA,
NA, -3.03889E-02, -3.13676E-02, -3.24119E-02, -3.35288E-02, -3.47260E-02, -3.60127E-02, -3.73994E-02, -3.88982E-02, -4.05234E-02, -4.22918E-02, -4.42233E-02, -4.63418E-02, -4.86759E-02, -5.12605E-02, -5.41384E-02, -5.73628E-02,NA,NA,NA,NA,NA,NA,NA,NA,NA,NA,NA,NA,NA,NA,NA,NA,NA,NA,NA,NA,NA,NA,NA,NA,NA,NA,NA,NA,NA,NA,NA,NA,NA,NA,NA,NA,NA, -4.99487E-02, -4.74637E-02, -4.52194E-02, -4.31821E-02, -4.13239E-02, -3.96218E-02, -3.80568E-02, -3.66126E-02, -3.52757E-02, -3.40344E-02, -3.28786E-02, -3.17997E-02, -3.07902E-02, -2.98436E-02, -2.89540E-02,NA,
NA, -3.04546E-02, -3.14389E-02, -3.24896E-02, -3.36135E-02, -3.48187E-02, -3.61143E-02, -3.75110E-02, -3.90211E-02, -4.06591E-02, -4.24420E-02, -4.43901E-02, -4.65274E-02, -4.88829E-02, -5.14918E-02, -5.43974E-02, -5.76531E-02,NA,NA,NA,NA,NA,NA,NA,NA,NA,NA,NA,NA,NA,NA,NA,NA,NA,NA,NA,NA,NA,NA,NA,NA,NA,NA,NA,NA,NA,NA,NA,NA,NA,NA,NA,NA, -5.31050E-02, -5.02877E-02, -4.77607E-02, -4.54808E-02, -4.34131E-02, -4.15289E-02, -3.98046E-02, -3.82202E-02, -3.67593E-02, -3.54078E-02, -3.41538E-02, -3.29868E-02, -3.18980E-02, -3.08798E-02, -2.99255E-02, -2.90291E-02,NA,
NA, -3.04889E-02, -3.14757E-02, -3.25290E-02, -3.36558E-02, -3.48640E-02, -3.61628E-02, -3.75629E-02, -3.90765E-02, -4.07181E-02, -4.25047E-02, -4.44561E-02, -4.65963E-02, -4.89539E-02, -5.15634E-02, -5.44672E-02, -5.77171E-02,NA,NA,NA,NA,NA,NA,NA,NA,NA,NA,NA,NA,NA,NA,NA,NA,NA,NA,NA,NA,NA,NA,NA,NA,NA,NA,NA,NA,NA,NA,NA,NA,NA,NA,NA,NA, -5.33014E-02, -5.04656E-02, -4.79215E-02, -4.56260E-02, -4.35442E-02, -4.16474E-02, -3.99117E-02, -3.83174E-02, -3.68475E-02, -3.54881E-02, -3.42269E-02, -3.30536E-02, -3.19592E-02, -3.09359E-02, -2.99770E-02, -2.90765E-02,NA,
NA, -3.04920E-02, -3.14780E-02, -3.25302E-02, -3.36555E-02, -3.48618E-02, -3.61582E-02, -3.75551E-02, -3.90645E-02, -4.07006E-02, -4.24800E-02, -4.44219E-02, -4.65496E-02, -4.88905E-02, -5.14777E-02, -5.43514E-02, -5.75604E-02, -6.11648E-02,NA,NA,NA,NA,NA,NA,NA,NA,NA,NA,NA,NA,NA,NA,NA,NA,NA,NA,NA,NA,NA,NA,NA,NA,NA,NA,NA,NA,NA,NA,NA,NA,NA,NA,NA, -5.33060E-02, -5.04823E-02, -4.79455E-02, -4.56542E-02, -4.35745E-02, -4.16784E-02, -3.99426E-02, -3.83475E-02, -3.68766E-02, -3.55159E-02, -3.42533E-02, -3.30785E-02, -3.19827E-02, -3.09580E-02, -2.99978E-02, -2.90960E-02,NA,
NA,NA, -3.14458E-02, -3.24933E-02, -3.36130E-02, -3.48127E-02, -3.61011E-02, -3.74884E-02, -3.89862E-02, -4.06081E-02, -4.23698E-02, -4.42901E-02, -4.63906E-02, -4.86973E-02, -5.12411E-02, -5.40589E-02, -5.71955E-02, -6.07050E-02,NA,NA,NA,NA,NA,NA,NA,NA,NA,NA,NA,NA,NA,NA,NA,NA,NA,NA,NA,NA,NA,NA,NA,NA,NA,NA,NA,NA,NA,NA,NA,NA,NA,NA, -5.62327E-02, -5.31255E-02, -5.03422E-02, -4.78357E-02, -4.55675E-02, -4.35055E-02, -4.16231E-02, -3.98979E-02, -3.83112E-02, -3.68469E-02, -3.54914E-02, -3.42330E-02, -3.30617E-02, -3.19686E-02, -3.09462E-02, -2.99878E-02, -2.90876E-02,NA,
NA,NA, -3.13798E-02, -3.24191E-02, -3.35293E-02, -3.47177E-02, -3.59929E-02, -3.73645E-02, -3.88436E-02, -4.04430E-02, -4.21777E-02, -4.40649E-02, -4.61250E-02, -4.83817E-02, -5.08633E-02, -5.36028E-02, -5.66401E-02, -6.00224E-02,NA,NA,NA,NA,NA,NA,NA,NA,NA,NA,NA,NA,NA,NA,NA,NA,NA,NA,NA,NA,NA,NA,NA,NA,NA,NA,NA,NA,NA,NA,NA,NA,NA,NA, -5.57938E-02, -5.27715E-02, -5.00538E-02, -4.75985E-02, -4.53706E-02, -4.33406E-02, -4.14839E-02, -3.97795E-02, -3.82098E-02, -3.67594E-02, -3.54155E-02, -3.41668E-02, -3.30036E-02, -3.19174E-02, -3.09008E-02, -2.99474E-02,NA,NA,
NA,NA, -3.12810E-02, -3.23087E-02, -3.34055E-02, -3.45784E-02, -3.58355E-02, -3.71857E-02, -3.86396E-02, -4.02091E-02, -4.19080E-02, -4.37522E-02, -4.57602E-02, -4.79534E-02, -5.03567E-02, -5.29995E-02, -5.59159E-02, -5.91460E-02, -6.27366E-02,NA,NA,NA,NA,NA,NA,NA,NA,NA,NA,NA,NA,NA,NA,NA,NA,NA,NA,NA,NA,NA,NA,NA,NA,NA,NA,NA,NA,NA,NA,NA,NA,NA, -5.51721E-02, -5.22598E-02, -4.96288E-02, -4.72426E-02, -4.50700E-02, -4.30849E-02, -4.12648E-02, -3.95906E-02, -3.80458E-02, -3.66163E-02, -3.52899E-02, -3.40560E-02, -3.29054E-02, -3.18299E-02, -3.08226E-02, -2.98772E-02,NA,NA,
NA,NA, -3.11504E-02, -3.21635E-02, -3.32434E-02, -3.43969E-02, -3.56313E-02, -3.69551E-02, -3.83780E-02, -3.99110E-02, -4.15666E-02, -4.33591E-02, -4.53051E-02, -4.74233E-02, -4.97357E-02, -5.22672E-02, -5.50465E-02, -5.81066E-02, -6.14848E-02,NA,NA,NA,NA,NA,NA,NA,NA,NA,NA,NA,NA,NA,NA,NA,NA,NA,NA,NA,NA,NA,NA,NA,NA,NA,NA,NA,NA,NA,NA,NA,NA, -5.74661E-02, -5.43918E-02, -5.16087E-02, -4.90813E-02, -4.67788E-02, -4.46744E-02, -4.27451E-02, -4.09712E-02, -3.93353E-02, -3.78226E-02, -3.64202E-02, -3.51167E-02, -3.39023E-02, -3.27684E-02, -3.17073E-02, -3.07125E-02, -2.97779E-02,NA,NA,
NA,NA,NA, -3.19851E-02, -3.30450E-02, -3.41754E-02, -3.53832E-02, -3.66761E-02, -3.80630E-02, -3.95537E-02, -4.11596E-02, -4.28933E-02, -4.47693E-02, -4.68038E-02, -4.90155E-02, -5.14252E-02, -5.40564E-02, -5.69352E-02, -6.00908E-02, -6.35545E-02,NA,NA,NA,NA,NA,NA,NA,NA,NA,NA,NA,NA,NA,NA,NA,NA,NA,NA,NA,NA,NA,NA,NA,NA,NA,NA,NA,NA,NA,NA, -5.95631E-02, -5.63761E-02, -5.34782E-02, -5.08379E-02, -4.84266E-02, -4.62192E-02, -4.41931E-02, -4.23288E-02, -4.06090E-02, -3.90185E-02, -3.75442E-02, -3.61743E-02, -3.48985E-02, -3.37079E-02, -3.25945E-02, -3.15512E-02, -3.05718E-02, -2.96506E-02,NA,NA,
NA,NA,NA, -3.17756E-02, -3.28126E-02, -3.39168E-02, -3.50944E-02, -3.63526E-02, -3.76992E-02, -3.91430E-02, -4.06939E-02, -4.23632E-02, -4.41631E-02, -4.61074E-02, -4.82117E-02, -5.04928E-02, -5.29694E-02, -5.56619E-02, -5.85916E-02, -6.17808E-02, -6.52518E-02,NA,NA,NA,NA,NA,NA,NA,NA,NA,NA,NA,NA,NA,NA,NA,NA,NA,NA,NA,NA,NA,NA,NA,NA,NA,NA,NA,NA,NA, -5.81326E-02, -5.51706E-02, -5.24568E-02, -4.99675E-02, -4.76808E-02, -4.55765E-02, -4.36365E-02, -4.18441E-02, -4.01849E-02, -3.86457E-02, -3.72149E-02, -3.58822E-02, -3.46384E-02, -3.34754E-02, -3.23858E-02, -3.13633E-02, -3.04020E-02,NA,NA,NA,
NA,NA,NA, -3.15369E-02, -3.25487E-02, -3.36240E-02, -3.47686E-02, -3.59888E-02, -3.72915E-02, -3.86847E-02, -4.01768E-02, -4.17773E-02, -4.34968E-02, -4.53466E-02, -4.73394E-02, -4.94885E-02, -5.18083E-02, -5.43139E-02, -5.70204E-02, -5.99428E-02, -6.30942E-02, -6.64851E-02,NA,NA,NA,NA,NA,NA,NA,NA,NA,NA,NA,NA,NA,NA,NA,NA,NA,NA,NA,NA,NA,NA,NA,NA,NA,NA,NA, -5.95817E-02, -5.66173E-02, -5.38793E-02, -5.13514E-02, -4.90170E-02, -4.68596E-02, -4.48638E-02, -4.30150E-02, -4.12999E-02, -3.97061E-02, -3.82228E-02, -3.68398E-02, -3.55482E-02, -3.43399E-02, -3.32076E-02, -3.21448E-02, -3.11456E-02, -3.02048E-02,NA,NA,NA,
NA,NA,NA,NA, -3.22559E-02, -3.33001E-02, -3.44092E-02, -3.55889E-02, -3.68452E-02, -3.81848E-02, -3.96152E-02, -4.11442E-02, -4.27806E-02, -4.45336E-02, -4.64132E-02, -4.84296E-02, -5.05937E-02, -5.29158E-02, -5.54063E-02, -5.80740E-02, -6.09255E-02, -6.39639E-02, -6.71870E-02,NA,NA,NA,NA,NA,NA,NA,NA,NA,NA,NA,NA,NA,NA,NA,NA,NA,NA,NA,NA,NA,NA,NA,NA,NA, -6.06536E-02, -5.77544E-02, -5.50485E-02, -5.25283E-02, -5.01841E-02, -4.80046E-02, -4.59783E-02, -4.40936E-02, -4.23392E-02, -4.07046E-02, -3.91798E-02, -3.77557E-02, -3.64237E-02, -3.51763E-02, -3.40063E-02, -3.29075E-02, -3.18739E-02, -3.09004E-02,NA,NA,NA,NA,
NA,NA,NA,NA, -3.19370E-02, -3.29483E-02, -3.40201E-02, -3.51573E-02, -3.63651E-02, -3.76494E-02, -3.90162E-02, -4.04721E-02, -4.20242E-02, -4.36798E-02, -4.54465E-02, -4.73319E-02, -4.93437E-02, -5.14889E-02, -5.37734E-02, -5.62018E-02, -5.87757E-02, -6.14932E-02, -6.43473E-02, -6.73240E-02,NA,NA,NA,NA,NA,NA,NA,NA,NA,NA,NA,NA,NA,NA,NA,NA,NA,NA,NA,NA,NA,NA, -6.42067E-02, -6.12969E-02, -5.85306E-02, -5.59152E-02, -5.34527E-02, -5.11407E-02, -4.89744E-02, -4.69471E-02, -4.50509E-02, -4.32776E-02, -4.16190E-02, -4.00668E-02, -3.86131E-02, -3.72504E-02, -3.59719E-02, -3.47709E-02, -3.36416E-02, -3.25783E-02, -3.15759E-02, -3.06300E-02,NA,NA,NA,NA,
NA,NA,NA,NA,NA, -3.25718E-02, -3.36049E-02, -3.46983E-02, -3.58564E-02, -3.70841E-02, -3.83864E-02, -3.97688E-02, -4.12366E-02, -4.27955E-02, -4.44513E-02, -4.62093E-02, -4.80744E-02, -5.00509E-02, -5.21417E-02, -5.43477E-02, -5.66675E-02, -5.90957E-02, -6.16225E-02, -6.42320E-02, -6.69011E-02,NA,NA,NA,NA,NA,NA,NA,NA,NA,NA,NA,NA,NA,NA,NA,NA,NA,NA,NA,NA, -6.41447E-02, -6.14856E-02, -5.89129E-02, -5.64435E-02, -5.40879E-02, -5.18515E-02, -4.97358E-02, -4.77395E-02, -4.58592E-02, -4.40902E-02, -4.24271E-02, -4.08638E-02, -3.93945E-02, -3.80128E-02, -3.67130E-02, -3.54893E-02, -3.43364E-02, -3.32492E-02, -3.22231E-02, -3.12536E-02, -3.03366E-02,NA,NA,NA,NA,
NA,NA,NA,NA,NA, -3.21738E-02, -3.31673E-02, -3.42160E-02, -3.53238E-02, -3.64945E-02, -3.77323E-02, -3.90414E-02, -4.04261E-02, -4.18904E-02, -4.34384E-02, -4.50737E-02, -4.67991E-02, -4.86166E-02, -5.05269E-02, -5.25284E-02, -5.46173E-02, -5.67865E-02, -5.90246E-02, -6.13153E-02, -6.36365E-02, -6.59592E-02, -6.82476E-02,NA,NA,NA,NA,NA,NA,NA,NA,NA,NA,NA,NA,NA,NA,NA,NA, -6.59468E-02, -6.35839E-02, -6.12216E-02, -5.88905E-02, -5.66143E-02, -5.44103E-02, -5.22904E-02, -5.02622E-02, -4.83295E-02, -4.64937E-02, -4.47538E-02, -4.31076E-02, -4.15518E-02, -4.00824E-02, -3.86952E-02, -3.73855E-02, -3.61489E-02, -3.49809E-02, -3.38769E-02, -3.28330E-02, -3.18452E-02, -3.09096E-02,NA,NA,NA,NA,NA,
NA,NA,NA,NA,NA,NA, -3.27107E-02, -3.37145E-02, -3.47718E-02, -3.58858E-02, -3.70597E-02, -3.82967E-02, -3.96001E-02, -4.09727E-02, -4.24171E-02, -4.39354E-02, -4.55289E-02, -4.71979E-02, -4.89412E-02, -5.07559E-02, -5.26366E-02, -5.45750E-02, -5.65594E-02, -5.85740E-02, -6.05981E-02, -6.26062E-02, -6.45675E-02, -6.64462E-02, -6.82022E-02, -6.97928E-02,NA,NA,NA,NA,NA,NA,NA,NA,NA,NA,NA, -6.64678E-02, -6.45642E-02, -6.25735E-02, -6.05331E-02, -5.84755E-02, -5.64278E-02, -5.44116E-02, -5.24436E-02, -5.05363E-02, -4.86982E-02, -4.69347E-02, -4.52489E-02, -4.36418E-02, -4.21129E-02, -4.06606E-02, -3.92825E-02, -3.79758E-02, -3.67373E-02, -3.55636E-02, -3.44512E-02, -3.33966E-02, -3.23965E-02, -3.14476E-02,NA,NA,NA,NA,NA,NA,
NA,NA,NA,NA,NA,NA,NA, -3.31975E-02, -3.42046E-02, -3.52626E-02, -3.63738E-02, -3.75406E-02, -3.87653E-02, -4.00497E-02, -4.13953E-02, -4.28030E-02, -4.42729E-02, -4.58040E-02, -4.73941E-02, -4.90389E-02, -5.07325E-02, -5.24661E-02, -5.42281E-02, -5.60037E-02, -5.77741E-02, -5.95171E-02, -6.12063E-02, -6.28122E-02, -6.43024E-02, -6.56430E-02, -6.67999E-02, -6.77409E-02, -6.84379E-02, -6.88683E-02, -6.90176E-02, -6.88800E-02, -6.84593E-02, -6.77684E-02, -6.68283E-02, -6.56667E-02, -6.43157E-02, -6.28095E-02, -6.11830E-02, -5.94696E-02, -5.77002E-02, -5.59022E-02, -5.40991E-02, -5.23103E-02, -5.05515E-02, -4.88349E-02, -4.71695E-02, -4.55615E-02, -4.40150E-02, -4.25325E-02, -4.11146E-02, -3.97612E-02, -3.84711E-02, -3.72426E-02, -3.60737E-02, -3.49619E-02, -3.39046E-02, -3.28992E-02, -3.19430E-02, -3.10333E-02,NA,NA,NA,NA,NA,NA,
NA,NA,NA,NA,NA,NA,NA, -3.26684E-02, -3.36263E-02, -3.46293E-02, -3.56795E-02, -3.67783E-02, -3.79273E-02, -3.91275E-02, -4.03796E-02, -4.16834E-02, -4.30382E-02, -4.44421E-02, -4.58919E-02, -4.73831E-02, -4.89092E-02, -5.04614E-02, -5.20287E-02, -5.35974E-02, -5.51509E-02, -5.66697E-02, -5.81317E-02, -5.95124E-02, -6.07855E-02, -6.19239E-02, -6.29009E-02, -6.36919E-02, -6.42750E-02, -6.46335E-02, -6.47563E-02, -6.46391E-02, -6.42850E-02, -6.37035E-02, -6.29108E-02, -6.19279E-02, -6.07794E-02, -5.94923E-02, -5.80942E-02, -5.66120E-02, -5.50710E-02, -5.34945E-02, -5.19025E-02, -5.03125E-02, -4.87387E-02, -4.71927E-02, -4.56834E-02, -4.42175E-02, -4.27997E-02, -4.14332E-02, -4.01198E-02, -3.88601E-02, -3.76542E-02, -3.65011E-02, -3.53997E-02, -3.43483E-02, -3.33452E-02, -3.23884E-02, -3.14758E-02,NA,NA,NA,NA,NA,NA,NA,
NA,NA,NA,NA,NA,NA,NA,NA, -3.30402E-02, -3.39899E-02, -3.49810E-02, -3.60145E-02, -3.70912E-02, -3.82116E-02, -3.93755E-02, -4.05822E-02, -4.18303E-02, -4.31172E-02, -4.44394E-02, -4.57920E-02, -4.71683E-02, -4.85601E-02, -4.99570E-02, -5.13465E-02, -5.27141E-02, -5.40429E-02, -5.53143E-02, -5.65079E-02, -5.76022E-02, -5.85758E-02, -5.94074E-02, -6.00777E-02, -6.05700E-02, -6.08713E-02, -6.09733E-02, -6.08728E-02, -6.05720E-02, -6.00784E-02, -5.94043E-02, -5.85660E-02, -5.75827E-02, -5.64757E-02, -5.52669E-02, -5.39783E-02, -5.26307E-02, -5.12435E-02, -4.98341E-02, -4.84178E-02, -4.70073E-02, -4.56135E-02, -4.42450E-02, -4.29084E-02, -4.16089E-02, -4.03500E-02, -3.91343E-02, -3.79631E-02, -3.68370E-02, -3.57560E-02, -3.47196E-02, -3.37269E-02, -3.27766E-02, -3.18674E-02,NA,NA,NA,NA,NA,NA,NA,NA,
NA,NA,NA,NA,NA,NA,NA,NA,NA, -3.33477E-02, -3.42820E-02, -3.52530E-02, -3.62611E-02, -3.73061E-02, -3.83874E-02, -3.95038E-02, -4.06533E-02, -4.18331E-02, -4.30394E-02, -4.42672E-02, -4.55099E-02, -4.67599E-02, -4.80075E-02, -4.92417E-02, -5.04496E-02, -5.16168E-02, -5.27274E-02, -5.37646E-02, -5.47110E-02, -5.55490E-02, -5.62618E-02, -5.68342E-02, -5.72532E-02, -5.75086E-02, -5.75941E-02, -5.75072E-02, -5.72496E-02, -5.68273E-02, -5.62497E-02, -5.55296E-02, -5.46822E-02, -5.37242E-02, -5.26735E-02, -5.15477E-02, -5.03643E-02, -4.91396E-02, -4.78883E-02, -4.66238E-02, -4.53576E-02, -4.40994E-02, -4.28575E-02, -4.16384E-02, -4.04471E-02, -3.92877E-02, -3.81629E-02, -3.70746E-02, -3.60240E-02, -3.50116E-02, -3.40375E-02, -3.31012E-02, -3.22021E-02, -3.13394E-02,NA,NA,NA,NA,NA,NA,NA,NA,
NA,NA,NA,NA,NA,NA,NA,NA,NA,NA, -3.35857E-02, -3.44973E-02, -3.54404E-02, -3.64146E-02, -3.74188E-02, -3.84514E-02, -3.95102E-02, -4.05922E-02, -4.16934E-02, -4.28089E-02, -4.39326E-02, -4.50572E-02, -4.61741E-02, -4.72733E-02, -4.83436E-02, -4.93728E-02, -5.03473E-02, -5.12532E-02, -5.20760E-02, -5.28018E-02, -5.34168E-02, -5.39091E-02, -5.42683E-02, -5.44864E-02, -5.45587E-02, -5.44830E-02, -5.42609E-02, -5.38969E-02, -5.33986E-02, -5.27759E-02, -5.20410E-02, -5.12073E-02, -5.02892E-02, -4.93013E-02, -4.82580E-02, -4.71729E-02, -4.60587E-02, -4.49271E-02, -4.37882E-02, -4.26510E-02, -4.15228E-02, -4.04100E-02, -3.93177E-02, -3.82497E-02, -3.72093E-02, -3.61985E-02, -3.52189E-02, -3.42714E-02, -3.33566E-02, -3.24745E-02, -3.16247E-02,NA,NA,NA,NA,NA,NA,NA,NA,NA,
NA,NA,NA,NA,NA,NA,NA,NA,NA,NA,NA, -3.37502E-02, -3.46321E-02, -3.55400E-02, -3.64723E-02, -3.74275E-02, -3.84030E-02, -3.93958E-02, -4.04019E-02, -4.14166E-02, -4.24342E-02, -4.34479E-02, -4.44500E-02, -4.54317E-02, -4.63832E-02, -4.72940E-02, -4.81527E-02, -4.89476E-02, -4.96669E-02, -5.02989E-02, -5.08329E-02, -5.12590E-02, -5.15690E-02, -5.17567E-02, -5.18181E-02, -5.17519E-02, -5.15591E-02, -5.12433E-02, -5.08105E-02, -5.02688E-02, -4.96278E-02, -4.88984E-02, -4.80924E-02, -4.72217E-02, -4.62982E-02, -4.53336E-02, -4.43387E-02, -4.33236E-02, -4.22972E-02, -4.12676E-02, -4.02415E-02, -3.92250E-02, -3.82228E-02, -3.72389E-02, -3.62764E-02, -3.53377E-02, -3.44247E-02, -3.35385E-02, -3.26799E-02, -3.18494E-02,NA,NA,NA,NA,NA,NA,NA,NA,NA,NA,
NA,NA,NA,NA,NA,NA,NA,NA,NA,NA,NA,NA, -3.38385E-02, -3.46843E-02, -3.55501E-02, -3.64337E-02, -3.73329E-02, -3.82444E-02, -3.91645E-02, -4.00887E-02, -4.10116E-02, -4.19272E-02, -4.28284E-02, -4.37076E-02, -4.45562E-02, -4.53652E-02, -4.61249E-02, -4.68256E-02, -4.74574E-02, -4.80108E-02, -4.84769E-02, -4.88479E-02, -4.91171E-02, -4.92797E-02, -4.93323E-02, -4.92740E-02, -4.91056E-02, -4.88300E-02, -4.84519E-02, -4.79780E-02, -4.74159E-02, -4.67746E-02, -4.60637E-02, -4.52930E-02, -4.44727E-02, -4.36124E-02, -4.27214E-02, -4.18086E-02, -4.08817E-02, -3.99479E-02, -3.90136E-02, -3.80840E-02, -3.71638E-02, -3.62569E-02, -3.53664E-02, -3.44947E-02, -3.36439E-02, -3.28153E-02, -3.20099E-02,NA,NA,NA,NA,NA,NA,NA,NA,NA,NA,NA,
NA,NA,NA,NA,NA,NA,NA,NA,NA,NA,NA,NA,NA, -3.38493E-02, -3.46533E-02, -3.54712E-02, -3.63005E-02, -3.71381E-02, -3.79805E-02, -3.88233E-02, -3.96618E-02, -4.04904E-02, -4.13028E-02, -4.20923E-02, -4.28515E-02, -4.35725E-02, -4.42473E-02, -4.48675E-02, -4.54250E-02, -4.59119E-02, -4.63210E-02, -4.66458E-02, -4.68810E-02, -4.70226E-02, -4.70680E-02, -4.70164E-02, -4.68684E-02, -4.66265E-02, -4.62945E-02, -4.58776E-02, -4.53823E-02, -4.48159E-02, -4.41861E-02, -4.35013E-02, -4.27699E-02, -4.20002E-02, -4.12001E-02, -4.03772E-02, -3.95385E-02, -3.86902E-02, -3.78381E-02, -3.69871E-02, -3.61416E-02, -3.53052E-02, -3.44809E-02, -3.36713E-02, -3.28784E-02, -3.21038E-02,NA,NA,NA,NA,NA,NA,NA,NA,NA,NA,NA,NA,
NA,NA,NA,NA,NA,NA,NA,NA,NA,NA,NA,NA,NA,NA, -3.37831E-02, -3.45405E-02, -3.53058E-02, -3.60762E-02, -3.68483E-02, -3.76181E-02, -3.83812E-02, -3.91326E-02, -3.98667E-02, -4.05775E-02, -4.12587E-02, -4.19036E-02, -4.25051E-02, -4.30563E-02, -4.35503E-02, -4.39808E-02, -4.43415E-02, -4.46273E-02, -4.48339E-02, -4.49579E-02, -4.49973E-02, -4.49514E-02, -4.48207E-02, -4.46073E-02, -4.43142E-02, -4.39458E-02, -4.35073E-02, -4.30047E-02, -4.24446E-02, -4.18339E-02, -4.11796E-02, -4.04888E-02, -3.97683E-02, -3.90247E-02, -3.82641E-02, -3.74922E-02, -3.67139E-02, -3.59340E-02, -3.51563E-02, -3.43843E-02, -3.36210E-02, -3.28688E-02, -3.21298E-02,NA,NA,NA,NA,NA,NA,NA,NA,NA,NA,NA,NA,NA,
NA,NA,NA,NA,NA,NA,NA,NA,NA,NA,NA,NA,NA,NA,NA, -3.36417E-02, -3.43486E-02, -3.50579E-02, -3.57664E-02, -3.64706E-02, -3.71663E-02, -3.78490E-02, -3.85138E-02, -3.91556E-02, -3.97686E-02, -4.03471E-02, -4.08852E-02, -4.13769E-02, -4.18166E-02, -4.21987E-02, -4.25183E-02, -4.27710E-02, -4.29533E-02, -4.30624E-02, -4.30968E-02, -4.30558E-02, -4.29399E-02, -4.27507E-02, -4.24908E-02, -4.21637E-02, -4.17739E-02, -4.13261E-02, -4.08260E-02, -4.02793E-02, -3.96921E-02, -3.90703E-02, -3.84198E-02, -3.77462E-02, -3.70551E-02, -3.63513E-02, -3.56394E-02, -3.49236E-02, -3.42076E-02, -3.34945E-02, -3.27872E-02,NA,NA,NA,NA,NA,NA,NA,NA,NA,NA,NA,NA,NA,NA,NA,
NA,NA,NA,NA,NA,NA,NA,NA,NA,NA,NA,NA,NA,NA,NA,NA,NA, -3.40819E-02, -3.47330E-02, -3.53780E-02, -3.60134E-02, -3.66350E-02, -3.72385E-02, -3.78193E-02, -3.83725E-02, -3.88931E-02, -3.93761E-02, -3.98164E-02, -4.02091E-02, -4.05497E-02, -4.08341E-02, -4.10585E-02, -4.12201E-02, -4.13167E-02, -4.13468E-02, -4.13100E-02, -4.12067E-02, -4.10382E-02, -4.08068E-02, -4.05152E-02, -4.01671E-02, -3.97667E-02, -3.93185E-02, -3.88276E-02, -3.82988E-02, -3.77375E-02, -3.71486E-02, -3.65372E-02, -3.59078E-02, -3.52650E-02, -3.46129E-02, -3.39551E-02, -3.32951E-02, -3.26358E-02,NA,NA,NA,NA,NA,NA,NA,NA,NA,NA,NA,NA,NA,NA,NA,NA,
