NA,NA,NA,NA,NA,NA,NA,NA,NA,NA,NA,NA,NA,NA,NA,NA,NA,NA,NA,NA,NA,NA,NA,NA,NA,NA,NA,NA,NA,NA,NA,NA,NA,NA,NA,NA,NA,NA,NA,NA,NA,NA,NA,NA,NA,NA,NA,NA,NA,NA,NA,NA,NA,NA,NA,NA,NA,NA,NA,NA,NA,NA,NA,NA,NA,NA,NA,NA,NA,NA,NA,NA,NA,NA,NA,NA,NA,NA,NA,NA,NA,NA,NA,NA,NA,NA,NA,NA,NA,
NA,NA,NA,NA,NA,NA,NA,NA,NA,NA,NA,NA,NA,NA,NA,NA,NA,NA,NA,NA,NA,NA,NA,NA,NA,NA,NA,NA,NA,NA,NA,NA,NA,NA,NA,NA,NA,NA,NA,NA,NA,NA,NA,NA,NA,NA,NA,NA,NA,NA,NA,NA,NA,NA,NA,NA,NA,NA,NA,NA,NA,NA,NA,NA,NA,NA,NA,NA,NA,NA,NA,NA,NA,NA,NA,NA,NA,NA,NA,NA,NA,NA,NA,NA,NA,NA,NA,NA,NA,
NA,NA,NA,NA,NA,NA,NA,NA,NA,NA,NA,NA,NA,NA,NA,NA,NA,NA,NA,NA,NA,NA,NA,NA,NA,NA,NA,NA,NA,NA,NA,NA,NA,NA,NA,NA,NA,NA,NA,NA,NA,NA,NA,NA,NA,NA,NA,NA,NA,NA,NA,NA,NA,NA,NA,NA,NA,NA,NA,NA,NA,NA,NA,NA,NA,NA,NA,NA,NA,NA,NA,NA,NA,NA,NA,NA,NA,NA,NA,NA,NA,NA,NA,NA,NA,NA,NA,NA,NA,
NA,NA,NA,NA,NA,NA,NA,NA,NA,NA,NA,NA,NA,NA,NA,NA,NA,NA,NA,NA,NA,NA,NA,NA,NA,NA,NA,NA,NA,NA,NA,NA,NA,NA,NA,NA,NA,NA,NA,NA,NA,NA,NA,NA,NA,NA,NA,NA,NA,NA,NA,NA,NA,NA,NA,NA,NA,NA,NA,NA,NA,NA,NA,NA,NA,NA,NA,NA,NA,NA,NA,NA,NA,NA,NA,NA,NA,NA,NA,NA,NA,NA,NA,NA,NA,NA,NA,NA,NA,
NA,NA,NA,NA,NA,NA,NA,NA,NA,NA,NA,NA,NA,NA,NA,NA,NA,NA,NA,NA,NA,NA,NA,NA,NA,NA,NA,NA,NA,NA,NA,NA,NA,NA,NA,NA,NA,NA,NA,NA,NA,NA,NA,NA,NA,NA,NA,NA,NA,NA,NA,NA,NA,NA,NA,NA,NA,NA,NA,NA,NA,NA,NA,NA,NA,NA,NA,NA,NA,NA,NA,NA,NA,NA,NA,NA,NA,NA,NA,NA,NA,NA,NA,NA,NA,NA,NA,NA,NA,
NA,NA,NA,NA,NA,NA,NA,NA,NA,NA,NA,NA,NA,NA,NA,NA,NA,NA,NA,NA,NA,NA,NA,NA,NA,NA,NA,NA,NA,NA,NA,NA,NA,NA,NA,NA,NA,NA,NA,NA,NA,NA,NA,NA,NA,NA,NA,NA,NA,NA,NA,NA,NA,NA,NA,NA,NA,NA,NA,NA,NA,NA,NA,NA,NA,NA,NA,NA,NA,NA,NA,NA,NA,NA,NA,NA,NA,NA,NA,NA,NA,NA,NA,NA,NA,NA,NA,NA,NA,
NA,NA,NA,NA,NA,NA,NA,NA,NA,NA,NA,NA,NA,NA,NA,NA,NA,NA,NA,NA,NA,NA,NA,NA,NA,NA,NA,NA,NA,NA,NA,NA,NA,NA,NA,NA,NA,NA,NA,NA,NA,NA,NA,NA,NA,NA,NA,NA,NA,NA,NA,NA,NA,NA,NA,NA,NA,NA,NA,NA,NA,NA,NA,NA,NA,NA,NA,NA,NA,NA,NA,NA,NA,NA,NA,NA,NA,NA,NA,NA,NA,NA,NA,NA,NA,NA,NA,NA,NA,
NA,NA,NA,NA,NA,NA,NA,NA,NA,NA,NA,NA,NA,NA,NA,NA,NA,NA,NA,NA,NA,NA,NA,NA,NA,NA,NA,NA,NA,NA,NA,NA,NA,NA,NA,NA,NA,NA,NA,NA,NA,NA,NA,NA,NA,NA,NA,NA,NA,NA,NA,NA,NA,NA,NA,NA,NA,NA,NA,NA,NA,NA,NA,NA,NA,NA,NA,NA,NA,NA,NA,NA,NA,NA,NA,NA,NA,NA,NA,NA,NA,NA,NA,NA,NA,NA,NA,NA,NA,
NA,NA,NA,NA,NA,NA,NA,NA,NA,NA,NA,NA,NA,NA,NA,NA,NA,NA,NA,NA,NA,NA,NA,NA,NA,NA,NA,NA,NA,NA,NA,NA,NA,NA,NA,NA,NA,NA,NA,NA,NA,NA,NA,NA,NA,NA,NA,NA,NA,NA,NA,NA,NA,NA,NA,NA,NA,NA,NA,NA,NA,NA,NA,NA,NA,NA,NA,NA,NA,NA,NA,NA,NA,NA,NA,NA,NA,NA,NA,NA,NA,NA,NA,NA,NA,NA,NA,NA,NA,
NA,NA,NA,NA,NA,NA,NA,NA,NA,NA,NA,NA,NA,NA,NA,NA,NA,NA,NA,NA,NA,NA,NA,NA,NA,NA,NA,NA,NA,NA,NA,NA,NA,NA,NA,NA,NA,NA,NA,NA,NA,NA,NA,NA,NA,NA,NA,NA,NA,NA,NA,NA,NA,NA,NA,NA,NA,NA,NA,NA,NA,NA,NA,NA,NA,NA,NA,NA,NA,NA,NA,NA,NA,NA,NA,NA,NA,NA,NA,NA,NA,NA,NA,NA,NA,NA,NA,NA,NA,
NA,NA,NA,NA,NA,NA,NA,NA,NA,NA,NA,NA,NA,NA,NA,NA,NA,NA,NA,NA,NA,NA,NA,NA,NA,NA,NA,NA,NA,NA,NA,NA,NA,NA,NA,NA,NA,NA,NA,NA,NA,NA,NA,NA,NA,NA,NA,NA,NA,NA,NA,NA,NA,NA,NA,NA,NA,NA,NA,NA,NA,NA,NA,NA,NA,NA,NA,NA,NA,NA,NA,NA,NA,NA,NA,NA,NA,NA,NA,NA,NA,NA,NA,NA,NA,NA,NA,NA,NA,
NA,NA,NA,NA,NA,NA,NA,NA,NA,NA,NA,NA,NA,NA,NA,NA,NA,NA,NA,NA,NA,NA,NA,NA,NA,NA,NA,NA,NA,NA,NA,NA,NA,NA,NA,NA,NA,NA,NA,NA,NA,NA,NA,NA,NA,NA,NA,NA,NA,NA,NA,NA,NA,NA,NA,NA,NA,NA,NA,NA,NA,NA,NA,NA,NA,NA,NA,NA,NA,NA,NA,NA,NA,NA,NA,NA,NA,NA,NA,NA,NA,NA,NA,NA,NA,NA,NA,NA,NA,
NA,NA,NA,NA,NA,NA,NA,NA,NA,NA,NA,NA,NA,NA,NA,NA,NA,NA,NA,NA,NA,NA,NA,NA,NA,NA,NA,NA,NA,NA,NA,NA,NA,NA,NA,NA,NA,NA,NA,NA,NA,NA,NA,NA,NA,NA,NA,NA,NA,NA,NA,NA,NA,NA,NA,NA,NA,NA,NA,NA,NA,NA,NA,NA,NA,NA,NA,NA,NA,NA,NA,NA,NA,NA,NA,NA,NA,NA,NA,NA,NA,NA,NA,NA,NA,NA,NA,NA,NA,
NA,NA,NA,NA,NA,NA,NA,NA,NA,NA,NA,NA,NA,NA,NA,NA,NA,NA,NA,NA,NA,NA,NA,NA,NA,NA,NA,NA,NA,NA,NA,NA,NA,NA,NA,NA,NA,NA,NA,NA,NA,NA,NA,NA,NA,NA,NA,NA,NA,NA,NA,NA,NA,NA,NA,NA,NA,NA,NA,NA,NA,NA,NA,NA,NA,NA,NA,NA,NA,NA,NA,NA,NA,NA,NA,NA,NA,NA,NA,NA,NA,NA,NA,NA,NA,NA,NA,NA,NA,
NA,NA,NA,NA,NA,NA,NA,NA,NA,NA,NA,NA,NA,NA,NA,NA,NA,NA,NA,NA,NA,NA,NA,NA,NA,NA,NA,NA,NA,NA,NA,NA,NA,NA,NA,NA,NA,NA,NA,NA,NA,NA,NA,NA,NA,NA,NA,NA,NA,NA,NA,NA,NA,NA,NA,NA,NA,NA,NA,NA,NA,NA,NA,NA,NA,NA,NA,NA,NA,NA,NA,NA,NA,NA,NA,NA,NA,NA,NA,NA,NA,NA,NA,NA,NA,NA,NA,NA,NA,
NA,NA,NA,NA,NA,NA,NA,NA,NA,NA,NA,NA,NA,NA,NA,NA,NA,NA,NA,NA,NA,NA,NA,NA,NA,NA,NA,NA,NA,NA,NA,NA,NA,NA,NA,NA,NA,NA,NA,NA,NA,NA,NA,NA,NA,NA,NA,NA,NA,NA,NA,NA,NA,NA,NA,NA,NA,NA,NA,NA,NA,NA,NA,NA,NA,NA,NA,NA,NA,NA,NA,NA,NA,NA,NA,NA,NA,NA,NA,NA,NA,NA,NA,NA,NA,NA,NA,NA,NA,
NA,NA,NA,NA,NA,NA,NA,NA,NA,NA,NA,NA,NA,NA,NA,NA,NA,NA,NA,NA,NA,NA,NA,NA,NA,NA,NA,NA,NA,NA,NA,NA,NA,NA,NA,NA,NA,NA,NA,NA,NA,NA,NA,NA,NA,NA,NA,NA,NA,NA,NA,NA,NA,NA,NA,NA,NA,NA,NA,NA,NA,NA,NA,NA,NA,NA,NA,NA,NA,NA,NA,NA,NA,NA,NA,NA,NA,NA,NA,NA,NA,NA,NA,NA,NA,NA,NA,NA,NA,
NA,NA,NA,NA,NA,NA,NA,NA,NA,NA,NA,NA,NA,NA,NA,NA,NA,NA,NA,NA,NA,NA,NA,NA,NA,NA,NA,NA,NA,NA,NA,NA,NA,NA,NA,NA,NA,NA,NA,NA,NA,NA,NA,NA,NA,NA,NA,NA,NA,NA,NA,NA,NA,NA,NA,NA,NA,NA,NA,NA,NA,NA,NA,NA,NA,NA,NA,NA,NA,NA,NA,NA,NA,NA,NA,NA,NA,NA,NA,NA,NA,NA,NA,NA,NA,NA,NA,NA,NA,
NA,NA,NA,NA,NA,NA,NA,NA,NA,NA,NA,NA,NA,NA,NA,NA,NA,NA,NA,NA,NA,NA,NA,NA,NA,NA,NA,NA,NA,NA,NA,NA,NA,NA,NA,NA,NA,NA,NA,NA,NA,NA,NA,NA,NA,NA,NA,NA,NA,NA,NA,NA,NA,NA,NA,NA,NA,NA,NA,NA,NA,NA,NA,NA,NA,NA,NA,NA,NA,NA,NA,NA,NA,NA,NA,NA,NA,NA,NA,NA,NA,NA,NA,NA,NA,NA,NA,NA,NA,
NA,NA,NA,NA,NA,NA,NA,NA,NA,NA,NA,NA,NA,NA,NA,NA,NA,NA,NA,NA,NA,NA,NA,NA,NA,NA,NA,NA,NA,NA,NA,NA,NA,NA,NA,NA,NA,NA,NA,NA,NA,NA,NA,NA,NA,NA,NA,NA,NA,NA,NA,NA,NA,NA,NA,NA,NA,NA,NA,NA,NA,NA,NA,NA,NA,NA,NA,NA,NA,NA,NA,NA,NA,NA,NA,NA,NA,NA,NA,NA,NA,NA,NA,NA,NA,NA,NA,NA,NA,
NA,NA,NA,NA,NA,NA,NA,NA,NA,NA,NA,NA,NA,NA,NA,NA,NA,NA,NA,NA,NA,NA,NA,NA,NA,NA,NA,NA,NA,NA,NA,NA,NA,NA,NA,NA,NA,NA,NA,NA,NA,NA,NA,NA,NA,NA,NA,NA,NA,NA,NA,NA,NA,NA,NA,NA,NA,NA,NA,NA,NA,NA,NA,NA,NA,NA,NA,NA,NA,NA,NA,NA,NA,NA,NA,NA,NA,NA,NA,NA,NA,NA,NA,NA,NA,NA,NA,NA,NA,
NA,NA,NA,NA,NA,NA,NA,NA,NA,NA,NA,NA,NA,NA,NA,NA,NA,NA,NA,NA,NA,NA,NA,NA,NA,NA,NA,NA,NA,NA,NA,NA,NA,NA,NA,NA,NA,NA,NA,NA,NA,NA,NA,NA,NA,NA,NA,NA,NA,NA,NA,NA,NA,NA,NA,NA,NA,NA,NA,NA,NA,NA,NA,NA,NA,NA,NA,NA,NA,NA,NA,NA,NA,NA,NA,NA,NA,NA,NA,NA,NA,NA,NA,NA,NA,NA,NA,NA,NA,
NA,NA,NA,NA,NA,NA,NA,NA,NA,NA,NA,NA,NA,NA,NA,NA,NA,NA,NA,NA,NA,NA,NA,NA,NA,NA,NA,NA,NA,NA,NA,NA,NA,NA,NA,NA,NA,NA,NA,NA,NA,NA,NA,NA,NA,NA,NA,NA,NA,NA,NA,NA,NA,NA,NA,NA,NA,NA,NA,NA,NA,NA,NA,NA,NA,NA,NA,NA,NA,NA,NA,NA,NA,NA,NA,NA,NA,NA,NA,NA,NA,NA,NA,NA,NA,NA,NA,NA,NA,
NA,NA,NA,NA,NA,NA,NA,NA,NA,NA,NA,NA,NA,NA,NA,NA,NA,NA,NA,NA,NA,NA,NA,NA,NA,NA,NA,NA,NA,NA,NA,NA,NA,NA,NA,NA,NA,NA,NA,NA,NA,NA,NA,NA,NA,NA,NA,NA,NA,NA,NA,NA,NA,NA,NA,NA,NA,NA,NA,NA,NA,NA,NA,NA,NA,NA,NA,NA,NA,NA,NA,NA,NA,NA,NA,NA,NA,NA,NA,NA,NA,NA,NA,NA,NA,NA,NA,NA,NA,
NA,NA,NA,NA,NA,NA,NA,NA,NA,NA,NA,NA,NA,NA,NA,NA,NA,NA,NA,NA,NA,NA,NA,NA,NA,NA,NA,NA,NA,NA,NA,NA,NA,NA,NA,NA,NA,NA,NA,NA,NA,NA,NA,NA,NA,NA,NA,NA,NA,NA,NA,NA,NA,NA,NA,NA,NA,NA,NA,NA,NA,NA,NA,NA,NA,NA,NA,NA,NA,NA,NA,NA,NA,NA,NA,NA,NA,NA,NA,NA,NA,NA,NA,NA,NA,NA,NA,NA,NA,
NA,NA,NA,NA,NA,NA,NA,NA,NA,NA,NA,NA,NA,NA,NA,NA,NA,NA,NA,NA,NA,NA,NA,NA,NA,NA,NA,NA,NA,NA,NA,NA,NA,NA,NA,NA,NA,NA,NA,NA,NA,NA,NA,NA,NA,NA,NA,NA,NA,NA,NA,NA,NA,NA,NA,NA,NA,NA,NA,NA,NA,NA,NA,NA,NA,NA,NA,NA,NA,NA,NA,NA,NA,NA,NA,NA,NA,NA,NA,NA,NA,NA,NA,NA,NA,NA,NA,NA,NA,
NA,NA,NA,NA,NA,NA,NA,NA,NA,NA,NA,NA,NA,NA,NA,NA,NA,NA,NA,NA,NA,NA,NA,NA,NA,NA,NA,NA,NA,NA,NA,NA,NA,NA,NA,NA,NA,NA,NA,NA,NA,NA,NA,NA,NA,NA,NA,NA,NA,NA,NA,NA,NA,NA,NA,NA,NA,NA,NA,NA,NA,NA,NA,NA,NA,NA,NA,NA,NA,NA,NA,NA,NA,NA,NA,NA,NA,NA,NA,NA,NA,NA,NA,NA,NA,NA,NA,NA,NA,
NA,NA,NA,NA,NA,NA,NA,NA,NA,NA,NA,NA,NA,NA,NA,NA,NA,NA,NA,NA,NA,NA,NA,NA,NA,NA,NA,NA,NA,NA,NA,NA,NA,NA,NA,NA,NA,NA,NA,NA,NA,NA,NA,NA,NA,NA,NA,NA,NA,NA,NA,NA,NA,NA,NA,NA,NA,NA,NA,NA,NA,NA,NA,NA,NA,NA,NA,NA,NA,NA,NA,NA,NA,NA,NA,NA,NA,NA,NA,NA,NA,NA,NA,NA,NA,NA,NA,NA,NA,
NA,NA,NA,NA,NA,NA,NA,NA,NA,NA,NA,NA,NA,NA,NA,NA,NA,NA,NA,NA,NA,NA,NA,NA,NA,NA,NA,NA,NA,NA,NA,NA,NA,NA,NA,NA,NA,NA,NA,NA,NA,NA,NA,NA,NA,NA,NA,NA,NA,NA,NA,NA,NA,NA,NA,NA,NA,NA,NA,NA,NA,NA,NA,NA,NA,NA,NA,NA,NA,NA,NA,NA,NA,NA,NA,NA,NA,NA,NA,NA,NA,NA,NA,NA,NA,NA,NA,NA,NA,
NA,NA,NA,NA,NA,NA,NA,NA,NA,NA,NA,NA,NA,NA,NA,NA,NA,NA,NA,NA,NA,NA,NA,NA,NA,NA,NA,NA,NA,NA,NA,NA,NA,NA,NA,NA,NA,NA,NA,NA,NA,NA,NA,NA,NA,NA,NA,NA,NA,NA,NA,NA,NA,NA,NA,NA,NA,NA,NA,NA,NA,NA,NA,NA,NA,NA,NA,NA,NA,NA,NA,NA,NA,NA,NA,NA,NA,NA,NA,NA,NA,NA,NA,NA,NA,NA,NA,NA,NA,
NA,NA,NA,NA,NA,NA,NA,NA,NA,NA,NA,NA,NA,NA,NA,NA,NA,NA,NA,NA,NA,NA,NA,NA,NA,NA,NA,NA,NA,NA,NA,NA,NA,NA,NA,NA,NA,NA,NA,NA,NA,NA,NA,NA,NA,NA,NA,NA,NA,NA,NA,NA,NA,NA,NA,NA,NA,NA,NA,NA,NA,NA,NA,NA,NA,NA,NA,NA,NA,NA,NA,NA,NA,NA,NA,NA,NA,NA,NA,NA,NA,NA,NA,NA,NA,NA,NA,NA,NA,
NA,NA,NA,NA,NA,NA,NA,NA,NA,NA,NA,NA,NA,NA,NA,NA,NA,NA,NA,NA,NA,NA,NA,NA,NA,NA,NA,NA,NA,NA,NA,NA,NA,NA,NA,NA,NA,NA,NA,NA,NA,NA,NA,NA,NA,NA,NA,NA,NA,NA,NA,NA,NA,NA,NA,NA,NA,NA,NA,NA,NA,NA,NA,NA,NA,NA,NA,NA,NA,NA,NA,NA,NA,NA,NA,NA,NA,NA,NA,NA,NA,NA,NA,NA,NA,NA,NA,NA,NA,
NA,NA,NA,NA,NA,NA,NA,NA,NA,NA,NA,NA,NA,NA,NA,NA,NA,NA,NA,NA,NA,NA,NA,NA,NA,NA,NA,NA,NA,NA,NA,NA,NA,NA,NA,NA,NA,NA,NA,NA,NA,NA,NA,NA,NA,NA,NA,NA,NA,NA,NA,NA,NA,NA,NA,NA,NA,NA,NA,NA,NA,NA,NA,NA,NA,NA,NA,NA,NA,NA,NA,NA,NA,NA,NA,NA,NA,NA,NA,NA,NA,NA,NA,NA,NA,NA,NA,NA,NA,
NA,NA,NA,NA,NA,NA,NA,NA,NA,NA,NA,NA,NA,NA,NA,NA,NA,NA,NA,NA,NA,NA,NA,NA,NA,NA,NA,NA,NA,NA,NA,NA,NA,NA,NA,NA,NA,NA,NA,NA,NA,NA,NA,NA,NA,NA,NA,NA,NA,NA,NA,NA,NA,NA,NA,NA,NA,NA,NA,NA,NA,NA,NA,NA,NA,NA,NA,NA,NA,NA,NA,NA,NA,NA,NA,NA,NA,NA,NA,NA,NA,NA,NA,NA,NA,NA,NA,NA,NA,
NA,NA,NA,NA,NA,NA,NA,NA,NA,NA,NA,NA,NA,NA,NA,NA,NA,NA,NA,NA,NA,NA,NA,NA,NA,NA,NA,NA,NA,NA,NA,NA,NA,NA,NA,NA,NA,NA,NA,NA,NA,NA,NA,NA,NA,NA,NA,NA,NA,NA,NA,NA,NA,NA,NA,NA,NA,NA,NA,NA,NA,NA,NA,NA,NA,NA,NA,NA,NA,NA,NA,NA,NA,NA,NA,NA,NA,NA,NA,NA,NA,NA,NA,NA,NA,NA,NA,NA,NA,
NA,NA,NA,NA,NA,NA,NA,NA,NA,NA,NA,NA,NA,NA,NA,NA,NA,NA,NA,NA,NA,NA,NA,NA,NA,NA,NA,NA,NA,NA,NA,NA,NA,NA,NA,NA,NA,NA,NA,NA,NA,NA,NA,NA,NA,NA,NA,NA,NA,NA,NA,NA,NA,NA,NA,NA,NA,NA,NA,NA,NA,NA,NA,NA,NA,NA,NA,NA,NA,NA,NA,NA,NA,NA,NA,NA,NA,NA,NA,NA,NA,NA,NA,NA,NA,NA,NA,NA,NA,
NA,NA,NA,NA,NA,NA,NA,NA,NA,NA,NA,NA,NA,NA,NA,NA,NA,NA,NA,NA,NA,NA,NA,NA,NA,NA,NA,NA,NA,NA,NA,NA,NA,NA,NA,NA,NA,NA,NA,NA,NA,NA,NA,NA,NA,NA,NA,NA,NA,NA,NA,NA,NA,NA,NA,NA,NA,NA,NA,NA,NA,NA,NA,NA,NA,NA,NA,NA,NA,NA,NA,NA,NA,NA,NA,NA,NA,NA,NA,NA,NA,NA,NA,NA,NA,NA,NA,NA,NA,
NA,NA,NA,NA,NA,NA,NA,NA,NA,NA,NA,NA,NA,NA,NA,NA,NA,NA,NA,NA,NA,NA,NA,NA,NA,NA,NA,NA,NA,NA,NA,NA,NA,NA,NA,NA,NA,NA,NA,NA,NA,NA,NA,NA,NA,NA,NA,NA,NA,NA,NA,NA,NA,NA,NA,NA,NA,NA,NA,NA,NA,NA,NA,NA,NA,NA,NA,NA,NA,NA,NA,NA,NA,NA,NA,NA,NA,NA,NA,NA,NA,NA,NA,NA,NA,NA,NA,NA,NA,
NA,NA,NA,NA,NA,NA,NA,NA,NA,NA,NA,NA,NA,NA,NA,NA,NA,NA,NA,NA,NA,NA,NA,NA,NA,NA,NA,NA,NA,NA,NA,NA,NA,NA,NA,NA,NA,NA,NA,NA,NA,NA,NA,NA,NA,NA,NA,NA,NA,NA,NA,NA,NA,NA,NA,NA,NA,NA,NA,NA,NA,NA,NA,NA,NA,NA,NA,NA,NA,NA,NA,NA,NA,NA,NA,NA,NA,NA,NA,NA,NA,NA,NA,NA,NA,NA,NA,NA,NA,
NA,NA,NA,NA,NA,NA,NA,NA,NA,NA,NA,NA,NA,NA,NA,NA,NA,NA,NA, -2.29602E-03, -2.62212E-03,NA,NA,NA,NA,NA,NA,NA,NA,NA,NA,NA,NA,NA,NA,NA,NA,NA,NA,NA,NA,NA,NA,NA,NA,NA,NA,NA,NA,NA,NA,NA,NA,NA,NA,NA,NA,NA,NA,NA,NA,NA,NA,NA,NA,NA,NA,NA,NA,NA,NA,NA,NA,NA,NA,NA,NA,NA,NA,NA,NA,NA,NA,NA,NA,NA,NA,NA,NA,
NA,NA,NA,NA,NA,NA,NA,NA,NA,NA,NA,NA,NA,NA,NA,NA,NA, -1.64341E-03, -1.94917E-03, -2.27427E-03, -2.61891E-03,NA,NA,NA,NA,NA,NA,NA,NA,NA,NA,NA,NA,NA,NA,NA,NA,NA,NA,NA,NA,NA,NA,NA,NA,NA,NA,NA,NA,NA,NA,NA,NA,NA,NA,NA,NA,NA,NA,NA,NA,NA,NA,NA,NA,NA,NA,NA,NA,NA,NA,NA,NA,NA,NA,NA,NA,NA,NA,NA,NA,NA,NA,NA,NA,NA,NA,NA,NA,
NA,NA,NA,NA,NA,NA,NA,NA,NA,NA,NA,NA,NA,NA,NA,NA, -1.27622E-03, -1.57543E-03, -1.89571E-03, -2.23760E-03, -2.60146E-03,NA,NA,NA,NA,NA,NA,NA,NA,NA,NA,NA,NA,NA,NA,NA,NA,NA,NA,NA,NA,NA,NA,NA,NA,NA,NA,NA,NA,NA,NA,NA,NA,NA,NA,NA,NA,NA,NA,NA,NA,NA,NA,NA,NA,NA,NA,NA,NA,NA,NA,NA,NA,NA,NA,NA,NA,NA,NA,NA,NA,NA,NA,NA,NA,NA,NA,NA,NA,
NA,NA,NA,NA,NA,NA,NA,NA,NA,NA,NA,NA,NA,NA, -6.21565E-04, -8.89092E-04, -1.17814E-03, -1.48967E-03, -1.82456E-03, -2.18355E-03, -2.56724E-03,NA,NA,NA,NA,NA,NA,NA,NA,NA,NA,NA,NA,NA,NA,NA,NA,NA,NA,NA,NA,NA,NA,NA,NA,NA,NA,NA,NA,NA,NA,NA,NA,NA,NA,NA,NA,NA,NA,NA,NA,NA,NA,NA,NA,NA,NA,NA,NA,NA,NA,NA,NA,NA,NA,NA,NA,NA,NA,NA,NA,NA,NA,NA,NA,NA,NA,NA,NA,
NA,NA,NA,NA,NA,NA,NA,NA,NA,NA,NA,NA,NA, -2.32920E-04, -4.85981E-04, -7.61297E-04, -1.06013E-03, -1.38369E-03, -1.73309E-03, -2.10935E-03, -2.51331E-03,NA,NA,NA,NA,NA,NA,NA,NA,NA,NA,NA,NA,NA,NA,NA,NA,NA,NA,NA,NA,NA,NA,NA,NA,NA,NA,NA,NA,NA,NA,NA,NA,NA,NA,NA,NA,NA,NA,NA,NA,NA,NA,NA,NA,NA,NA,NA,NA,NA,NA,NA,NA,NA,NA,NA,NA,NA,NA,NA,NA,NA,NA,NA,NA,NA,NA,NA,NA,
NA,NA,NA,NA,NA,NA,NA,NA,NA,NA,NA,NA,  1.64362E-04, -7.12514E-05, -3.29449E-04, -6.11757E-04, -9.19698E-04, -1.25476E-03, -1.61837E-03, -2.01184E-03, -2.43633E-03, -2.89276E-03,NA,NA,NA,NA,NA,NA,NA,NA,NA,NA,NA,NA,NA,NA,NA,NA,NA,NA,NA,NA,NA,NA,NA,NA,NA,NA,NA,NA,NA,NA,NA,NA,NA,NA,NA,NA,NA,NA,NA,NA,NA,NA,NA,NA,NA,NA,NA,NA,NA,NA,NA,NA,NA,NA,NA,NA,NA,NA,NA,NA,NA,NA,NA,NA,NA,NA,NA,
NA,NA,NA,NA,NA,NA,NA,NA,NA,NA,NA,  5.65910E-04,  3.50422E-04,  1.12448E-04, -1.49765E-04, -4.38013E-04, -7.54119E-04, -1.09990E-03, -1.47712E-03, -1.88747E-03, -2.33249E-03, -2.81350E-03,NA,NA,NA,NA,NA,NA,NA,NA,NA,NA,NA,NA,NA,NA,NA,NA,NA,NA,NA,NA,NA,NA,NA,NA,NA,NA,NA,NA,NA,NA,NA,NA,NA,NA,NA,NA,NA,NA,NA,NA,NA,NA,NA,NA,NA, -9.53612E-03,NA,NA,NA,NA,NA,NA,NA,NA,NA,NA,NA,NA,NA,NA,NA,NA,NA,NA,NA,NA,NA,
NA,NA,NA,NA,NA,NA,NA,NA,NA,NA,  9.67283E-04,  7.74210E-04,  5.59176E-04,  3.20256E-04,  5.54267E-05, -2.37412E-04, -5.60420E-04, -9.15788E-04, -1.30569E-03, -1.73226E-03, -2.19748E-03,NA,NA,NA,NA,NA,NA,NA,NA,NA,NA,NA,NA,NA,NA,NA,NA,NA,NA,NA,NA,NA,NA,NA,NA,NA,NA,NA,NA,NA,NA,NA,NA,NA,NA,NA,NA,NA,NA,NA,NA,NA,NA,NA,NA,NA,NA, -9.87894E-03, -9.37813E-03, -8.89733E-03,NA,NA,NA,NA,NA,NA,NA,NA,NA,NA,NA,NA,NA,NA,NA,NA,NA,NA,NA,
NA,NA,NA,NA,NA,NA,NA,NA,NA,  1.36410E-03,  1.19528E-03,  1.00543E-03,  7.92517E-04,  5.54351E-04,  2.88620E-04, -7.11360E-06, -3.35390E-04, -6.98823E-04, -1.10006E-03, -1.54174E-03, -2.02640E-03,NA,NA,NA,NA,NA,NA,NA,NA,NA,NA,NA,NA,NA,NA,NA,NA,NA,NA,NA,NA,NA,NA,NA,NA,NA,NA,NA,NA,NA,NA,NA,NA,NA,NA,NA,NA,NA,NA,NA,NA,NA,NA,NA,NA,NA,NA, -1.02240E-02, -9.68504E-03, -9.16955E-03,NA,NA,NA,NA,NA,NA,NA,NA,NA,NA,NA,NA,NA,NA,NA,NA,NA,NA,NA,
NA,NA,NA,NA,NA,NA,NA,NA,  1.75217E-03,  1.60894E-03,  1.44599E-03,  1.26123E-03,  1.05238E-03,  8.16996E-04,  5.52435E-04,  2.55896E-04, -7.55785E-05, -4.45082E-04, -8.55799E-04, -1.31096E-03, -1.81377E-03,NA,NA,NA,NA,NA,NA,NA,NA,NA,NA,NA,NA,NA,NA,NA,NA,NA,NA,NA,NA,NA,NA,NA,NA,NA,NA,NA,NA,NA,NA,NA,NA,NA,NA,NA,NA,NA,NA,NA,NA,NA,NA,NA,NA,NA,NA, -1.05691E-02, -9.98982E-03, -9.43789E-03, -8.91309E-03,NA,NA,NA,NA,NA,NA,NA,NA,NA,NA,NA,NA,NA,NA,NA,NA,NA,NA,
NA,NA,NA,NA,NA,NA,NA,  2.12762E-03,  2.01080E-03,  1.87590E-03,  1.72082E-03,  1.54327E-03,  1.34075E-03,  1.11051E-03,  8.49588E-04,  5.54787E-04,  2.22685E-04, -1.50341E-04, -5.68083E-04, -1.03446E-03, -1.55344E-03,NA,NA,NA,NA,NA,NA,NA,NA,NA,NA,NA,NA,NA,NA,NA,NA,NA,NA,NA,NA,NA,NA,NA,NA,NA,NA,NA,NA,NA,NA,NA,NA,NA,NA,NA,NA,NA,NA,NA,NA,NA,NA,NA,NA,NA,NA, -1.09117E-02, -1.02899E-02, -9.69991E-03, -9.14104E-03, -8.61249E-03,NA,NA,NA,NA,NA,NA,NA,NA,NA,NA,NA,NA,NA,NA,NA,NA,NA,
NA,NA,NA,NA,NA,NA,  2.48698E-03,  2.39688E-03,  2.29057E-03,  2.16605E-03,  2.02108E-03,  1.85316E-03,  1.65955E-03,  1.43723E-03,  1.18286E-03,  8.92847E-04,  5.63262E-04,  1.89903E-04, -2.31702E-04, -7.06248E-04, -1.23859E-03,NA,NA,NA,NA,NA,NA,NA,NA,NA,NA,NA,NA,NA,NA,NA,NA,NA,NA,NA,NA,NA,NA,NA,NA,NA,NA,NA,NA,NA,NA,NA,NA,NA,NA,NA,NA,NA,NA,NA,NA,NA,NA,NA,NA,NA,NA, -1.12485E-02, -1.05824E-02, -9.95281E-03, -9.35882E-03, -8.79914E-03, -8.27235E-03,NA,NA,NA,NA,NA,NA,NA,NA,NA,NA,NA,NA,NA,NA,NA,NA,
NA,NA,NA,NA,NA,  2.82727E-03,  2.76368E-03,  2.68598E-03,  2.59227E-03,  2.48041E-03,  2.34804E-03,  2.19246E-03,  2.01071E-03,  1.79947E-03,  1.55507E-03,  1.27344E-03,  9.50165E-04,  5.80396E-04,  1.58920E-04, -3.19831E-04, -8.61726E-04, -1.47284E-03,NA,NA,NA,NA,NA,NA,NA,NA,NA,NA,NA,NA,NA,NA,NA,NA,NA,NA,NA,NA,NA,NA,NA,NA,NA,NA,NA,NA,NA,NA,NA,NA,NA,NA,NA,NA,NA,NA,NA,NA,NA,NA,NA,NA,NA,NA, -1.08637E-02, -1.01934E-02, -9.56350E-03, -8.97221E-03, -8.41768E-03, -7.89798E-03,NA,NA,NA,NA,NA,NA,NA,NA,NA,NA,NA,NA,NA,NA,NA,
NA,NA,NA,NA,NA,  3.10831E-03,  3.05868E-03,  2.99541E-03,  2.91654E-03,  2.81985E-03,  2.70281E-03,  2.56261E-03,  2.39603E-03,  2.19949E-03,  1.96896E-03,  1.69996E-03,  1.38749E-03,  1.02607E-03,  6.09666E-04,  1.31754E-04, -4.14674E-04, -1.03703E-03,NA,NA,NA,NA,NA,NA,NA,NA,NA,NA,NA,NA,NA,NA,NA,NA,NA,NA,NA,NA,NA,NA,NA,NA,NA,NA,NA,NA,NA,NA,NA,NA,NA,NA,NA,NA,NA,NA,NA,NA,NA,NA,NA,NA,NA,NA, -1.11301E-02, -1.04182E-02, -9.75183E-03, -9.12877E-03, -8.54658E-03, -8.00284E-03,NA,NA,NA,NA,NA,NA,NA,NA,NA,NA,NA,NA,NA,NA,NA,
NA,NA,NA,NA,  3.42847E-03,  3.40593E-03,  3.37219E-03,  3.32552E-03,  3.26390E-03,  3.18506E-03,  3.08637E-03,  2.96487E-03,  2.81715E-03,  2.63939E-03,  2.42721E-03,  2.17570E-03,  1.87934E-03,  1.53194E-03,  1.12664E-03,  6.55869E-04,  1.11355E-04, -5.15811E-04,NA,NA,NA,NA,NA,NA,NA,NA,NA,NA,NA,NA,NA,NA,NA,NA,NA,NA,NA,NA,NA,NA,NA,NA,NA,NA,NA,NA,NA,NA,NA,NA,NA,NA,NA,NA,NA,NA,NA,NA,NA,NA,NA,NA,NA,NA,NA, -1.06231E-02, -9.92022E-03, -9.26559E-03, -8.65617E-03, -8.08899E-03, -7.56120E-03,NA,NA,NA,NA,NA,NA,NA,NA,NA,NA,NA,NA,NA,NA,
NA,NA,NA,  3.72250E-03,  3.72565E-03,  3.72007E-03,  3.70425E-03,  3.67645E-03,  3.63466E-03,  3.57655E-03,  3.49945E-03,  3.40028E-03,  3.27549E-03,  3.12104E-03,  2.93226E-03,  2.70383E-03,  2.42971E-03,  2.10303E-03,  1.71607E-03,  1.26016E-03,  7.25667E-04,  1.02028E-04,NA,NA,NA,NA,NA,NA,NA,NA,NA,NA,NA,NA,NA,NA,NA,NA,NA,NA,NA,NA,NA,NA,NA,NA,NA,NA,NA,NA,NA,NA,NA,NA,NA,NA,NA,NA,NA,NA,NA,NA,NA,NA,NA,NA,NA,NA,NA,NA, -1.00648E-02, -9.37923E-03, -8.74341E-03, -8.15374E-03, -7.60684E-03, -7.09951E-03,NA,NA,NA,NA,NA,NA,NA,NA,NA,NA,NA,NA,NA,
NA,NA,NA,  4.01646E-03,  4.03727E-03,  4.05050E-03,  4.05470E-03,  4.04815E-03,  4.02888E-03,  3.99456E-03,  3.94251E-03,  3.86959E-03,  3.77217E-03,  3.64603E-03,  3.48626E-03,  3.28720E-03,  3.04234E-03,  2.74417E-03,  2.38410E-03,  1.95237E-03,  1.43792E-03,  8.28386E-04,NA,NA,NA,NA,NA,NA,NA,NA,NA,NA,NA,NA,NA,NA,NA,NA,NA,NA,NA,NA,NA,NA,NA,NA,NA,NA,NA,NA,NA,NA,NA,NA,NA,NA,NA,NA,NA,NA,NA,NA,NA,NA,NA,NA,NA,NA,NA,NA,NA, -9.46602E-03, -8.80509E-03, -8.19430E-03, -7.62968E-03, -7.10754E-03,NA,NA,NA,NA,NA,NA,NA,NA,NA,NA,NA,NA,NA,
NA,NA,  4.27762E-03,  4.32276E-03,  4.36288E-03,  4.39681E-03,  4.42316E-03,  4.44032E-03,  4.44636E-03,  4.43904E-03,  4.41569E-03,  4.37321E-03,  4.30792E-03,  4.21551E-03,  4.09093E-03,  3.92826E-03,  3.72058E-03,  3.45983E-03,  3.13663E-03,  2.74014E-03,  2.25788E-03,  1.67560E-03,  9.77205E-04,NA,NA,NA,NA,NA,NA,NA,NA,NA,NA,NA,NA,NA,NA,NA,NA,NA,NA,NA,NA,NA,NA,NA,NA,NA,NA,NA,NA,NA,NA,NA,NA,NA,NA,NA,NA,NA,NA,NA,NA,NA,NA,NA,NA,NA,NA,NA,NA,NA, -8.83788E-03, -8.20779E-03, -7.62724E-03, -7.09203E-03, -6.59826E-03,NA,NA,NA,NA,NA,NA,NA,NA,NA,NA,NA,NA,
NA,NA,  4.57620E-03,  4.64078E-03,  4.70185E-03,  4.75835E-03,  4.80903E-03,  4.85238E-03,  4.88661E-03,  4.90958E-03,  4.91875E-03,  4.91108E-03,  4.88297E-03,  4.83012E-03,  4.74743E-03,  4.62884E-03,  4.46716E-03,  4.25389E-03,  3.97899E-03,  3.63066E-03,  3.19506E-03,  2.65609E-03,  1.99515E-03,NA,NA,NA,NA,NA,NA,NA,NA,NA,NA,NA,NA,NA,NA,NA,NA,NA,NA,NA,NA,NA,NA,NA,NA,NA,NA,NA,NA,NA,NA,NA,NA,NA,NA,NA,NA,NA,NA,NA,NA,NA,NA,NA,NA,NA,NA,NA,NA,NA,NA, -8.19130E-03, -7.59705E-03, -7.05086E-03, -6.54840E-03,NA,NA,NA,NA,NA,NA,NA,NA,NA,NA,NA,NA,
NA,  4.79783E-03,  4.88430E-03,  4.96971E-03,  5.05334E-03,  5.13427E-03,  5.21142E-03,  5.28346E-03,  5.34876E-03,  5.40539E-03,  5.45097E-03,  5.48265E-03,  5.49700E-03,  5.48986E-03,  5.45620E-03,  5.38999E-03,  5.28395E-03,  5.12934E-03,  4.91564E-03,  4.63030E-03,  4.25830E-03,  3.78184E-03,  3.17988E-03,  2.42776E-03,NA,NA,NA,NA,NA,NA,NA,NA,NA,NA,NA,NA,NA,NA,NA,NA,NA,NA,NA,NA,NA,NA,NA,NA,NA,NA,NA,NA,NA,NA,NA,NA,NA,NA,NA,NA,NA,NA,NA,NA,NA,NA,NA,NA,NA,NA,NA,NA,NA, -8.14195E-03, -7.53666E-03, -6.98199E-03, -6.47314E-03, -6.00581E-03,NA,NA,NA,NA,NA,NA,NA,NA,NA,NA,NA,
NA,  5.09413E-03,  5.20099E-03,  5.30857E-03,  5.41630E-03,  5.52347E-03,  5.62919E-03,  5.73236E-03,  5.83160E-03,  5.92522E-03,  6.01115E-03,  6.08680E-03,  6.14902E-03,  6.19395E-03,  6.21681E-03,  6.21180E-03,  6.17177E-03,  6.08798E-03,  5.94977E-03,  5.74412E-03,  5.45518E-03,  5.06373E-03,NA,NA,NA,NA,NA,NA,NA,NA,NA,NA,NA,NA,NA,NA,NA,NA,NA,NA,NA,NA,NA,NA,NA,NA,NA,NA,NA,NA,NA,NA,NA,NA,NA,NA,NA,NA,NA,NA,NA,NA,NA,NA,NA,NA,NA,NA,NA,NA,NA,NA,NA,NA, -7.44377E-03, -6.88349E-03, -6.37088E-03, -5.90127E-03,NA,NA,NA,NA,NA,NA,NA,NA,NA,NA,NA,
  5.27150E-03,  5.39689E-03,  5.52521E-03,  5.65619E-03,  5.78948E-03,  5.92459E-03,  6.06088E-03,  6.19753E-03,  6.33349E-03,  6.46739E-03,  6.59753E-03,  6.72173E-03,  6.83727E-03,  6.94074E-03,  7.02782E-03,  7.09317E-03,  7.13005E-03,  7.13011E-03,  7.08287E-03,  6.97533E-03,NA,NA,NA,NA,NA,NA,NA,NA,NA,NA,NA,NA,NA,NA,NA,NA,NA,NA,NA,NA,NA,NA,NA,NA,NA,NA,NA,NA,NA,NA,NA,NA,NA,NA,NA,NA,NA,NA,NA,NA,NA,NA,NA,NA,NA,NA,NA,NA,NA,NA,NA,NA,NA,NA,NA, -6.75359E-03, -6.24016E-03, -5.77093E-03, -5.34146E-03,NA,NA,NA,NA,NA,NA,NA,NA,NA,NA,
  5.55906E-03,  5.70496E-03,  5.85570E-03,  6.01122E-03,  6.17140E-03,  6.33602E-03,  6.50474E-03,  6.67709E-03,  6.85238E-03,  7.02968E-03,  7.20776E-03,  7.38497E-03,  7.55917E-03,  7.72759E-03,  7.88661E-03,  8.03161E-03,  8.15664E-03,  8.25408E-03,NA,NA,NA,NA,NA,NA,NA,NA,NA,NA,NA,NA,NA,NA,NA,NA,NA,NA,NA,NA,NA,NA,NA,NA,NA,NA,NA,NA,NA,NA,NA,NA,NA,NA,NA,NA,NA,NA,NA,NA,NA,NA,NA,NA,NA,NA,NA,NA,NA,NA,NA,NA,NA,NA,NA,NA,NA, -6.59076E-03, -6.07977E-03, -5.61383E-03, -5.18826E-03,NA,NA,NA,NA,NA,NA,NA,NA,NA,NA,
  5.84998E-03,  6.01711E-03,  6.19109E-03,  6.37213E-03,  6.56037E-03,  6.75590E-03,  6.95873E-03,  7.16877E-03,  7.38579E-03,  7.60938E-03,  7.83887E-03,  8.07329E-03,  8.31124E-03,  8.55078E-03,  8.78925E-03,  9.02308E-03,  9.24747E-03,NA,NA,NA,NA,NA,NA,NA,NA,NA,NA,NA,NA,NA,NA,NA,NA,NA,NA,NA,NA,NA,NA,NA,NA,NA,NA,NA,NA,NA,NA,NA,NA,NA,NA,NA,NA,NA,NA,NA,NA,NA,NA,NA,NA,NA,NA,NA,NA,NA,NA,NA,NA,NA,NA,NA,NA,NA,NA, -6.39375E-03, -5.88873E-03, -5.42920E-03, -5.01031E-03, -4.62777E-03,NA,NA,NA,NA,NA,NA,NA,NA,NA,
  6.14304E-03,  6.33194E-03,  6.52985E-03,  6.73723E-03,  6.95451E-03,  7.18213E-03,  7.42050E-03,  7.66997E-03,  7.93082E-03,  8.20325E-03,  8.48728E-03,  8.78271E-03,  9.08908E-03,  9.40548E-03,  9.73047E-03,  1.00619E-02,NA,NA,NA,NA,NA,NA,NA,NA,NA,NA,NA,NA,NA,NA,NA,NA,NA,NA,NA,NA,NA,NA,NA,NA,NA,NA,NA,NA,NA,NA,NA,NA,NA,NA,NA,NA,NA,NA,NA,NA,NA,NA,NA,NA,NA,NA,NA,NA,NA,NA,NA,NA,NA,NA,NA,NA,NA,NA,NA,NA, -5.66638E-03, -5.21659E-03, -4.80729E-03, -4.43413E-03,NA,NA,NA,NA,NA,NA,NA,NA,NA,
  6.43688E-03,  6.64798E-03,  6.87032E-03,  7.10465E-03,  7.35174E-03,  7.61239E-03,  7.88744E-03,  8.17774E-03,  8.48417E-03,  8.80758E-03,  9.14878E-03,  9.50851E-03,  9.88735E-03,  1.02857E-02,  1.07035E-02,NA,NA,NA,NA,NA,NA,NA,NA,NA,NA,NA,NA,NA,NA,NA,NA,NA,NA,NA,NA,NA,NA,NA,NA,NA,NA,NA,NA,NA,NA,NA,NA,NA,NA,NA,NA,NA,NA,NA,NA,NA,NA,NA,NA,NA,NA,NA,NA,NA,NA,NA,NA,NA,NA,NA,NA,NA,NA,NA,NA,NA, -5.41240E-03, -4.97581E-03, -4.57914E-03, -4.21801E-03,NA,NA,NA,NA,NA,NA,NA,NA,NA,
  6.73012E-03,  6.96365E-03,  7.21074E-03,  7.47243E-03,  7.74983E-03,  8.04415E-03,  8.35669E-03,  8.68885E-03,  9.04214E-03,  9.41816E-03,  9.81860E-03,  1.02452E-02,  1.06998E-02,  1.11843E-02,NA,NA,NA,NA,NA,NA,NA,NA,NA,NA,NA,NA,NA,NA,NA,NA,NA,NA,NA,NA,NA,NA,NA,NA,NA,NA,NA,NA,NA,NA,NA,NA,NA,NA,NA,NA,NA,NA,NA,NA,NA,NA,NA,NA,NA,NA,NA,NA,NA,NA,NA,NA,NA,NA,NA,NA,NA,NA,NA,NA,NA,NA, -5.12690E-03, -4.70706E-03, -4.32612E-03, -3.97972E-03,NA,NA,NA,NA,NA,NA,NA,NA,NA,
  7.02129E-03,  7.27731E-03,  7.54925E-03,  7.83845E-03,  8.14639E-03,  8.47471E-03,  8.82518E-03,  9.19980E-03,  9.60075E-03,  1.00304E-02,  1.04915E-02,  1.09868E-02,  1.15195E-02,NA,NA,NA,NA,NA,NA,NA,NA,NA,NA,NA,NA,NA,NA,NA,NA,NA,NA,NA,NA,NA,NA,NA,NA,NA,NA,NA,NA,NA,NA,NA,NA,NA,NA,NA,NA,NA,NA,NA,NA,NA,NA,NA,NA,NA,NA,NA,NA,NA,NA,NA,NA,NA,NA,NA,NA,NA,NA,NA,NA,NA,NA,NA, -4.81040E-03, -4.41089E-03, -4.04877E-03, -3.71980E-03, -3.42029E-03,NA,NA,NA,NA,NA,NA,NA,NA,
  7.30887E-03,  7.58725E-03,  7.88392E-03,  8.20055E-03,  8.53897E-03,  8.90125E-03,  9.28970E-03,  9.70689E-03,  1.01557E-02,  1.06394E-02,  1.11617E-02,  1.17265E-02,  1.23386E-02,NA,NA,NA,NA,NA,NA,NA,NA,NA,NA,NA,NA,NA,NA,NA,NA,NA,NA,NA,NA,NA,NA,NA,NA,NA,NA,NA,NA,NA,NA,NA,NA,NA,NA,NA,NA,NA,NA,NA,NA,NA,NA,NA,NA,NA,NA,NA,NA,NA,NA,NA,NA,NA,NA,NA,NA,NA,NA,NA,NA,NA,NA,NA, -4.46387E-03, -4.08823E-03, -3.74800E-03, -3.43910E-03, -3.15801E-03,NA,NA,NA,NA,NA,NA,NA,NA,
  7.59134E-03,  7.89175E-03,  8.21281E-03,  8.55649E-03,  8.92500E-03,  9.32087E-03,  9.74690E-03,  1.02063E-02,  1.07026E-02,  1.12401E-02,  1.18232E-02,  1.24575E-02,NA,NA,NA,NA,NA,NA,NA,NA,NA,NA,NA,NA,NA,NA,NA,NA,NA,NA,NA,NA,NA,NA,NA,NA,NA,NA,NA,NA,NA,NA,NA,NA,NA,NA,NA,NA,NA,NA,NA,NA,NA,NA,NA,NA,NA,NA,NA,NA,NA,NA,NA,NA,NA,NA,NA,NA,NA,NA,NA,NA,NA,NA,NA,NA, -4.08878E-03, -3.74043E-03, -3.42502E-03, -3.13874E-03, -2.87828E-03,NA,NA,NA,NA,NA,NA,NA,NA,
  7.86716E-03,  8.18908E-03,  8.53394E-03,  8.90403E-03,  9.30195E-03,  9.73063E-03,  1.01934E-02,  1.06941E-02,  1.12369E-02,  1.18270E-02,  1.24700E-02,  1.31724E-02,NA,NA,NA,NA,NA,NA,NA,NA,NA,NA,NA,NA,NA,NA,NA,NA,NA,NA,NA,NA,NA,NA,NA,NA,NA,NA,NA,NA,NA,NA,NA,NA,NA,NA,NA,NA,NA,NA,NA,NA,NA,NA,NA,NA,NA,NA,NA,NA,NA,NA,NA,NA,NA,NA,NA,NA,NA,NA,NA,NA,NA,NA,NA,NA, -3.68704E-03, -3.36923E-03, -3.08142E-03, -2.82013E-03, -2.58235E-03,NA,NA,NA,NA,NA,NA,NA,NA,
  8.13485E-03,  8.47754E-03,  8.84538E-03,  9.24098E-03,  9.66728E-03,  1.01276E-02,  1.06259E-02,  1.11664E-02,  1.17541E-02,  1.23950E-02,  1.30957E-02,  1.38640E-02,NA,NA,NA,NA,NA,NA,NA,NA,NA,NA,NA,NA,NA,NA,NA,NA,NA,NA,NA,NA,NA,NA,NA,NA,NA,NA,NA,NA,NA,NA,NA,NA,NA,NA,NA,NA,NA,NA,NA,NA,NA,NA,NA,NA,NA,NA,NA,NA,NA,NA,NA,NA,NA,NA,NA,NA,NA,NA,NA,NA,NA,NA,NA, -3.57561E-03, -3.26105E-03, -2.97673E-03, -2.71906E-03, -2.48494E-03, -2.27174E-03,NA,NA,NA,NA,NA,NA,NA,NA,
  8.39292E-03,  8.75545E-03,  9.14524E-03,  9.56516E-03,  1.00185E-02,  1.05090E-02,  1.10410E-02,  1.16194E-02,  1.22498E-02,  1.29389E-02,  1.36943E-02,  1.45250E-02,NA,NA,NA,NA,NA,NA,NA,NA,NA,NA,NA,NA,NA,NA,NA,NA,NA,NA,NA,NA,NA,NA,NA,NA,NA,NA,NA,NA,NA,NA,NA,NA,NA,NA,NA,NA,NA,NA,NA,NA,NA,NA,NA,NA,NA,NA,NA,NA,NA,NA,NA,NA,NA,NA,NA,NA,NA,NA,NA,NA,NA,NA,NA, -3.08777E-03, -2.81362E-03, -2.56542E-03, -2.34012E-03, -2.13512E-03, -1.94814E-03, -1.77725E-03,NA,NA,NA,NA,NA,NA,NA,
  8.64000E-03,  9.02126E-03,  9.43173E-03,  9.87455E-03,  1.03533E-02,  1.08722E-02,  1.14357E-02,  1.20495E-02,  1.27198E-02,  1.34538E-02,  1.42602E-02,NA,NA,NA,NA,NA,NA,NA,NA,NA,NA,NA,NA,NA,NA,NA,NA,NA,NA,NA,NA,NA,NA,NA,NA,NA,NA,NA,NA,NA,NA,NA,NA,NA,NA,NA,NA,NA,NA,NA,NA,NA,NA,NA,NA,NA,NA,NA,NA,NA,NA,NA,NA,NA,NA,NA,NA,NA,NA,NA,NA,NA,NA,NA,NA, -2.57908E-03, -2.34794E-03, -2.13808E-03, -1.94706E-03, -1.77279E-03, -1.61345E-03, -1.46747E-03,NA,NA,NA,NA,NA,NA,NA,
  8.87477E-03,  9.27348E-03,  9.70317E-03,  1.01672E-02,  1.06695E-02,  1.12145E-02,  1.18072E-02,  1.24535E-02,  1.31602E-02,  1.39353E-02,  1.47879E-02,NA,NA,NA,NA,NA,NA,NA,NA,NA,NA,NA,NA,NA,NA,NA,NA,NA,NA,NA,NA,NA,NA,NA,NA,NA,NA,NA,NA,NA,NA,NA,NA,NA,NA,NA,NA,NA,NA,NA,NA,NA,NA,NA,NA,NA,NA,NA,NA,NA,NA,NA,NA,NA,NA,NA,NA,NA,NA,NA,NA,NA,NA,NA, -2.25803E-03, -2.05361E-03, -1.86755E-03, -1.69778E-03, -1.54255E-03, -1.40031E-03, -1.26972E-03, -1.14962E-03,NA,NA,NA,NA,NA,NA,NA,
  9.09604E-03,  9.51076E-03,  9.95804E-03,  1.04415E-02,  1.09652E-02,  1.15338E-02,  1.21527E-02,  1.28283E-02,  1.35676E-02,  1.43791E-02,  1.52727E-02,NA,NA,NA,NA,NA,NA,NA,NA,NA,NA,NA,NA,NA,NA,NA,NA,NA,NA,NA,NA,NA,NA,NA,NA,NA,NA,NA,NA,NA,NA,NA,NA,NA,NA,NA,NA,NA,NA,NA,NA,NA,NA,NA,NA,NA,NA,NA,NA,NA,NA,NA,NA,NA,NA,NA,NA,NA,NA,NA,NA,NA,NA,NA, -1.66761E-03, -1.51575E-03, -1.37622E-03, -1.24780E-03, -1.12942E-03, -1.02014E-03, -9.19121E-04, -8.25611E-04,NA,NA,NA,NA,NA,NA,NA,
  9.30275E-03,  9.73190E-03,  1.01950E-02,  1.06957E-02,  1.12385E-02,  1.18280E-02,  1.24701E-02,  1.31713E-02,  1.39390E-02,  1.47820E-02,  1.57108E-02,NA,NA,NA,NA,NA,NA,NA,NA,NA,NA,NA,NA,NA,NA,NA,NA,NA,NA,NA,NA,NA,NA,NA,NA,NA,NA,NA,NA,NA,NA,NA,NA,NA,NA,NA,NA,NA,NA,NA,NA,NA,NA,NA,NA,NA,NA,NA,NA,NA,NA,NA,NA,NA,NA,NA,NA,NA,NA,NA,NA,NA,NA, -1.17338E-03, -1.06845E-03, -9.70079E-04, -8.77901E-04, -7.91545E-04, -7.10656E-04, -6.34889E-04, -5.63915E-04, -4.97425E-04,NA,NA,NA,NA,NA,NA,NA,
  9.49395E-03,  9.93586E-03,  1.04128E-02,  1.09287E-02,  1.14880E-02,  1.20956E-02,  1.27575E-02,  1.34803E-02,  1.42719E-02,  1.51412E-02,  1.60989E-02,NA,NA,NA,NA,NA,NA,NA,NA,NA,NA,NA,NA,NA,NA,NA,NA,NA,NA,NA,NA,NA,NA,NA,NA,NA,NA,NA,NA,NA,NA,NA,NA,NA,NA,NA,NA,NA,NA,NA,NA,NA,NA,NA,NA,NA,NA,NA,NA,NA,NA,NA,NA,NA,NA,NA,NA,NA,NA,NA,NA,NA, -5.52857E-04, -5.10157E-04, -4.66023E-04, -4.21305E-04, -3.76642E-04, -3.32514E-04, -2.89274E-04, -2.47179E-04, -2.06409E-04, -1.67086E-04,NA,NA,NA,NA,NA,NA,NA,
  9.66888E-03,  1.01218E-02,  1.06106E-02,  1.11394E-02,  1.17125E-02,  1.23352E-02,  1.30134E-02,  1.37538E-02,  1.45645E-02,  1.54545E-02,  1.64347E-02,  1.75174E-02,NA,NA,NA,NA,NA,NA,NA,NA,NA,NA,NA,NA,NA,NA,NA,NA,NA,NA,NA,NA,NA,NA,NA,NA,NA,NA,NA,NA,NA,NA,NA,NA,NA,NA,NA,NA,NA,NA,NA,NA,NA,NA,NA,NA,NA,NA,NA,NA,NA,NA,NA,NA,NA,NA,NA,NA,NA,NA,NA,  2.13050E-04,  1.75504E-04,  1.50061E-04,  1.34194E-04,  1.25885E-04,  1.23520E-04,  1.25801E-04,  1.31687E-04,  1.40340E-04,  1.51085E-04,  1.63379E-04,NA,NA,NA,NA,NA,NA,NA,
  9.82691E-03,  1.02890E-02,  1.07876E-02,  1.13268E-02,  1.19112E-02,  1.25458E-02,  1.32367E-02,  1.39906E-02,  1.48156E-02,  1.57207E-02,  1.67167E-02,  1.78159E-02,NA,NA,NA,NA,NA,NA,NA,NA,NA,NA,NA,NA,NA,NA,NA,NA,NA,NA,NA,NA,NA,NA,NA,NA,NA,NA,NA,NA,NA,NA,NA,NA,NA,NA,NA,NA,NA,NA,NA,NA,NA,NA,NA,NA,NA,NA,NA,NA,NA,NA,NA,NA,NA,NA,NA,NA,NA,NA,  1.14363E-03,  1.00514E-03,  8.92531E-04,  8.01051E-04,  7.26879E-04,  6.66915E-04,  6.18635E-04,  5.79977E-04,  5.49252E-04,  5.25071E-04,  5.06292E-04,  4.91967E-04,NA,NA,NA,NA,NA,NA,NA,
  9.96759E-03,  1.04370E-02,  1.09433E-02,  1.14906E-02,  1.20834E-02,  1.27268E-02,  1.34268E-02,  1.41901E-02,  1.50246E-02,  1.59392E-02,  1.69444E-02,  1.80524E-02,NA,NA,NA,NA,NA,NA,NA,NA,NA,NA,NA,NA,NA,NA,NA,NA,NA,NA,NA,NA,NA,NA,NA,NA,NA,NA,NA,NA,NA,NA,NA,NA,NA,NA,NA,NA,NA,NA,NA,NA,NA,NA,NA,NA,NA,NA,NA,NA,NA,NA,NA,NA,NA,NA,NA,NA,  2.57199E-03,  2.25711E-03,  1.99463E-03,  1.77522E-03,  1.59136E-03,  1.43694E-03,  1.30698E-03,  1.19743E-03,  1.10493E-03,  1.02673E-03,  9.60555E-04,  9.04507E-04,  8.57008E-04,  8.16740E-04,NA,NA,NA,NA,NA,NA,NA,
  1.00906E-02,  1.05655E-02,  1.10774E-02,  1.16304E-02,  1.22289E-02,  1.28780E-02,  1.35836E-02,  1.43521E-02,  1.51914E-02,  1.61100E-02,  1.71182E-02,  1.82277E-02,NA,NA,NA,NA,NA,NA,NA,NA,NA,NA,NA,NA,NA,NA,NA,NA,NA,NA,NA,NA,NA,NA,NA,NA,NA,NA,NA,NA,NA,NA,NA,NA,NA,NA,NA,NA,NA,NA,NA,NA,NA,NA,NA,NA,NA,NA,NA,NA,NA,NA,NA,NA,NA,NA,  4.64012E-03,  4.05744E-03,  3.56888E-03,  3.15767E-03,  2.81035E-03,  2.51599E-03,  2.26573E-03,  2.05233E-03,  1.86984E-03,  1.71337E-03,  1.57887E-03,  1.46298E-03,  1.36290E-03,  1.27627E-03,  1.20114E-03,  1.13585E-03,NA,NA,NA,NA,NA,NA,NA,
  1.01959E-02,  1.06744E-02,  1.11899E-02,  1.17462E-02,  1.23478E-02,  1.29996E-02,  1.37072E-02,  1.44770E-02,  1.53165E-02,  1.62340E-02,  1.72392E-02,  1.83431E-02,  1.95588E-02,NA,NA,NA,NA,NA,NA,NA,NA,NA,NA,NA,NA,NA,NA,NA,NA,NA,NA,NA,NA,NA,NA,NA,NA,NA,NA,NA,NA,NA,NA,NA,NA,NA,NA,NA,NA,NA,NA,NA,NA,NA,NA,NA,NA,NA,NA,NA,NA,NA,NA,NA,  7.57845E-03,  6.60106E-03,  5.78066E-03,  5.08919E-03,  4.50408E-03,  4.00711E-03,  3.58347E-03,  3.22110E-03,  2.91013E-03,  2.64242E-03,  2.41126E-03,  2.21109E-03,  2.03726E-03,  1.88591E-03,  1.75379E-03,  1.63817E-03,  1.53675E-03,  1.44757E-03,NA,NA,NA,NA,NA,NA,NA,
  1.02834E-02,  1.07637E-02,  1.12807E-02,  1.18381E-02,  1.24402E-02,  1.30918E-02,  1.37982E-02,  1.45656E-02,  1.54011E-02,  1.63125E-02,  1.73090E-02,  1.84011E-02,  1.96007E-02,NA,NA,NA,NA,NA,NA,NA,NA,NA,NA,NA,NA,NA,NA,NA,NA,NA,NA,NA,NA,NA,NA,NA,NA,NA,NA,NA,NA,NA,NA,NA,NA,NA,NA,NA,NA,NA,NA,NA,NA,NA,NA,NA,NA,NA,NA,NA,NA,NA,NA,  1.01216E-02,  8.83037E-03,  7.74175E-03,  6.82034E-03,  6.03750E-03,  5.36992E-03,  4.79861E-03,  4.30799E-03,  3.88528E-03,  3.51990E-03,  3.20311E-03,  2.92762E-03,  2.68736E-03,  2.47724E-03,  2.29299E-03,  2.13100E-03,  1.98821E-03,  1.86205E-03,NA,NA,NA,NA,NA,NA,NA,NA,
  1.03534E-02,  1.08338E-02,  1.13504E-02,  1.19067E-02,  1.25068E-02,  1.31554E-02,  1.38575E-02,  1.46190E-02,  1.54465E-02,  1.63474E-02,  1.73302E-02,  1.84047E-02,  1.95817E-02,  2.08739E-02,NA,NA,NA,NA,NA,NA,NA,NA,NA,NA,NA,NA,NA,NA,NA,NA,NA,NA,NA,NA,NA,NA,NA,NA,NA,NA,NA,NA,NA,NA,NA,NA,NA,NA,NA,NA,NA,NA,NA,NA,NA,NA,NA,NA,NA,NA,NA,NA,  1.29347E-02,  1.13063E-02,  9.92657E-03,  8.75360E-03,  7.75297E-03,  6.89647E-03,  6.16091E-03,  5.52713E-03,  4.97932E-03,  4.50435E-03,  4.09128E-03,  3.73101E-03,  3.41587E-03,  3.13947E-03,  2.89638E-03,  2.68203E-03,  2.49254E-03,  2.32462E-03,  2.17545E-03,NA,NA,NA,NA,NA,NA,NA,NA,
  1.04061E-02,  1.08850E-02,  1.13993E-02,  1.19525E-02,  1.25484E-02,  1.31914E-02,  1.38864E-02,  1.46387E-02,  1.54546E-02,  1.63410E-02,  1.73057E-02,  1.83575E-02,  1.95063E-02,  2.07635E-02,  2.21418E-02,NA,NA,NA,NA,NA,NA,NA,NA,NA,NA,NA,NA,NA,NA,NA,NA,NA,NA,NA,NA,NA,NA,NA,NA,NA,NA,NA,NA,NA,NA,NA,NA,NA,NA,NA,NA,NA,NA,NA,NA,NA,NA,NA,NA,NA,NA,  1.59562E-02,  1.39844E-02,  1.23033E-02,  1.08663E-02,  9.63452E-03,  8.57571E-03,  7.66291E-03,  6.87370E-03,  6.18936E-03,  5.59425E-03,  5.07528E-03,  4.62144E-03,  4.22349E-03,  3.87361E-03,  3.56520E-03,  3.29264E-03,  3.05119E-03,  2.83676E-03,  2.64588E-03,  2.47558E-03,NA,NA,NA,NA,NA,NA,NA,NA,
  1.04420E-02,  1.09178E-02,  1.14281E-02,  1.19763E-02,  1.25659E-02,  1.32010E-02,  1.38862E-02,  1.46266E-02,  1.54277E-02,  1.62961E-02,  1.72387E-02,  1.82635E-02,  1.93795E-02,  2.05965E-02,  2.19258E-02,NA,NA,NA,NA,NA,NA,NA,NA,NA,NA,NA,NA,NA,NA,NA,NA,NA,NA,NA,NA,NA,NA,NA,NA,NA,NA,NA,NA,NA,NA,NA,NA,NA,NA,NA,NA,NA,NA,NA,NA,NA,NA,NA,NA,NA,NA,  1.67954E-02,  1.48199E-02,  1.31194E-02,  1.16531E-02,  1.03861E-02,  9.28872E-03,  8.33605E-03,  7.50696E-03,  6.78361E-03,  6.15092E-03,  5.59614E-03,  5.10845E-03,  4.67868E-03,  4.29904E-03,  3.96285E-03,  3.66446E-03,  3.39899E-03,  3.16227E-03,  2.95073E-03,  2.76126E-03,NA,NA,NA,NA,NA,NA,NA,NA,
  1.04616E-02,  1.09329E-02,  1.14377E-02,  1.19790E-02,  1.25604E-02,  1.31856E-02,  1.38587E-02,  1.45845E-02,  1.53681E-02,  1.62154E-02,  1.71326E-02,  1.81270E-02,  1.92062E-02,  2.03792E-02,  2.16554E-02,  2.30453E-02,NA,NA,NA,NA,NA,NA,NA,NA,NA,NA,NA,NA,NA,NA,NA,NA,NA,NA,NA,NA,NA,NA,NA,NA,NA,NA,NA,NA,NA,NA,NA,NA,NA,NA,NA,NA,NA,NA,NA,NA,NA,NA,NA,NA,  1.96463E-02,  1.74042E-02,  1.54573E-02,  1.37658E-02,  1.22945E-02,  1.10129E-02,  9.89470E-03,  8.91725E-03,  8.06112E-03,  7.30968E-03,  6.64870E-03,  6.06603E-03,  5.55125E-03,  5.09544E-03,  4.69096E-03,  4.33125E-03,  4.01066E-03,  3.72431E-03,  3.46802E-03,  3.23816E-03,  3.03157E-03,NA,NA,NA,NA,NA,NA,NA,NA,
  1.04656E-02,  1.09311E-02,  1.14289E-02,  1.19619E-02,  1.25333E-02,  1.31466E-02,  1.38056E-02,  1.45147E-02,  1.52785E-02,  1.61021E-02,  1.69913E-02,  1.79523E-02,  1.89920E-02,  2.01178E-02,  2.13379E-02,  2.26611E-02,  2.40969E-02,  2.56552E-02,NA,NA,NA,NA,NA,NA,NA,NA,NA,NA,NA,NA,NA,NA,NA,NA,NA,NA,NA,NA,NA,NA,NA,NA,NA,NA,NA,NA,NA,NA,NA,NA,NA,NA,NA,NA,NA,NA,NA,NA,NA,NA,  1.99668E-02,  1.78087E-02,  1.59159E-02,  1.42562E-02,  1.28001E-02,  1.15219E-02,  1.03984E-02,  9.40964E-03,  8.53813E-03,  7.76866E-03,  7.08807E-03,  6.48499E-03,  5.94956E-03,  5.47328E-03,  5.04878E-03,  4.66969E-03,  4.33050E-03,  4.02640E-03,  3.75325E-03,  3.50742E-03,NA,NA,NA,NA,NA,NA,NA,NA,NA,
  1.04547E-02,  1.09131E-02,  1.14027E-02,  1.19259E-02,  1.24859E-02,  1.30857E-02,  1.37290E-02,  1.44194E-02,  1.51614E-02,  1.59593E-02,  1.68184E-02,  1.77439E-02,  1.87419E-02,  1.98186E-02,  2.09809E-02,  2.22359E-02,  2.35914E-02,  2.50550E-02,  2.66346E-02,NA,NA,NA,NA,NA,NA,NA,NA,NA,NA,NA,NA,NA,NA,NA,NA,NA,NA,NA,NA,NA,NA,NA,NA,NA,NA,NA,NA,NA,NA,NA,NA,NA,NA,NA,NA,NA,NA,NA,NA,  2.24080E-02,  2.00915E-02,  1.80365E-02,  1.62165E-02,  1.46062E-02,  1.31818E-02,  1.19216E-02,  1.08061E-02,  9.81774E-03,  8.94117E-03,  8.16273E-03,  7.47045E-03,  6.85387E-03,  6.30382E-03,  5.81232E-03,  5.37239E-03,  4.97792E-03,  4.62362E-03,  4.30482E-03,  4.01747E-03,  3.75801E-03,NA,NA,NA,NA,NA,NA,NA,NA,NA,
  1.04297E-02,  1.08800E-02,  1.13601E-02,  1.18724E-02,  1.24196E-02,  1.30046E-02,  1.36306E-02,  1.43010E-02,  1.50195E-02,  1.57903E-02,  1.66176E-02,  1.75062E-02,  1.84610E-02,  1.94874E-02,  2.05911E-02,  2.17777E-02,  2.30534E-02,  2.44239E-02,  2.58952E-02,  2.74724E-02,  2.91599E-02,NA,NA,NA,NA,NA,NA,NA,NA,NA,NA,NA,NA,NA,NA,NA,NA,NA,NA,NA,NA,NA,NA,NA,NA,NA,NA,NA,NA,NA,NA,NA,NA,NA,NA,NA,NA,NA,NA,  2.22192E-02,  2.00542E-02,  1.81142E-02,  1.63801E-02,  1.48323E-02,  1.34521E-02,  1.22218E-02,  1.11251E-02,  1.01471E-02,  9.27436E-03,  8.49490E-03,  7.79801E-03,  7.17419E-03,  6.61506E-03,  6.11322E-03,  5.66215E-03,  5.25609E-03,  4.89000E-03,  4.55943E-03,  4.26047E-03,  3.98966E-03,NA,NA,NA,NA,NA,NA,NA,NA,NA,
  1.03914E-02,  1.08327E-02,  1.13024E-02,  1.18027E-02,  1.23361E-02,  1.29051E-02,  1.35126E-02,  1.41617E-02,  1.48557E-02,  1.55980E-02,  1.63925E-02,  1.72432E-02,  1.81542E-02,  1.91300E-02,  2.01750E-02,  2.12939E-02,  2.24913E-02,  2.37716E-02,  2.51387E-02,  2.65960E-02,  2.81460E-02,  2.97896E-02,NA,NA,NA,NA,NA,NA,NA,NA,NA,NA,NA,NA,NA,NA,NA,NA,NA,NA,NA,NA,NA,NA,NA,NA,NA,NA,NA,NA,NA,NA,NA,NA,NA,NA,NA,NA,NA,  2.18966E-02,  1.98859E-02,  1.80672E-02,  1.64268E-02,  1.49506E-02,  1.36238E-02,  1.24326E-02,  1.13634E-02,  1.04038E-02,  9.54248E-03,  8.76885E-03,  8.07353E-03,  7.44804E-03,  6.88482E-03,  6.37708E-03,  5.91883E-03,  5.50470E-03,  5.12996E-03,  4.79039E-03,  4.48228E-03,NA,NA,NA,NA,NA,NA,NA,NA,NA,NA,
  1.03407E-02,  1.07721E-02,  1.12306E-02,  1.17180E-02,  1.22366E-02,  1.27888E-02,  1.33770E-02,  1.40039E-02,  1.46724E-02,  1.53856E-02,  1.61467E-02,  1.69590E-02,  1.78260E-02,  1.87513E-02,  1.97385E-02,  2.07911E-02,  2.19126E-02,  2.31061E-02,  2.43741E-02,  2.57187E-02,  2.71407E-02,  2.86396E-02,NA,NA,NA,NA,NA,NA,NA,NA,NA,NA,NA,NA,NA,NA,NA,NA,NA,NA,NA,NA,NA,NA,NA,NA,NA,NA,NA,NA,NA,NA,NA,NA,NA,NA,NA,NA,NA,  2.14724E-02,  1.96143E-02,  1.79184E-02,  1.63759E-02,  1.49766E-02,  1.37097E-02,  1.25641E-02,  1.15292E-02,  1.05946E-02,  9.75073E-03,  8.98867E-03,  8.30023E-03,  7.67793E-03,  7.11501E-03,  6.60537E-03,  6.14352E-03,  5.72455E-03,  5.34405E-03,  4.99809E-03,  4.68315E-03,NA,NA,NA,NA,NA,NA,NA,NA,NA,NA,
  1.02784E-02,  1.06994E-02,  1.11459E-02,  1.16197E-02,  1.21229E-02,  1.26575E-02,  1.32256E-02,  1.38297E-02,  1.44723E-02,  1.51559E-02,  1.58833E-02,  1.66572E-02,  1.74805E-02,  1.83561E-02,  1.92867E-02,  2.02751E-02,  2.13236E-02,  2.24343E-02,  2.36089E-02,  2.48481E-02,  2.61517E-02,  2.75183E-02,  2.89448E-02,NA,NA,NA,NA,NA,NA,NA,NA,NA,NA,NA,NA,NA,NA,NA,NA,NA,NA,NA,NA,NA,NA,NA,NA,NA,NA,NA,NA,NA,NA,NA,NA,NA,NA,NA,NA,  2.09739E-02,  1.92629E-02,  1.76882E-02,  1.62446E-02,  1.49251E-02,  1.37219E-02,  1.26265E-02,  1.16307E-02,  1.07260E-02,  9.90454E-03,  9.15875E-03,  8.48161E-03,  7.86664E-03,  7.30786E-03,  6.79983E-03,  6.33760E-03,  5.91671E-03,  5.53310E-03,  5.18312E-03,  4.86351E-03,NA,NA,NA,NA,NA,NA,NA,NA,NA,NA,
NA,  1.06154E-02,  1.10494E-02,  1.15091E-02,  1.19963E-02,  1.25128E-02,  1.30604E-02,  1.36414E-02,  1.42577E-02,  1.49116E-02,  1.56054E-02,  1.63413E-02,  1.71216E-02,  1.79486E-02,  1.88244E-02,  1.97508E-02,  2.07297E-02,  2.17622E-02,  2.28491E-02,  2.39903E-02,  2.51849E-02,  2.64309E-02,  2.77247E-02,  2.90613E-02,NA,NA,NA,NA,NA,NA,NA,NA,NA,NA,NA,NA,NA,NA,NA,NA,NA,NA,NA,NA,NA,NA,NA,NA,NA,NA,NA,NA,NA,NA,NA,NA,NA,NA,  2.21089E-02,  2.04233E-02,  1.88518E-02,  1.73944E-02,  1.60483E-02,  1.48091E-02,  1.36715E-02,  1.26292E-02,  1.16758E-02,  1.08047E-02,  1.00093E-02,  9.28355E-03,  8.62135E-03,  8.01716E-03,  7.46578E-03,  6.96241E-03,  6.50263E-03,  6.08241E-03,  5.69806E-03,  5.34626E-03,NA,NA,NA,NA,NA,NA,NA,NA,NA,NA,NA,
NA,  1.05213E-02,  1.09424E-02,  1.13875E-02,  1.18583E-02,  1.23563E-02,  1.28833E-02,  1.34409E-02,  1.40310E-02,  1.46553E-02,  1.53159E-02,  1.60144E-02,  1.67527E-02,  1.75325E-02,  1.83555E-02,  1.92228E-02,  2.01355E-02,  2.10944E-02,  2.20993E-02,  2.31499E-02,  2.42445E-02,  2.53808E-02,  2.65551E-02,  2.77625E-02,  2.89964E-02,  3.02486E-02,NA,NA,NA,NA,NA,NA,NA,NA,NA,NA,NA,NA,NA,NA,NA,NA,NA,NA,NA,NA,NA,NA,NA,NA,NA,NA,NA,NA,NA,NA,NA,NA,  2.13726E-02,  1.98386E-02,  1.83979E-02,  1.70521E-02,  1.58004E-02,  1.46405E-02,  1.35688E-02,  1.25809E-02,  1.16720E-02,  1.08369E-02,  1.00705E-02,  9.36754E-03,  8.72317E-03,  8.13259E-03,  7.59134E-03,  7.09522E-03,  6.64032E-03,  6.22305E-03,  5.84009E-03,  5.48841E-03,NA,NA,NA,NA,NA,NA,NA,NA,NA,NA,NA,
NA,NA,  1.08258E-02,  1.12561E-02,  1.17103E-02,  1.21897E-02,  1.26958E-02,  1.32301E-02,  1.37941E-02,  1.43893E-02,  1.50172E-02,  1.56792E-02,  1.63768E-02,  1.71112E-02,  1.78835E-02,  1.86946E-02,  1.95449E-02,  2.04347E-02,  2.13635E-02,  2.23303E-02,  2.33334E-02,  2.43701E-02,  2.54368E-02,  2.65288E-02,  2.76400E-02,  2.87632E-02,  2.98900E-02,NA,NA,NA,NA,NA,NA,NA,NA,NA,NA,NA,NA,NA,NA,NA,NA,NA,NA,NA,NA,NA,NA,NA,NA,NA,NA,NA,NA,NA,NA,  2.20959E-02,  2.06295E-02,  1.92340E-02,  1.79147E-02,  1.66740E-02,  1.55127E-02,  1.44297E-02,  1.34230E-02,  1.24897E-02,  1.16263E-02,  1.08287E-02,  1.00930E-02,  9.41508E-03,  8.79073E-03,  8.21602E-03,  7.68713E-03,  7.20042E-03,  6.75249E-03,  6.34014E-03,  5.96042E-03,NA,NA,NA,NA,NA,NA,NA,NA,NA,NA,NA,NA,
NA,NA,  1.07008E-02,  1.11161E-02,  1.15536E-02,  1.20144E-02,  1.24997E-02,  1.30109E-02,  1.35491E-02,  1.41157E-02,  1.47117E-02,  1.53383E-02,  1.59966E-02,  1.66875E-02,  1.74115E-02,  1.81693E-02,  1.89610E-02,  1.97862E-02,  2.06443E-02,  2.15341E-02,  2.24535E-02,  2.33999E-02,  2.43697E-02,  2.53584E-02,  2.63607E-02,  2.73700E-02,  2.83791E-02,  2.93796E-02,  3.03628E-02,NA,NA,NA,NA,NA,NA,NA,NA,NA,NA,NA,NA,NA,NA,NA,NA,NA,NA,NA,NA,NA,NA,NA,NA,NA,NA,NA,NA,  2.12159E-02,  1.98902E-02,  1.86209E-02,  1.74133E-02,  1.62707E-02,  1.51948E-02,  1.41857E-02,  1.32423E-02,  1.23629E-02,  1.15450E-02,  1.07857E-02,  1.00819E-02,  9.43033E-03,  8.82763E-03,  8.27052E-03,  7.75575E-03,  7.28022E-03,  6.84099E-03,  6.43524E-03,  6.06036E-03,NA,NA,NA,NA,NA,NA,NA,NA,NA,NA,NA,NA,
NA,NA,NA,  1.09686E-02,  1.13894E-02,  1.18316E-02,  1.22964E-02,  1.27848E-02,  1.32978E-02,  1.38364E-02,  1.44015E-02,  1.49939E-02,  1.56145E-02,  1.62637E-02,  1.69420E-02,  1.76496E-02,  1.83862E-02,  1.91513E-02,  1.99441E-02,  2.07630E-02,  2.16060E-02,  2.24704E-02,  2.33528E-02,  2.42492E-02,  2.51545E-02,  2.60630E-02,  2.69683E-02,  2.78633E-02,  2.87404E-02,  2.95917E-02,  3.04092E-02,NA,NA,NA,NA,NA,NA,NA,NA,NA,NA,NA,NA,NA,NA,NA,NA,NA,NA,NA,NA,NA,NA,NA,NA,NA,  2.15994E-02,  2.03625E-02,  1.91627E-02,  1.80076E-02,  1.69024E-02,  1.58509E-02,  1.48552E-02,  1.39161E-02,  1.30337E-02,  1.22067E-02,  1.14338E-02,  1.07129E-02,  1.00415E-02,  9.41721E-03,  8.83728E-03,  8.29902E-03,  7.79974E-03,  7.33681E-03,  6.90769E-03,  6.50995E-03,NA,NA,NA,NA,NA,NA,NA,NA,NA,NA,NA,NA,NA,
NA,NA,NA,NA,  1.12189E-02,  1.16428E-02,  1.20874E-02,  1.25534E-02,  1.30418E-02,  1.35532E-02,  1.40884E-02,  1.46480E-02,  1.52324E-02,  1.58421E-02,  1.64771E-02,  1.71374E-02,  1.78225E-02,  1.85318E-02,  1.92641E-02,  2.00180E-02,  2.07912E-02,  2.15813E-02,  2.23850E-02,  2.31985E-02,  2.40173E-02,  2.48363E-02,  2.56499E-02,  2.64518E-02,  2.72356E-02,  2.79943E-02,  2.87211E-02,  2.94090E-02,NA,NA,NA,NA,NA,NA,NA,NA,NA,NA,NA,NA,NA,NA,NA,NA,NA,NA,NA,NA,NA,NA,NA,  2.17901E-02,  2.06551E-02,  1.95398E-02,  1.84527E-02,  1.74007E-02,  1.63890E-02,  1.54215E-02,  1.45006E-02,  1.36277E-02,  1.28033E-02,  1.20270E-02,  1.12980E-02,  1.06149E-02,  9.97604E-03,  9.37940E-03,  8.82290E-03,  8.30437E-03,  7.82158E-03,  7.37233E-03,  6.95445E-03,  6.56585E-03,NA,NA,NA,NA,NA,NA,NA,NA,NA,NA,NA,NA,NA,
NA,NA,NA,NA,  1.10432E-02,  1.14491E-02,  1.18738E-02,  1.23180E-02,  1.27825E-02,  1.32676E-02,  1.37741E-02,  1.43022E-02,  1.48522E-02,  1.54244E-02,  1.60185E-02,  1.66344E-02,  1.72716E-02,  1.79290E-02,  1.86056E-02,  1.92998E-02,  2.00094E-02,  2.07320E-02,  2.14647E-02,  2.22038E-02,  2.29453E-02,  2.36846E-02,  2.44168E-02,  2.51365E-02,  2.58379E-02,  2.65150E-02,  2.71618E-02,  2.77723E-02,  2.83404E-02,NA,NA,NA,NA,NA,NA,NA,NA,NA,NA,NA,NA,NA,NA,NA,NA,NA,NA,NA,NA,NA,  2.18048E-02,  2.07792E-02,  1.97581E-02,  1.87505E-02,  1.77641E-02,  1.68051E-02,  1.58785E-02,  1.49881E-02,  1.41366E-02,  1.33257E-02,  1.25563E-02,  1.18285E-02,  1.11421E-02,  1.04960E-02,  9.88921E-03,  9.32025E-03,  8.78750E-03,  8.28922E-03,  7.82361E-03,  7.38883E-03,  6.98307E-03,NA,NA,NA,NA,NA,NA,NA,NA,NA,NA,NA,NA,NA,NA,
NA,NA,NA,NA,NA,  1.12515E-02,  1.16569E-02,  1.20799E-02,  1.25212E-02,  1.29810E-02,  1.34599E-02,  1.39579E-02,  1.44753E-02,  1.50120E-02,  1.55677E-02,  1.61421E-02,  1.67345E-02,  1.73439E-02,  1.79691E-02,  1.86085E-02,  1.92601E-02,  1.99215E-02,  2.05899E-02,  2.12621E-02,  2.19344E-02,  2.26028E-02,  2.32627E-02,  2.39094E-02,  2.45379E-02,  2.51430E-02,  2.57192E-02,  2.62614E-02,  2.67642E-02,  2.72222E-02,NA,NA,NA,NA,NA,NA,NA,NA,NA,NA,NA,NA,NA,NA,NA,NA,NA,NA,NA,  2.16647E-02,  2.07506E-02,  1.98288E-02,  1.89079E-02,  1.79958E-02,  1.70993E-02,  1.62241E-02,  1.53749E-02,  1.45552E-02,  1.37680E-02,  1.30149E-02,  1.22973E-02,  1.16156E-02,  1.09699E-02,  1.03598E-02,  9.78441E-03,  9.24284E-03,  8.73384E-03,  8.25606E-03,  7.80804E-03,  7.38828E-03,NA,NA,NA,NA,NA,NA,NA,NA,NA,NA,NA,NA,NA,NA,NA,
NA,NA,NA,NA,NA,NA,  1.14376E-02,  1.18402E-02,  1.22591E-02,  1.26946E-02,  1.31471E-02,  1.36165E-02,  1.41029E-02,  1.46061E-02,  1.51257E-02,  1.56613E-02,  1.62121E-02,  1.67771E-02,  1.73549E-02,  1.79442E-02,  1.85428E-02,  1.91486E-02,  1.97590E-02,  2.03710E-02,  2.09812E-02,  2.15861E-02,  2.21816E-02,  2.27635E-02,  2.33275E-02,  2.38688E-02,  2.43828E-02,  2.48647E-02,  2.53099E-02,  2.57137E-02,  2.60714E-02,NA,NA,NA,NA,NA,NA,NA,NA,NA,NA,NA,NA,NA,NA,NA,NA,NA,  2.13931E-02,  2.05886E-02,  1.97668E-02,  1.89359E-02,  1.81034E-02,  1.72761E-02,  1.64600E-02,  1.56602E-02,  1.48812E-02,  1.41263E-02,  1.33982E-02,  1.26990E-02,  1.20299E-02,  1.13919E-02,  1.07851E-02,  1.02095E-02,  9.66466E-03,  9.14995E-03,  8.66446E-03,  8.20717E-03,  7.77694E-03,  7.37254E-03,NA,NA,NA,NA,NA,NA,NA,NA,NA,NA,NA,NA,NA,NA,NA,
NA,NA,NA,NA,NA,NA,  1.12170E-02,  1.15997E-02,  1.19972E-02,  1.24095E-02,  1.28368E-02,  1.32790E-02,  1.37361E-02,  1.42077E-02,  1.46935E-02,  1.51929E-02,  1.57050E-02,  1.62289E-02,  1.67632E-02,  1.73064E-02,  1.78567E-02,  1.84120E-02,  1.89699E-02,  1.95276E-02,  2.00821E-02,  2.06302E-02,  2.11683E-02,  2.16926E-02,  2.21992E-02,  2.26840E-02,  2.31430E-02,  2.35718E-02,  2.39663E-02,  2.43225E-02,  2.46361E-02,  2.49034E-02,  2.51203E-02,NA,NA,NA,NA,NA,NA,NA,NA,NA,NA,NA,NA,NA,  2.16824E-02,  2.10135E-02,  2.03134E-02,  1.95893E-02,  1.88483E-02,  1.80974E-02,  1.73430E-02,  1.65910E-02,  1.58468E-02,  1.51151E-02,  1.43997E-02,  1.37039E-02,  1.30303E-02,  1.23810E-02,  1.17574E-02,  1.11604E-02,  1.05905E-02,  1.00480E-02,  9.53264E-03,  9.04407E-03,  8.58167E-03,  8.14468E-03,  7.73223E-03,NA,NA,NA,NA,NA,NA,NA,NA,NA,NA,NA,NA,NA,NA,NA,NA,
NA,NA,NA,NA,NA,NA,NA,  1.13596E-02,  1.17364E-02,  1.21265E-02,  1.25298E-02,  1.29463E-02,  1.33757E-02,  1.38177E-02,  1.42718E-02,  1.47374E-02,  1.52136E-02,  1.56995E-02,  1.61937E-02,  1.66947E-02,  1.72009E-02,  1.77103E-02,  1.82206E-02,  1.87293E-02,  1.92338E-02,  1.97309E-02,  2.02177E-02,  2.06907E-02,  2.11464E-02,  2.15812E-02,  2.19914E-02,  2.23734E-02,  2.27234E-02,  2.30378E-02,  2.33130E-02,  2.35455E-02,  2.37321E-02,  2.38696E-02,  2.39550E-02,  2.39859E-02,  2.39599E-02,NA,NA,NA,NA,NA,NA,  2.21278E-02,  2.16449E-02,  2.11166E-02,  2.05483E-02,  1.99454E-02,  1.93141E-02,  1.86603E-02,  1.79903E-02,  1.73099E-02,  1.66246E-02,  1.59398E-02,  1.52601E-02,  1.45896E-02,  1.39319E-02,  1.32901E-02,  1.26666E-02,  1.20635E-02,  1.14822E-02,  1.09237E-02,  1.03888E-02,  9.87778E-03,  9.39072E-03,  8.92743E-03,  8.48754E-03,  8.07050E-03,NA,NA,NA,NA,NA,NA,NA,NA,NA,NA,NA,NA,NA,NA,NA,NA,NA,
NA,NA,NA,NA,NA,NA,NA,NA,  1.14775E-02,  1.18464E-02,  1.22269E-02,  1.26190E-02,  1.30224E-02,  1.34365E-02,  1.38610E-02,  1.42952E-02,  1.47381E-02,  1.51888E-02,  1.56461E-02,  1.61085E-02,  1.65744E-02,  1.70420E-02,  1.75092E-02,  1.79737E-02,  1.84331E-02,  1.88846E-02,  1.93255E-02,  1.97526E-02,  2.01630E-02,  2.05534E-02,  2.09206E-02,  2.12612E-02,  2.15720E-02,  2.18499E-02,  2.20915E-02,  2.22940E-02,  2.24544E-02,  2.25701E-02,  2.26387E-02,  2.26579E-02,  2.26260E-02,  2.25417E-02,  2.24041E-02,  2.22130E-02,  2.19689E-02,  2.16729E-02,  2.13268E-02,  2.09333E-02,  2.04956E-02,  2.00176E-02,  1.95036E-02,  1.89586E-02,  1.83876E-02,  1.77957E-02,  1.71882E-02,  1.65701E-02,  1.59464E-02,  1.53214E-02,  1.46995E-02,  1.40842E-02,  1.34789E-02,  1.28863E-02,  1.23089E-02,  1.17484E-02,  1.12064E-02,  1.06841E-02,  1.01821E-02,  9.70098E-03,  9.24095E-03,  8.80200E-03,  8.38392E-03,NA,NA,NA,NA,NA,NA,NA,NA,NA,NA,NA,NA,NA,NA,NA,NA,NA,NA,
NA,NA,NA,NA,NA,NA,NA,NA,NA,  1.15698E-02,  1.19288E-02,  1.22979E-02,  1.26767E-02,  1.30648E-02,  1.34616E-02,  1.38665E-02,  1.42785E-02,  1.46968E-02,  1.51201E-02,  1.55471E-02,  1.59762E-02,  1.64057E-02,  1.68338E-02,  1.72584E-02,  1.76771E-02,  1.80876E-02,  1.84873E-02,  1.88736E-02,  1.92437E-02,  1.95946E-02,  1.99236E-02,  2.02277E-02,  2.05041E-02,  2.07498E-02,  2.09623E-02,  2.11387E-02,  2.12767E-02,  2.13740E-02,  2.14284E-02,  2.14383E-02,  2.14021E-02,  2.13189E-02,  2.11880E-02,  2.10095E-02,  2.07837E-02,  2.05119E-02,  2.01955E-02,  1.98371E-02,  1.94393E-02,  1.90055E-02,  1.85394E-02,  1.80453E-02,  1.75273E-02,  1.69900E-02,  1.64378E-02,  1.58750E-02,  1.53060E-02,  1.47346E-02,  1.41645E-02,  1.35991E-02,  1.30413E-02,  1.24937E-02,  1.19585E-02,  1.14374E-02,  1.09319E-02,  1.04433E-02,  9.97227E-03,  9.51944E-03,  9.08515E-03,  8.66951E-03,NA,NA,NA,NA,NA,NA,NA,NA,NA,NA,NA,NA,NA,NA,NA,NA,NA,NA,NA,
NA,NA,NA,NA,NA,NA,NA,NA,NA,NA,  1.16360E-02,  1.19833E-02,  1.23390E-02,  1.27027E-02,  1.30737E-02,  1.34513E-02,  1.38348E-02,  1.42231E-02,  1.46151E-02,  1.50096E-02,  1.54051E-02,  1.58000E-02,  1.61926E-02,  1.65809E-02,  1.69630E-02,  1.73366E-02,  1.76995E-02,  1.80492E-02,  1.83833E-02,  1.86992E-02,  1.89943E-02,  1.92662E-02,  1.95122E-02,  1.97298E-02,  1.99167E-02,  2.00706E-02,  2.01894E-02,  2.02709E-02,  2.03136E-02,  2.03160E-02,  2.02769E-02,  2.01954E-02,  2.00713E-02,  1.99045E-02,  1.96955E-02,  1.94455E-02,  1.91558E-02,  1.88285E-02,  1.84660E-02,  1.80713E-02,  1.76476E-02,  1.71983E-02,  1.67273E-02,  1.62382E-02,  1.57350E-02,  1.52215E-02,  1.47013E-02,  1.41779E-02,  1.36545E-02,  1.31342E-02,  1.26195E-02,  1.21129E-02,  1.16164E-02,  1.11316E-02,  1.06601E-02,  1.02029E-02,  9.76087E-03,  9.33474E-03,  8.92488E-03,NA,NA,NA,NA,NA,NA,NA,NA,NA,NA,NA,NA,NA,NA,NA,NA,NA,NA,NA,NA,
NA,NA,NA,NA,NA,NA,NA,NA,NA,NA,NA,  1.16757E-02,  1.20097E-02,  1.23505E-02,  1.26974E-02,  1.30497E-02,  1.34067E-02,  1.37673E-02,  1.41305E-02,  1.44952E-02,  1.48600E-02,  1.52233E-02,  1.55837E-02,  1.59393E-02,  1.62883E-02,  1.66287E-02,  1.69584E-02,  1.72754E-02,  1.75774E-02,  1.78620E-02,  1.81272E-02,  1.83705E-02,  1.85897E-02,  1.87827E-02,  1.89474E-02,  1.90817E-02,  1.91838E-02,  1.92521E-02,  1.92850E-02,  1.92814E-02,  1.92403E-02,  1.91611E-02,  1.90435E-02,  1.88877E-02,  1.86941E-02,  1.84637E-02,  1.81979E-02,  1.78984E-02,  1.75674E-02,  1.72074E-02,  1.68211E-02,  1.64116E-02,  1.59822E-02,  1.55360E-02,  1.50764E-02,  1.46067E-02,  1.41302E-02,  1.36498E-02,  1.31686E-02,  1.26890E-02,  1.22135E-02,  1.17444E-02,  1.12833E-02,  1.08321E-02,  1.03919E-02,  9.96401E-03,  9.54922E-03,  9.14822E-03,NA,NA,NA,NA,NA,NA,NA,NA,NA,NA,NA,NA,NA,NA,NA,NA,NA,NA,NA,NA,NA,
NA,NA,NA,NA,NA,NA,NA,NA,NA,NA,NA,NA,  1.16890E-02,  1.20084E-02,  1.23328E-02,  1.26616E-02,  1.29940E-02,  1.33290E-02,  1.36658E-02,  1.40031E-02,  1.43398E-02,  1.46743E-02,  1.50054E-02,  1.53313E-02,  1.56504E-02,  1.59608E-02,  1.62609E-02,  1.65485E-02,  1.68217E-02,  1.70786E-02,  1.73171E-02,  1.75351E-02,  1.77307E-02,  1.79021E-02,  1.80473E-02,  1.81646E-02,  1.82524E-02,  1.83093E-02,  1.83341E-02,  1.83258E-02,  1.82835E-02,  1.82068E-02,  1.80956E-02,  1.79500E-02,  1.77705E-02,  1.75579E-02,  1.73135E-02,  1.70389E-02,  1.67359E-02,  1.64067E-02,  1.60538E-02,  1.56796E-02,  1.52871E-02,  1.48791E-02,  1.44584E-02,  1.40280E-02,  1.35906E-02,  1.31490E-02,  1.27057E-02,  1.22631E-02,  1.18233E-02,  1.13883E-02,  1.09598E-02,  1.05394E-02,  1.01284E-02,  9.72773E-03,  9.33838E-03,NA,NA,NA,NA,NA,NA,NA,NA,NA,NA,NA,NA,NA,NA,NA,NA,NA,NA,NA,NA,NA,NA,
NA,NA,NA,NA,NA,NA,NA,NA,NA,NA,NA,NA,NA,  1.16763E-02,  1.19798E-02,  1.22867E-02,  1.25963E-02,  1.29078E-02,  1.32202E-02,  1.35324E-02,  1.38433E-02,  1.41516E-02,  1.44560E-02,  1.47550E-02,  1.50470E-02,  1.53305E-02,  1.56038E-02,  1.58651E-02,  1.61126E-02,  1.63447E-02,  1.65594E-02,  1.67551E-02,  1.69299E-02,  1.70821E-02,  1.72103E-02,  1.73128E-02,  1.73883E-02,  1.74356E-02,  1.74536E-02,  1.74415E-02,  1.73987E-02,  1.73248E-02,  1.72196E-02,  1.70835E-02,  1.69168E-02,  1.67203E-02,  1.64953E-02,  1.62429E-02,  1.59650E-02,  1.56633E-02,  1.53400E-02,  1.49974E-02,  1.46379E-02,  1.42639E-02,  1.38781E-02,  1.34828E-02,  1.30806E-02,  1.26739E-02,  1.22649E-02,  1.18558E-02,  1.14485E-02,  1.10447E-02,  1.06462E-02,  1.02543E-02,  9.87013E-03,  9.49484E-03,NA,NA,NA,NA,NA,NA,NA,NA,NA,NA,NA,NA,NA,NA,NA,NA,NA,NA,NA,NA,NA,NA,NA,
NA,NA,NA,NA,NA,NA,NA,NA,NA,NA,NA,NA,NA,NA,NA,  1.19249E-02,  1.22135E-02,  1.25032E-02,  1.27931E-02,  1.30822E-02,  1.33696E-02,  1.36539E-02,  1.39340E-02,  1.42085E-02,  1.44761E-02,  1.47352E-02,  1.49843E-02,  1.52220E-02,  1.54466E-02,  1.56565E-02,  1.58501E-02,  1.60258E-02,  1.61822E-02,  1.63177E-02,  1.64309E-02,  1.65206E-02,  1.65855E-02,  1.66245E-02,  1.66369E-02,  1.66219E-02,  1.65790E-02,  1.65078E-02,  1.64085E-02,  1.62811E-02,  1.61261E-02,  1.59443E-02,  1.57366E-02,  1.55043E-02,  1.52488E-02,  1.49718E-02,  1.46750E-02,  1.43606E-02,  1.40306E-02,  1.36871E-02,  1.33325E-02,  1.29688E-02,  1.25983E-02,  1.22231E-02,  1.18452E-02,  1.14665E-02,  1.10888E-02,  1.07137E-02,  1.03426E-02,  9.97689E-03,  9.61768E-03,NA,NA,NA,NA,NA,NA,NA,NA,NA,NA,NA,NA,NA,NA,NA,NA,NA,NA,NA,NA,NA,NA,NA,NA,
NA,NA,NA,NA,NA,NA,NA,NA,NA,NA,NA,NA,NA,NA,NA,NA,  1.18449E-02,  1.21145E-02,  1.23837E-02,  1.26517E-02,  1.29175E-02,  1.31799E-02,  1.34378E-02,  1.36901E-02,  1.39355E-02,  1.41726E-02,  1.44000E-02,  1.46164E-02,  1.48204E-02,  1.50104E-02,  1.51852E-02,  1.53433E-02,  1.54834E-02,  1.56041E-02,  1.57042E-02,  1.57826E-02,  1.58383E-02,  1.58704E-02,  1.58781E-02,  1.58608E-02,  1.58181E-02,  1.57498E-02,  1.56559E-02,  1.55367E-02,  1.53925E-02,  1.52239E-02,  1.50320E-02,  1.48177E-02,  1.45823E-02,  1.43274E-02,  1.40544E-02,  1.37653E-02,  1.34617E-02,  1.31456E-02,  1.28190E-02,  1.24838E-02,  1.21419E-02,  1.17952E-02,  1.14455E-02,  1.10945E-02,  1.07438E-02,  1.03949E-02,  1.00490E-02,NA,NA,NA,NA,NA,NA,NA,NA,NA,NA,NA,NA,NA,NA,NA,NA,NA,NA,NA,NA,NA,NA,NA,NA,NA,NA,
NA,NA,NA,NA,NA,NA,NA,NA,NA,NA,NA,NA,NA,NA,NA,NA,NA,NA,  1.19914E-02,  1.22400E-02,  1.24859E-02,  1.27283E-02,  1.29661E-02,  1.31982E-02,  1.34234E-02,  1.36405E-02,  1.38484E-02,  1.40456E-02,  1.42311E-02,  1.44034E-02,  1.45614E-02,  1.47038E-02,  1.48294E-02,  1.49370E-02,  1.50256E-02,  1.50943E-02,  1.51420E-02,  1.51681E-02,  1.51719E-02,  1.51528E-02,  1.51107E-02,  1.50453E-02,  1.49566E-02,  1.48448E-02,  1.47104E-02,  1.45539E-02,  1.43762E-02,  1.41782E-02,  1.39610E-02,  1.37259E-02,  1.34744E-02,  1.32079E-02,  1.29281E-02,  1.26367E-02,  1.23354E-02,  1.20258E-02,  1.17098E-02,  1.13889E-02,  1.10649E-02,  1.07391E-02,  1.04131E-02,  1.00881E-02,NA,NA,NA,NA,NA,NA,NA,NA,NA,NA,NA,NA,NA,NA,NA,NA,NA,NA,NA,NA,NA,NA,NA,NA,NA,NA,NA,
NA,NA,NA,NA,NA,NA,NA,NA,NA,NA,NA,NA,NA,NA,NA,NA,NA,NA,NA,  1.18462E-02,  1.20740E-02,  1.22980E-02,  1.25174E-02,  1.27311E-02,  1.29380E-02,  1.31371E-02,  1.33272E-02,  1.35072E-02,  1.36760E-02,  1.38325E-02,  1.39755E-02,  1.41038E-02,  1.42166E-02,  1.43127E-02,  1.43912E-02,  1.44513E-02,  1.44921E-02,  1.45131E-02,  1.45136E-02,  1.44933E-02,  1.44519E-02,  1.43893E-02,  1.43054E-02,  1.42006E-02,  1.40752E-02,  1.39298E-02,  1.37649E-02,  1.35816E-02,  1.33808E-02,  1.31636E-02,  1.29314E-02,  1.26854E-02,  1.24270E-02,  1.21578E-02,  1.18793E-02,  1.15930E-02,  1.13004E-02,  1.10030E-02,  1.07022E-02,  1.03995E-02,NA,NA,NA,NA,NA,NA,NA,NA,NA,NA,NA,NA,NA,NA,NA,NA,NA,NA,NA,NA,NA,NA,NA,NA,NA,NA,NA,NA,NA,
NA,NA,NA,NA,NA,NA,NA,NA,NA,NA,NA,NA,NA,NA,NA,NA,NA,NA,NA,NA,NA,  1.18879E-02,  1.20905E-02,  1.22874E-02,  1.24777E-02,  1.26604E-02,  1.28345E-02,  1.29990E-02,  1.31528E-02,  1.32950E-02,  1.34245E-02,  1.35404E-02,  1.36418E-02,  1.37276E-02,  1.37972E-02,  1.38498E-02,  1.38847E-02,  1.39012E-02,  1.38991E-02,  1.38779E-02,  1.38374E-02,  1.37774E-02,  1.36982E-02,  1.35998E-02,  1.34827E-02,  1.33472E-02,  1.31941E-02,  1.30241E-02,  1.28381E-02,  1.26372E-02,  1.24223E-02,  1.21948E-02,  1.19558E-02,  1.17067E-02,  1.14489E-02,  1.11836E-02,  1.09123E-02,  1.06362E-02,NA,NA,NA,NA,NA,NA,NA,NA,NA,NA,NA,NA,NA,NA,NA,NA,NA,NA,NA,NA,NA,NA,NA,NA,NA,NA,NA,NA,NA,NA,NA,
NA,NA,NA,NA,NA,NA,NA,NA,NA,NA,NA,NA,NA,NA,NA,NA,NA,NA,NA,NA,NA,NA,NA,NA,  1.20409E-02,  1.22088E-02,  1.23684E-02,  1.25188E-02,  1.26591E-02,  1.27885E-02,  1.29060E-02,  1.30107E-02,  1.31019E-02,  1.31787E-02,  1.32404E-02,  1.32864E-02,  1.33161E-02,  1.33290E-02,  1.33246E-02,  1.33027E-02,  1.32632E-02,  1.32059E-02,  1.31310E-02,  1.30386E-02,  1.29290E-02,  1.28027E-02,  1.26603E-02,  1.25024E-02,  1.23298E-02,  1.21435E-02,  1.19444E-02,  1.17336E-02,  1.15122E-02,  1.12813E-02,  1.10422E-02,  1.07961E-02,NA,NA,NA,NA,NA,NA,NA,NA,NA,NA,NA,NA,NA,NA,NA,NA,NA,NA,NA,NA,NA,NA,NA,NA,NA,NA,NA,NA,NA,NA,NA,NA,NA,
