NA,NA,NA,NA,NA,NA,NA,NA,NA,NA,NA,NA,NA,NA,NA,NA,NA,NA,NA,NA,NA,NA,NA,NA,NA,NA,NA,NA,NA,NA,NA,NA,NA,NA,NA,NA,NA,NA,NA,NA,NA,NA,NA,NA,NA,NA,NA,NA,NA,NA,NA,NA,NA,NA,NA,NA,NA,NA,NA,NA,NA,NA,NA,NA,NA,NA,NA,NA,NA,NA,NA,NA,NA,NA,NA,NA,NA,NA,NA,NA,NA,NA,NA,NA,NA,
NA,NA,NA,NA,NA,NA,NA,NA,NA,NA,NA,NA,NA,NA,NA,NA,NA,NA,NA,NA,NA,NA,NA,NA,NA,NA,NA,NA,NA,NA,NA,NA,NA,NA,NA,NA,NA,NA,NA,NA,NA,NA,NA,NA,NA,NA,NA,NA,NA,NA,NA,NA,NA,NA,NA,NA,NA,NA,NA,NA,NA,NA,NA,NA,NA,NA,NA,NA,NA,NA,NA,NA,NA,NA,NA,NA,NA,NA,NA,NA,NA,NA,NA,NA,NA,
NA,NA,NA,NA,NA,NA,NA,NA,NA,NA,NA,NA,NA,NA,NA,NA,NA,NA,NA,NA,NA,NA,NA,NA,NA,NA,NA,NA,NA,NA,NA,NA,NA,NA,NA,NA,NA,NA,NA,NA,NA,NA,NA,NA,NA,NA,NA,NA, -3.17991E-02, -3.20882E-02, -3.23597E-02, -3.26118E-02, -3.28427E-02, -3.30508E-02, -3.32347E-02, -3.33932E-02, -3.35250E-02, -3.36293E-02, -3.37055E-02, -3.37532E-02, -3.37723E-02, -3.37628E-02, -3.37251E-02,NA,NA,NA,NA,NA,NA,NA,NA,NA,NA,NA,NA,NA,NA,NA,NA,NA,NA,NA,NA,NA,NA,
NA,NA,NA,NA,NA,NA,NA,NA,NA,NA,NA,NA,NA,NA,NA,NA,NA,NA,NA,NA,NA,NA,NA,NA,NA,NA,NA,NA,NA,NA,NA,NA,NA,NA,NA,NA,NA,NA,NA,NA,NA,NA,NA,NA, -3.11882E-02, -3.15557E-02, -3.19130E-02, -3.22579E-02, -3.25882E-02, -3.29020E-02, -3.31970E-02, -3.34712E-02, -3.37226E-02, -3.39493E-02, -3.41496E-02, -3.43221E-02, -3.44654E-02, -3.45787E-02, -3.46612E-02, -3.47124E-02, -3.47322E-02, -3.47208E-02, -3.46786E-02, -3.46061E-02, -3.45043E-02, -3.43744E-02, -3.42175E-02,NA,NA,NA,NA,NA,NA,NA,NA,NA,NA,NA,NA,NA,NA,NA,NA,NA,NA,
NA,NA,NA,NA,NA,NA,NA,NA,NA,NA,NA,NA,NA,NA,NA,NA,NA,NA,NA,NA,NA,NA,NA,NA,NA,NA,NA,NA,NA,NA,NA,NA,NA,NA,NA,NA,NA,NA,NA,NA,NA, -3.06675E-02, -3.10827E-02, -3.14938E-02, -3.18989E-02, -3.22958E-02, -3.26824E-02, -3.30563E-02, -3.34151E-02, -3.37564E-02, -3.40778E-02, -3.43767E-02, -3.46510E-02, -3.48985E-02, -3.51172E-02, -3.53055E-02, -3.54618E-02, -3.55850E-02, -3.56744E-02, -3.57294E-02, -3.57499E-02, -3.57361E-02, -3.56885E-02, -3.56079E-02, -3.54953E-02, -3.53521E-02, -3.51796E-02, -3.49797E-02, -3.47540E-02, -3.45045E-02,NA,NA,NA,NA,NA,NA,NA,NA,NA,NA,NA,NA,NA,NA,NA,
NA,NA,NA,NA,NA,NA,NA,NA,NA,NA,NA,NA,NA,NA,NA,NA,NA,NA,NA,NA,NA,NA,NA,NA,NA,NA,NA,NA,NA,NA,NA,NA,NA,NA,NA,NA,NA,NA,NA, -3.04167E-02, -3.08637E-02, -3.13111E-02, -3.17570E-02, -3.21996E-02, -3.26368E-02, -3.30662E-02, -3.34854E-02, -3.38917E-02, -3.42823E-02, -3.46544E-02, -3.50053E-02, -3.53321E-02, -3.56322E-02, -3.59031E-02, -3.61425E-02, -3.63484E-02, -3.65193E-02, -3.66536E-02, -3.67506E-02, -3.68098E-02, -3.68308E-02, -3.68141E-02, -3.67603E-02, -3.66702E-02, -3.65452E-02, -3.63868E-02, -3.61967E-02, -3.59769E-02, -3.57295E-02, -3.54566E-02, -3.51603E-02, -3.48430E-02,NA,NA,NA,NA,NA,NA,NA,NA,NA,NA,NA,NA,NA,
NA,NA,NA,NA,NA,NA,NA,NA,NA,NA,NA,NA,NA,NA,NA,NA,NA,NA,NA,NA,NA,NA,NA,NA,NA,NA,NA,NA,NA,NA,NA,NA,NA,NA,NA,NA,NA, -3.00706E-02, -3.05409E-02, -3.10158E-02, -3.14939E-02, -3.19736E-02, -3.24531E-02, -3.29303E-02, -3.34029E-02, -3.38683E-02, -3.43237E-02, -3.47661E-02, -3.51923E-02, -3.55990E-02, -3.59832E-02, -3.63414E-02, -3.66706E-02, -3.69680E-02, -3.72308E-02, -3.74567E-02, -3.76439E-02, -3.77907E-02, -3.78962E-02, -3.79597E-02, -3.79811E-02, -3.79608E-02, -3.78996E-02, -3.77986E-02, -3.76593E-02, -3.74835E-02, -3.72734E-02, -3.70311E-02, -3.67591E-02, -3.64599E-02, -3.61359E-02, -3.57898E-02, -3.54240E-02, -3.50409E-02,NA,NA,NA,NA,NA,NA,NA,NA,NA,NA,NA,
NA,NA,NA,NA,NA,NA,NA,NA,NA,NA,NA,NA,NA,NA,NA,NA,NA,NA,NA,NA,NA,NA,NA,NA,NA,NA,NA,NA,NA,NA,NA,NA,NA,NA,NA, -2.96433E-02, -3.01281E-02, -3.06211E-02, -3.11215E-02, -3.16282E-02, -3.21398E-02, -3.26547E-02, -3.31709E-02, -3.36862E-02, -3.41979E-02, -3.47033E-02, -3.51991E-02, -3.56818E-02, -3.61480E-02, -3.65938E-02, -3.70155E-02, -3.74093E-02, -3.77716E-02, -3.80990E-02, -3.83883E-02, -3.86369E-02, -3.88424E-02, -3.90032E-02, -3.91181E-02, -3.91863E-02, -3.92078E-02, -3.91831E-02, -3.91131E-02, -3.89993E-02, -3.88435E-02, -3.86478E-02, -3.84147E-02, -3.81469E-02, -3.78471E-02, -3.75182E-02, -3.71631E-02, -3.67847E-02, -3.63859E-02, -3.59694E-02, -3.55378E-02, -3.50935E-02,NA,NA,NA,NA,NA,NA,NA,NA,NA,
NA,NA,NA,NA,NA,NA,NA,NA,NA,NA,NA,NA,NA,NA,NA,NA,NA,NA,NA,NA,NA,NA,NA,NA,NA,NA,NA,NA,NA,NA,NA,NA,NA,NA, -2.96417E-02, -3.01438E-02, -3.06566E-02, -3.11796E-02, -3.17121E-02, -3.22529E-02, -3.28007E-02, -3.33539E-02, -3.39102E-02, -3.44673E-02, -3.50224E-02, -3.55722E-02, -3.61131E-02, -3.66412E-02, -3.71525E-02, -3.76425E-02, -3.81068E-02, -3.85410E-02, -3.89409E-02, -3.93025E-02, -3.96220E-02, -3.98963E-02, -4.01227E-02, -4.02992E-02, -4.04244E-02, -4.04977E-02, -4.05189E-02, -4.04887E-02, -4.04083E-02, -4.02795E-02, -4.01045E-02, -3.98858E-02, -3.96264E-02, -3.93294E-02, -3.89981E-02, -3.86357E-02, -3.82456E-02, -3.78312E-02, -3.73956E-02, -3.69419E-02, -3.64730E-02, -3.59917E-02, -3.55005E-02,NA,NA,NA,NA,NA,NA,NA,NA,
NA,NA,NA,NA,NA,NA,NA,NA,NA,NA,NA,NA,NA,NA,NA,NA,NA,NA,NA,NA,NA,NA,NA,NA,NA,NA,NA,NA,NA,NA,NA,NA,NA, -2.96021E-02, -3.01183E-02, -3.06476E-02, -3.11899E-02, -3.17447E-02, -3.23112E-02, -3.28886E-02, -3.34755E-02, -3.40702E-02, -3.46704E-02, -3.52736E-02, -3.58766E-02, -3.64759E-02, -3.70674E-02, -3.76467E-02, -3.82089E-02, -3.87491E-02, -3.92619E-02, -3.97423E-02, -4.01852E-02, -4.05859E-02, -4.09399E-02, -4.12435E-02, -4.14936E-02, -4.16878E-02, -4.18246E-02, -4.19031E-02, -4.19235E-02, -4.18865E-02, -4.17937E-02, -4.16472E-02, -4.14498E-02, -4.12045E-02, -4.09148E-02, -4.05844E-02, -4.02172E-02, -3.98168E-02, -3.93874E-02, -3.89324E-02, -3.84557E-02, -3.79607E-02, -3.74506E-02, -3.69284E-02, -3.63970E-02, -3.58589E-02,NA,NA,NA,NA,NA,NA,NA,
NA,NA,NA,NA,NA,NA,NA,NA,NA,NA,NA,NA,NA,NA,NA,NA,NA,NA,NA,NA,NA,NA,NA,NA,NA,NA,NA,NA,NA,NA,NA, -2.90141E-02, -2.95261E-02, -3.00531E-02, -3.05954E-02, -3.11531E-02, -3.17261E-02, -3.23143E-02, -3.29170E-02, -3.35335E-02, -3.41625E-02, -3.48022E-02, -3.54504E-02, -3.61043E-02, -3.67605E-02, -3.74151E-02, -3.80635E-02, -3.87005E-02, -3.93206E-02, -3.99179E-02, -4.04863E-02, -4.10197E-02, -4.15120E-02, -4.19575E-02, -4.23512E-02, -4.26884E-02, -4.29655E-02, -4.31798E-02, -4.33293E-02, -4.34134E-02, -4.34321E-02, -4.33866E-02, -4.32788E-02, -4.31115E-02, -4.28878E-02, -4.26115E-02, -4.22869E-02, -4.19182E-02, -4.15099E-02, -4.10665E-02, -4.05925E-02, -4.00921E-02, -3.95695E-02, -3.90285E-02, -3.84727E-02, -3.79055E-02, -3.73300E-02, -3.67488E-02, -3.61645E-02, -3.55793E-02,NA,NA,NA,NA,NA,
NA,NA,NA,NA,NA,NA,NA,NA,NA,NA,NA,NA,NA,NA,NA,NA,NA,NA,NA,NA,NA,NA,NA,NA,NA,NA,NA,NA,NA,NA, -2.88981E-02, -2.94162E-02, -2.99506E-02, -3.05021E-02, -3.10710E-02, -3.16579E-02, -3.22629E-02, -3.28861E-02, -3.35271E-02, -3.41852E-02, -3.48593E-02, -3.55479E-02, -3.62485E-02, -3.69583E-02, -3.76737E-02, -3.83901E-02, -3.91025E-02, -3.98049E-02, -4.04910E-02, -4.11538E-02, -4.17860E-02, -4.23804E-02, -4.29297E-02, -4.34271E-02, -4.38665E-02, -4.42424E-02, -4.45504E-02, -4.47874E-02, -4.49511E-02, -4.50408E-02, -4.50568E-02, -4.50007E-02, -4.48748E-02, -4.46825E-02, -4.44279E-02, -4.41155E-02, -4.37503E-02, -4.33375E-02, -4.28822E-02, -4.23898E-02, -4.18654E-02, -4.13138E-02, -4.07398E-02, -4.01476E-02, -3.95413E-02, -3.89245E-02, -3.83005E-02, -3.76723E-02, -3.70425E-02, -3.64135E-02, -3.57873E-02,NA,NA,NA,NA,
NA,NA,NA,NA,NA,NA,NA,NA,NA,NA,NA,NA,NA,NA,NA,NA,NA,NA,NA,NA,NA,NA,NA,NA,NA,NA,NA,NA,NA, -2.87540E-02, -2.92751E-02, -2.98137E-02, -3.03706E-02, -3.09467E-02, -3.15428E-02, -3.21596E-02, -3.27976E-02, -3.34572E-02, -3.41383E-02, -3.48406E-02, -3.55632E-02, -3.63045E-02, -3.70624E-02, -3.78338E-02, -3.86148E-02, -3.94005E-02, -4.01852E-02, -4.09621E-02, -4.17236E-02, -4.24617E-02, -4.31676E-02, -4.38327E-02, -4.44482E-02, -4.50058E-02, -4.54982E-02, -4.59188E-02, -4.62624E-02, -4.65251E-02, -4.67045E-02, -4.67998E-02, -4.68117E-02, -4.67421E-02, -4.65942E-02, -4.63722E-02, -4.60809E-02, -4.57262E-02, -4.53137E-02, -4.48499E-02, -4.43407E-02, -4.37924E-02, -4.32108E-02, -4.26016E-02, -4.19699E-02, -4.13207E-02, -4.06583E-02, -3.99867E-02, -3.93096E-02, -3.86300E-02, -3.79508E-02, -3.72744E-02, -3.66029E-02, -3.59380E-02,NA,NA,NA,
NA,NA,NA,NA,NA,NA,NA,NA,NA,NA,NA,NA,NA,NA,NA,NA,NA,NA,NA,NA,NA,NA,NA,NA,NA,NA,NA,NA, -2.85847E-02, -2.91062E-02, -2.96459E-02, -3.02047E-02, -3.07840E-02, -3.13847E-02, -3.20081E-02, -3.26551E-02, -3.33269E-02, -3.40241E-02, -3.47471E-02, -3.54959E-02, -3.62701E-02, -3.70683E-02, -3.78885E-02, -3.87277E-02, -3.95818E-02, -4.04453E-02, -4.13118E-02, -4.21736E-02, -4.30219E-02, -4.38470E-02, -4.46385E-02, -4.53859E-02, -4.60786E-02, -4.67066E-02, -4.72608E-02, -4.77334E-02, -4.81179E-02, -4.84099E-02, -4.86067E-02, -4.87074E-02, -4.87131E-02, -4.86265E-02, -4.84516E-02, -4.81937E-02, -4.78589E-02, -4.74542E-02, -4.69866E-02, -4.64636E-02, -4.58924E-02, -4.52802E-02, -4.46337E-02, -4.39594E-02, -4.32630E-02, -4.25502E-02, -4.18256E-02, -4.10936E-02, -4.03581E-02, -3.96225E-02, -3.88896E-02, -3.81619E-02, -3.74416E-02, -3.67305E-02, -3.60299E-02,NA,NA,
NA,NA,NA,NA,NA,NA,NA,NA,NA,NA,NA,NA,NA,NA,NA,NA,NA,NA,NA,NA,NA,NA,NA,NA,NA,NA,NA, -2.83934E-02, -2.89130E-02, -2.94510E-02, -3.00086E-02, -3.05872E-02, -3.11882E-02, -3.18132E-02, -3.24636E-02, -3.31410E-02, -3.38468E-02, -3.45824E-02, -3.53487E-02, -3.61462E-02, -3.69750E-02, -3.78343E-02, -3.87223E-02, -3.96360E-02, -4.05713E-02, -4.15223E-02, -4.24817E-02, -4.34407E-02, -4.43891E-02, -4.53152E-02, -4.62066E-02, -4.70505E-02, -4.78339E-02, -4.85446E-02, -4.91713E-02, -4.97045E-02, -5.01366E-02, -5.04620E-02, -5.06778E-02, -5.07833E-02, -5.07801E-02, -5.06718E-02, -5.04636E-02, -5.01623E-02, -4.97756E-02, -4.93117E-02, -4.87795E-02, -4.81876E-02, -4.75448E-02, -4.68594E-02, -4.61391E-02, -4.53911E-02, -4.46223E-02, -4.38384E-02, -4.30448E-02, -4.22462E-02, -4.14468E-02, -4.06500E-02, -3.98588E-02, -3.90758E-02, -3.83031E-02, -3.75424E-02, -3.67951E-02, -3.60623E-02,NA,
NA,NA,NA,NA,NA,NA,NA,NA,NA,NA,NA,NA,NA,NA,NA,NA,NA,NA,NA,NA,NA,NA,NA,NA,NA,NA,NA, -2.86990E-02, -2.92330E-02, -2.97867E-02, -3.03614E-02, -3.09588E-02, -3.15807E-02, -3.22291E-02, -3.29058E-02, -3.36130E-02, -3.43528E-02, -3.51270E-02, -3.59375E-02, -3.67855E-02, -3.76718E-02, -3.85961E-02, -3.95574E-02, -4.05528E-02, -4.15783E-02, -4.26277E-02, -4.36928E-02, -4.47636E-02, -4.58280E-02, -4.68721E-02, -4.78809E-02, -4.88385E-02, -4.97292E-02, -5.05376E-02, -5.12500E-02, -5.18545E-02, -5.23418E-02, -5.27054E-02, -5.29420E-02, -5.30511E-02, -5.30352E-02, -5.28991E-02, -5.26497E-02, -5.22956E-02, -5.18463E-02, -5.13122E-02, -5.07038E-02, -5.00317E-02, -4.93061E-02, -4.85366E-02, -4.77321E-02, -4.69010E-02, -4.60506E-02, -4.51875E-02, -4.43175E-02, -4.34455E-02, -4.25760E-02, -4.17125E-02, -4.08582E-02, -4.00155E-02, -3.91865E-02, -3.83728E-02, -3.75758E-02, -3.67965E-02,NA,
NA,NA,NA,NA,NA,NA,NA,NA,NA,NA,NA,NA,NA,NA,NA,NA,NA,NA,NA,NA,NA,NA,NA,NA,NA,NA, -2.84675E-02, -2.89958E-02, -2.95433E-02, -3.01115E-02, -3.07022E-02, -3.13172E-02, -3.19587E-02, -3.26290E-02, -3.33308E-02, -3.40666E-02, -3.48394E-02, -3.56519E-02,NA,NA,NA,NA,NA,NA,NA,NA,NA, -4.61411E-02, -4.73406E-02, -4.85233E-02, -4.96709E-02, -5.07637E-02, -5.17821E-02, -5.27070E-02, -5.35212E-02, -5.42099E-02, -5.47617E-02, -5.51691E-02, -5.54281E-02, -5.55389E-02, -5.55050E-02, -5.53331E-02, -5.50323E-02, -5.46135E-02, -5.40887E-02, -5.34707E-02, -5.27724E-02, -5.20064E-02, -5.11847E-02, -5.03186E-02, -4.94182E-02, -4.84929E-02, -4.75509E-02, -4.65994E-02, -4.56446E-02, -4.46919E-02, -4.37457E-02, -4.28097E-02, -4.18870E-02, -4.09800E-02, -4.00908E-02, -3.92207E-02, -3.83709E-02, -3.75423E-02, -3.67352E-02,
NA,NA,NA,NA,NA,NA,NA,NA,NA,NA,NA,NA,NA,NA,NA,NA,NA,NA,NA,NA,NA,NA,NA,NA,NA, -2.82216E-02, -2.87429E-02, -2.92827E-02, -2.98425E-02, -3.04239E-02, -3.10289E-02, -3.16598E-02, -3.23190E-02, -3.30094E-02, -3.37341E-02,NA,NA,NA,NA,NA,NA,NA,NA,NA,NA,NA,NA,NA,NA,NA, -5.15870E-02, -5.28417E-02, -5.40134E-02, -5.50782E-02, -5.60142E-02, -5.68031E-02, -5.74308E-02, -5.78880E-02, -5.81708E-02, -5.82800E-02, -5.82210E-02, -5.80028E-02, -5.76374E-02, -5.71388E-02, -5.65225E-02, -5.58040E-02, -5.49991E-02, -5.41230E-02, -5.31897E-02, -5.22122E-02, -5.12024E-02, -5.01705E-02, -4.91256E-02, -4.80756E-02, -4.70270E-02, -4.59855E-02, -4.49554E-02, -4.39407E-02, -4.29442E-02, -4.19682E-02, -4.10145E-02, -4.00844E-02, -3.91788E-02, -3.82982E-02, -3.74429E-02,
NA,NA,NA,NA,NA,NA,NA,NA,NA,NA,NA,NA,NA,NA,NA,NA,NA,NA,NA,NA,NA,NA,NA,NA, -2.79641E-02, -2.84776E-02, -2.90086E-02, -2.95587E-02, -3.01292E-02, -3.07221E-02, -3.13395E-02, -3.19840E-02,NA,NA,NA,NA,NA,NA,NA,NA,NA,NA,NA,NA,NA,NA,NA,NA,NA,NA,NA,NA,NA, -5.76821E-02, -5.87652E-02, -5.96740E-02, -6.03910E-02, -6.09053E-02, -6.12126E-02, -6.13152E-02, -6.12209E-02, -6.09423E-02, -6.04953E-02, -5.98980E-02, -5.91699E-02, -5.83305E-02, -5.73989E-02, -5.63932E-02, -5.53300E-02, -5.42244E-02, -5.30895E-02, -5.19370E-02, -5.07767E-02, -4.96170E-02, -4.84647E-02, -4.73256E-02, -4.62043E-02, -4.51042E-02, -4.40281E-02, -4.29782E-02, -4.19560E-02, -4.09622E-02, -3.99977E-02, -3.90625E-02, -3.81567E-02,
NA,NA,NA,NA,NA,NA,NA,NA,NA,NA,NA,NA,NA,NA,NA,NA,NA,NA,NA,NA,NA,NA,NA,NA,NA,NA,NA,NA,NA,NA,NA,NA,NA,NA,NA,NA,NA,NA,NA,NA,NA,NA,NA,NA,NA,NA,NA,NA,NA,NA,NA,NA,NA,NA,NA,NA,NA,NA,NA,NA,NA,NA, -6.36412E-02, -6.29209E-02, -6.20558E-02, -6.10704E-02, -5.99877E-02, -5.88294E-02, -5.76150E-02, -5.63616E-02, -5.50840E-02, -5.37951E-02, -5.25054E-02, -5.12237E-02, -4.99571E-02, -4.87112E-02, -4.74905E-02, -4.62982E-02, -4.51368E-02, -4.40080E-02, -4.29128E-02, -4.18518E-02, -4.08253E-02, -3.98330E-02, -3.88746E-02,
NA,NA,NA,NA,NA,NA,NA,NA,NA,NA,NA,NA,NA,NA,NA,NA,NA,NA,NA,NA,NA,NA,NA,NA,NA,NA,NA,NA,NA,NA,NA,NA,NA,NA,NA,NA,NA,NA,NA,NA,NA,NA,NA,NA,NA,NA,NA,NA,NA,NA,NA,NA,NA,NA,NA,NA,NA,NA,NA,NA,NA,NA,NA,NA, -6.52082E-02, -6.40457E-02, -6.27825E-02, -6.14442E-02, -6.00534E-02, -5.86297E-02, -5.71894E-02, -5.57464E-02, -5.43120E-02, -5.28950E-02, -5.15026E-02, -5.01401E-02, -4.88116E-02, -4.75201E-02, -4.62673E-02, -4.50545E-02, -4.38822E-02, -4.27505E-02, -4.16591E-02, -4.06072E-02, -3.95941E-02,
NA,NA,NA,NA,NA,NA,NA,NA,NA,NA,NA,NA,NA,NA,NA,NA,NA,NA,NA,NA,NA,NA,NA,NA,NA,NA,NA,NA,NA,NA,NA,NA,NA,NA,NA,NA,NA,NA,NA,NA,NA,NA,NA,NA,NA,NA,NA,NA,NA,NA,NA,NA,NA,NA,NA,NA,NA,NA,NA,NA,NA,NA,NA,NA,NA,NA, -6.58005E-02, -6.42497E-02, -6.26534E-02, -6.10335E-02, -5.94080E-02, -5.77914E-02, -5.61954E-02, -5.46288E-02, -5.30984E-02, -5.16091E-02, -5.01644E-02, -4.87663E-02, -4.74162E-02, -4.61145E-02, -4.48610E-02, -4.36552E-02, -4.24960E-02, -4.13823E-02, -4.03128E-02,
NA,NA,NA,NA,NA,NA,NA,NA,NA,NA,NA,NA,NA,NA,NA,NA,NA,NA,NA,NA,NA,NA,NA,NA,NA,NA,NA,NA,NA,NA,NA,NA,NA,NA,NA,NA,NA,NA,NA,NA,NA,NA,NA,NA,NA,NA,NA,NA,NA,NA,NA,NA,NA,NA,NA,NA,NA,NA,NA,NA,NA,NA,NA,NA,NA,NA,NA,NA, -6.54218E-02, -6.35764E-02, -6.17404E-02, -5.99288E-02, -5.81531E-02, -5.64217E-02, -5.47407E-02, -5.31141E-02, -5.15443E-02, -5.00326E-02, -4.85792E-02, -4.71838E-02, -4.58452E-02, -4.45621E-02, -4.33327E-02, -4.21552E-02, -4.10275E-02,
NA,NA,NA,NA,NA,NA,NA,NA,NA,NA,NA,NA,NA,NA,NA,NA,NA,NA,NA,NA,NA,NA,NA,NA,NA,NA,NA,NA,NA,NA,NA,NA,NA,NA,NA,NA,NA,NA,NA,NA,NA,NA,NA,NA,NA,NA,NA,NA,NA,NA,NA,NA,NA,NA,NA,NA,NA,NA,NA,NA,NA,NA,NA,NA,NA,NA,NA,NA,NA, -6.62592E-02, -6.41850E-02, -6.21552E-02, -6.01805E-02, -5.82685E-02, -5.64238E-02, -5.46492E-02, -5.29457E-02, -5.13134E-02, -4.97512E-02, -4.82576E-02, -4.68303E-02, -4.54671E-02, -4.41653E-02, -4.29222E-02, -4.17352E-02,
NA,NA,NA,NA,NA,NA,NA,NA,NA,NA,NA,NA,NA,NA,NA,NA,NA,NA,NA,NA,NA,NA,NA,NA,NA,NA,NA,NA,NA,NA,NA,NA,NA,NA,NA,NA,NA,NA,NA,NA,NA,NA,NA,NA,NA,NA,NA,NA,NA,NA,NA,NA,NA,NA,NA,NA,NA,NA,NA,NA,NA,NA,NA,NA,NA,NA,NA,NA,NA,NA, -6.67371E-02, -6.44643E-02, -6.22707E-02, -6.01617E-02, -5.81403E-02, -5.62072E-02, -5.43619E-02, -5.26023E-02, -5.09262E-02, -4.93302E-02, -4.78112E-02, -4.63655E-02, -4.49894E-02, -4.36795E-02, -4.24322E-02,
NA,NA,NA,NA,NA,NA,NA,NA,NA,NA,NA,NA,NA,NA,NA,NA,NA,NA,NA,NA,NA,NA,NA,NA,NA,NA,NA,NA,NA,NA,NA,NA,NA,NA,NA,NA,NA,NA,NA,NA,NA,NA,NA,NA,NA,NA,NA,NA,NA,NA,NA,NA,NA,NA,NA,NA,NA,NA,NA,NA,NA,NA,NA,NA,NA,NA,NA,NA,NA,NA,NA, -6.68467E-02, -6.44136E-02, -6.20915E-02, -5.98807E-02, -5.77793E-02, -5.57843E-02, -5.38917E-02, -5.20970E-02, -5.03954E-02, -4.87820E-02, -4.72520E-02, -4.58005E-02, -4.44229E-02, -4.31147E-02,
NA,NA,NA,NA,NA,NA,NA,NA,NA,NA,NA,NA,NA,NA,NA,NA,NA,NA,NA,NA,NA,NA,NA,NA,NA,NA,NA,NA,NA,NA,NA,NA,NA,NA,NA,NA,NA,NA,NA,NA,NA,NA,NA,NA,NA,NA,NA,NA,NA,NA,NA,NA,NA,NA,NA,NA,NA,NA,NA,NA,NA,NA,NA,NA,NA,NA,NA,NA,NA,NA,NA,NA, -6.65962E-02, -6.40455E-02, -6.16334E-02, -5.93547E-02, -5.72033E-02, -5.51726E-02, -5.32557E-02, -5.14459E-02, -4.97365E-02, -4.81210E-02, -4.65934E-02, -4.51477E-02, -4.37787E-02,
NA,NA,NA,NA,NA,NA,NA,NA,NA,NA,NA,NA,NA,NA,NA,NA,NA,NA,NA,NA,NA,NA,NA,NA,NA,NA,NA,NA,NA,NA,NA,NA,NA,NA,NA,NA,NA,NA,NA,NA,NA,NA,NA,NA,NA,NA,NA,NA,NA,NA,NA,NA,NA,NA,NA,NA,NA,NA,NA,NA,NA,NA,NA,NA,NA,NA,NA,NA,NA,NA,NA,NA, -6.88016E-02, -6.60082E-02, -6.33844E-02, -6.09207E-02, -5.86076E-02, -5.64350E-02, -5.43935E-02, -5.24739E-02, -5.06676E-02, -4.89663E-02, -4.73626E-02, -4.58493E-02, -4.44199E-02,
NA,NA,NA,NA,NA,NA,NA,NA,NA,NA,NA,NA,NA,NA,NA,NA,NA,NA,NA,NA,NA,NA,NA,NA,NA,NA,NA,NA,NA,NA,NA,NA,NA,NA,NA,NA,NA,NA,NA,NA,NA,NA,NA,NA,NA,NA,NA,NA,NA,NA,NA,NA,NA,NA,NA,NA,NA,NA,NA,NA,NA,NA,NA,NA,NA,NA,NA,NA,NA,NA,NA,NA,NA, -6.79609E-02, -6.51171E-02, -6.24629E-02, -5.99843E-02, -5.76678E-02, -5.55005E-02, -5.34708E-02, -5.15678E-02, -4.97814E-02, -4.81024E-02, -4.65225E-02, -4.50339E-02,
NA,NA,NA,NA,NA,NA,NA,NA,NA,NA,NA,NA,NA,NA,NA,NA,NA,NA,NA,NA,NA,NA,NA,NA,NA,NA,NA,NA,NA,NA,NA,NA,NA,NA,NA,NA,NA,NA,NA,NA,NA,NA,NA,NA,NA,NA,NA,NA,NA,NA,NA,NA,NA,NA,NA,NA,NA,NA,NA,NA,NA,NA,NA,NA,NA,NA,NA,NA,NA,NA,NA,NA,NA, -6.98819E-02, -6.68127E-02, -6.39650E-02, -6.13196E-02, -5.88588E-02, -5.65663E-02, -5.44276E-02, -5.24293E-02, -5.05593E-02, -4.88068E-02, -4.71621E-02, -4.56161E-02,
NA,NA,NA,NA,NA,NA,NA,NA,NA,NA,NA,NA,NA,NA,NA,NA,NA,NA,NA,NA,NA,NA,NA,NA,NA,NA,NA,NA,NA,NA,NA,NA,NA,NA,NA,NA,NA,NA,NA,NA,NA,NA,NA,NA,NA,NA,NA,NA,NA,NA,NA,NA,NA,NA,NA,NA,NA,NA,NA,NA,NA,NA,NA,NA,NA,NA,NA,NA,NA,NA,NA,NA,NA,NA, -6.84502E-02, -6.54091E-02, -6.25981E-02, -5.99950E-02, -5.75798E-02, -5.53347E-02, -5.32439E-02, -5.12931E-02, -4.94699E-02, -4.77629E-02, -4.61620E-02,
NA,NA,NA,NA,NA,NA,NA,NA,NA,NA,NA,NA,NA,NA,NA,NA,NA,NA,NA,NA,NA,NA,NA,NA,NA,NA,NA,NA,NA,NA,NA,NA,NA,NA,NA,NA,NA,NA,NA,NA,NA,NA,NA,NA,NA,NA,NA,NA,NA,NA,NA,NA,NA,NA,NA,NA,NA,NA,NA,NA,NA,NA,NA,NA,NA,NA,NA,NA,NA,NA,NA,NA,NA,NA, -7.00069E-02, -6.67760E-02, -6.38038E-02, -6.10630E-02, -5.85295E-02, -5.61825E-02, -5.40033E-02, -5.19757E-02, -5.00854E-02, -4.83196E-02, -4.66671E-02,
NA,NA,NA,NA,NA,NA,NA,NA,NA,NA,NA,NA,NA,NA,NA,NA,NA,NA,NA,NA,NA,NA,NA,NA,NA,NA,NA,NA,NA,NA,NA,NA,NA,NA,NA,NA,NA,NA,NA,NA,NA,NA,NA,NA,NA,NA,NA,NA,NA,NA,NA,NA,NA,NA,NA,NA,NA,NA,NA,NA,NA,NA,NA,NA,NA,NA,NA,NA,NA,NA,NA,NA,NA,NA,NA, -6.80461E-02, -6.49202E-02, -6.20488E-02, -5.94039E-02, -5.69611E-02, -5.46993E-02, -5.26002E-02, -5.06475E-02, -4.88273E-02, -4.71269E-02,
NA,NA,NA,NA,NA,NA,NA,NA,NA,NA,NA,NA,NA,NA,NA,NA,NA,NA,NA,NA,NA,NA,NA,NA,NA,NA,NA,NA,NA,NA,NA,NA,NA,NA,NA,NA,NA,NA,NA,NA,NA,NA,NA,NA,NA,NA,NA,NA,NA,NA,NA,NA,NA,NA,NA,NA,NA,NA,NA,NA,NA,NA,NA,NA,NA,NA,NA,NA,NA,NA,NA,NA,NA,NA,NA, -6.91992E-02, -6.59309E-02, -6.29391E-02, -6.01916E-02, -5.76612E-02, -5.53240E-02, -5.31597E-02, -5.11505E-02, -4.92809E-02, -4.75373E-02,
NA,NA,NA,NA,NA,NA,NA,NA,NA,NA,NA,NA,NA,NA,NA,NA,NA,NA,NA,NA,NA,NA,NA,NA,NA,NA,NA,NA,NA,NA,NA,NA,NA,NA,NA,NA,NA,NA,NA,NA,NA,NA,NA,NA,NA,NA,NA,NA,NA,NA,NA,NA,NA,NA,NA,NA,NA,NA,NA,NA,NA,NA,NA,NA,NA,NA,NA,NA,NA,NA,NA,NA,NA,NA,NA, -7.02160E-02, -6.68201E-02, -6.37206E-02, -6.08820E-02, -5.82738E-02, -5.58699E-02, -5.36481E-02, -5.15890E-02, -4.96761E-02, -4.78946E-02,
NA,NA,NA,NA,NA,NA,NA,NA,NA,NA,NA,NA,NA,NA,NA,NA,NA,NA,NA,NA,NA,NA,NA,NA,NA,NA,NA,NA,NA,NA,NA,NA,NA,NA,NA,NA,NA,NA,NA,NA,NA,NA,NA,NA,NA,NA,NA,NA,NA,NA,NA,NA,NA,NA,NA,NA,NA,NA,NA,NA,NA,NA,NA,NA,NA,NA,NA,NA,NA,NA,NA,NA,NA,NA,NA, -7.10784E-02, -6.75730E-02, -6.43816E-02, -6.14652E-02, -5.87908E-02, -5.63302E-02, -5.40596E-02, -5.19584E-02, -5.00087E-02, -4.81952E-02,
NA,NA,NA,NA,NA,NA,NA,NA,NA,NA,NA,NA,NA,NA,NA,NA,NA,NA,NA,NA,NA,NA,NA,NA,NA,NA,NA,NA,NA,NA,NA,NA,NA,NA,NA,NA,NA,NA,NA,NA,NA,NA,NA,NA,NA,NA,NA,NA,NA,NA,NA,NA,NA,NA,NA,NA,NA,NA,NA,NA,NA,NA,NA,NA,NA,NA,NA,NA,NA,NA,NA,NA,NA,NA,NA,NA, -6.81769E-02, -6.49116E-02, -6.19327E-02, -5.92052E-02, -5.66992E-02, -5.43895E-02, -5.22545E-02, -5.02754E-02, -4.84363E-02,
NA,NA,NA,NA,NA,NA,NA,NA,NA,NA,NA,NA,NA,NA,NA,NA,NA,NA,NA,NA,NA,NA,NA,NA,NA,NA,NA,NA,NA,NA,NA,NA,NA,NA,NA,NA,NA,NA,NA,NA,NA,NA,NA,NA,NA,NA,NA,NA,NA,NA,NA,NA,NA,NA,NA,NA,NA,NA,NA,NA,NA,NA,NA,NA,NA,NA,NA,NA,NA,NA,NA,NA,NA,NA,NA,NA, -6.86213E-02, -6.53021E-02, -6.22777E-02, -5.95113E-02, -5.69721E-02, -5.46338E-02, -5.24740E-02, -5.04734E-02, -4.86155E-02,
NA,NA,NA,NA,NA,NA,NA,NA,NA,NA,NA,NA,NA,NA,NA,NA,NA,NA,NA,NA,NA,NA,NA,NA,NA,NA,NA,NA,NA,NA,NA,NA,NA,NA,NA,NA,NA,NA,NA,NA,NA,NA,NA,NA,NA,NA,NA,NA,NA,NA,NA,NA,NA,NA,NA,NA,NA,NA,NA,NA,NA,NA,NA,NA,NA,NA,NA,NA,NA,NA,NA,NA,NA,NA,NA,NA, -6.88986E-02, -6.55469E-02, -6.24950E-02, -5.97050E-02, -5.71455E-02, -5.47897E-02, -5.26146E-02, -5.06007E-02, -4.87310E-02,
NA,NA,NA,NA,NA,NA,NA,NA,NA,NA,NA,NA,NA,NA,NA,NA,NA,NA,NA,NA,NA,NA,NA,NA,NA,NA,NA,NA,NA,NA,NA,NA,NA,NA,NA,NA,NA,NA,NA,NA,NA,NA,NA,NA,NA,NA,NA,NA,NA,NA,NA,NA,NA,NA,NA,NA,NA,NA,NA,NA,NA,NA,NA,NA,NA,NA,NA,NA,NA,NA,NA,NA,NA,NA,NA,NA, -6.90042E-02, -6.56425E-02, -6.25816E-02, -5.97839E-02, -5.72174E-02, -5.48554E-02, -5.26749E-02, -5.06560E-02, -4.87820E-02,
NA,NA,NA,NA,NA,NA,NA,NA,NA,NA,NA,NA,NA,NA,NA,NA,NA,NA,NA,NA,NA,NA,NA,NA,NA,NA,NA,NA,NA,NA,NA,NA,NA,NA,NA,NA,NA,NA,NA,NA,NA,NA,NA,NA,NA,NA,NA,NA,NA,NA,NA,NA,NA,NA,NA,NA,NA,NA,NA,NA,NA,NA,NA,NA,NA,NA,NA,NA,NA,NA,NA,NA,NA,NA,NA,NA, -6.89372E-02, -6.55879E-02, -6.25369E-02, -5.97471E-02, -5.71872E-02, -5.48305E-02, -5.26543E-02, -5.06390E-02, -4.87679E-02,
NA,NA,NA,NA,NA,NA,NA,NA,NA,NA,NA,NA,NA,NA,NA,NA,NA,NA,NA,NA,NA,NA,NA,NA,NA,NA,NA,NA,NA,NA,NA,NA,NA,NA,NA,NA,NA,NA,NA,NA,NA,NA,NA,NA,NA,NA,NA,NA,NA,NA,NA,NA,NA,NA,NA,NA,NA,NA,NA,NA,NA,NA,NA,NA,NA,NA,NA,NA,NA,NA,NA,NA,NA,NA,NA,NA, -6.87000E-02, -6.53849E-02, -6.23622E-02, -5.95960E-02, -5.70557E-02, -5.47156E-02, -5.25534E-02, -5.05501E-02, -4.86892E-02,
NA,NA,NA,NA,NA,NA,NA,NA,NA,NA,NA,NA,NA,NA,NA,NA,NA,NA,NA,NA,NA,NA,NA,NA,NA,NA,NA,NA,NA,NA,NA,NA,NA,NA,NA,NA,NA,NA,NA,NA,NA,NA,NA,NA,NA,NA,NA,NA,NA,NA,NA,NA,NA,NA,NA,NA,NA,NA,NA,NA,NA,NA,NA,NA,NA,NA,NA,NA,NA,NA,NA,NA,NA,NA,NA, -7.18816E-02, -6.82980E-02, -6.50380E-02, -6.20611E-02, -5.93333E-02, -5.68254E-02, -5.45127E-02, -5.23739E-02, -5.03907E-02, -4.85470E-02,
NA,NA,NA,NA,NA,NA,NA,NA,NA,NA,NA,NA,NA,NA,NA,NA,NA,NA,NA,NA,NA,NA,NA,NA,NA,NA,NA,NA,NA,NA,NA,NA,NA,NA,NA,NA,NA,NA,NA,NA,NA,NA,NA,NA,NA,NA,NA,NA,NA,NA,NA,NA,NA,NA,NA,NA,NA,NA,NA,NA,NA,NA,NA,NA,NA,NA,NA,NA,NA,NA,NA,NA,NA,NA,NA, -7.12343E-02, -6.77399E-02, -6.45540E-02, -6.16391E-02, -5.89634E-02, -5.64997E-02, -5.42247E-02, -5.21181E-02, -5.01627E-02, -4.83430E-02,
NA,NA,NA,NA,NA,NA,NA,NA,NA,NA,NA,NA,NA,NA,NA,NA,NA,NA,NA,NA,NA,NA,NA,NA,NA,NA,NA,NA,NA,NA,NA,NA,NA,NA,NA,NA,NA,NA,NA,NA,NA,NA,NA,NA,NA,NA,NA,NA,NA,NA,NA,NA,NA,NA,NA,NA,NA,NA,NA,NA,NA,NA,NA,NA,NA,NA,NA,NA,NA,NA,NA,NA,NA,NA,NA, -7.04223E-02, -6.70368E-02, -6.39418E-02, -6.11034E-02, -5.84924E-02, -5.60837E-02, -5.38556E-02, -5.17895E-02, -4.98689E-02, -4.80796E-02,
NA,NA,NA,NA,NA,NA,NA,NA,NA,NA,NA,NA,NA,NA,NA,NA,NA,NA,NA,NA,NA,NA,NA,NA,NA,NA,NA,NA,NA,NA,NA,NA,NA,NA,NA,NA,NA,NA,NA,NA,NA,NA,NA,NA,NA,NA,NA,NA,NA,NA,NA,NA,NA,NA,NA,NA,NA,NA,NA,NA,NA,NA,NA,NA,NA,NA,NA,NA,NA,NA,NA,NA,NA,NA,NA, -6.94618E-02, -6.62017E-02, -6.32121E-02, -6.04626E-02, -5.79272E-02, -5.55830E-02, -5.34104E-02, -5.13920E-02, -4.95128E-02, -4.77595E-02,
NA,NA,NA,NA,NA,NA,NA,NA,NA,NA,NA,NA,NA,NA,NA,NA,NA,NA,NA,NA,NA,NA,NA,NA,NA,NA,NA,NA,NA,NA,NA,NA,NA,NA,NA,NA,NA,NA,NA,NA,NA,NA,NA,NA,NA,NA,NA,NA,NA,NA,NA,NA,NA,NA,NA,NA,NA,NA,NA,NA,NA,NA,NA,NA,NA,NA,NA,NA,NA,NA,NA,NA,NA,NA, -7.17713E-02, -6.83707E-02, -6.52492E-02, -6.23766E-02, -5.97265E-02, -5.72759E-02, -5.50045E-02, -5.28945E-02, -5.09304E-02, -4.90984E-02, -4.73862E-02,
NA,NA,NA,NA,NA,NA,NA,NA,NA,NA,NA,NA,NA,NA,NA,NA,NA,NA,NA,NA,NA,NA,NA,NA,NA,NA,NA,NA,NA,NA,NA,NA,NA,NA,NA,NA,NA,NA,NA,NA,NA,NA,NA,NA,NA,NA,NA,NA,NA,NA,NA,NA,NA,NA,NA,NA,NA,NA,NA,NA,NA,NA,NA,NA,NA,NA,NA,NA,NA,NA,NA,NA,NA,NA, -7.03930E-02, -6.71678E-02, -6.41946E-02, -6.14480E-02, -5.89055E-02, -5.65472E-02, -5.43553E-02, -5.23142E-02, -5.04099E-02, -4.86299E-02, -4.69634E-02,
NA,NA,NA,NA,NA,NA,NA,NA,NA,NA,NA,NA,NA,NA,NA,NA,NA,NA,NA,NA,NA,NA,NA,NA,NA,NA,NA,NA,NA,NA,NA,NA,NA,NA,NA,NA,NA,NA,NA,NA,NA,NA,NA,NA,NA,NA,NA,NA,NA,NA,NA,NA,NA,NA,NA,NA,NA,NA,NA,NA,NA,NA,NA,NA,NA,NA,NA,NA,NA,NA,NA,NA,NA, -7.22070E-02, -6.89155E-02, -6.58720E-02, -6.30536E-02, -6.04393E-02, -5.80105E-02, -5.57502E-02, -5.36432E-02, -5.16758E-02, -4.98358E-02, -4.81122E-02, -4.64951E-02,
NA,NA,NA,NA,NA,NA,NA,NA,NA,NA,NA,NA,NA,NA,NA,NA,NA,NA,NA,NA,NA,NA,NA,NA,NA,NA,NA,NA,NA,NA,NA,NA,NA,NA,NA,NA,NA,NA,NA,NA,NA,NA,NA,NA,NA,NA,NA,NA,NA,NA,NA,NA,NA,NA,NA,NA,NA,NA,NA,NA,NA,NA,NA,NA,NA,NA,NA,NA,NA,NA,NA,NA,NA, -7.04369E-02, -6.73611E-02, -6.45020E-02, -6.18417E-02, -5.93637E-02, -5.70526E-02, -5.48943E-02, -5.28760E-02, -5.09861E-02, -4.92140E-02, -4.75501E-02, -4.59855E-02,
NA,NA,NA,NA,NA,NA,NA,NA,NA,NA,NA,NA,NA,NA,NA,NA,NA,NA,NA,NA,NA,NA,NA,NA,NA,NA,NA,NA,NA,NA,NA,NA,NA,NA,NA,NA,NA,NA,NA,NA,NA,NA,NA,NA,NA,NA,NA,NA,NA,NA,NA,NA,NA,NA,NA,NA,NA,NA,NA,NA,NA,NA,NA,NA,NA,NA,NA,NA,NA,NA,NA,NA, -7.16763E-02, -6.86130E-02, -6.57505E-02, -6.30753E-02, -6.05740E-02, -5.82338E-02, -5.60424E-02, -5.39886E-02, -5.20617E-02, -5.02520E-02, -4.85503E-02, -4.69486E-02, -4.54390E-02,
NA,NA,NA,NA,NA,NA,NA,NA,NA,NA,NA,NA,NA,NA,NA,NA,NA,NA,NA,NA,NA,NA,NA,NA,NA,NA,NA,NA,NA,NA,NA,NA,NA,NA,NA,NA,NA,NA,NA,NA,NA,NA,NA,NA,NA,NA,NA,NA,NA,NA,NA,NA,NA,NA,NA,NA,NA,NA,NA,NA,NA,NA,NA,NA,NA,NA,NA,NA,NA,NA,NA, -7.25825E-02, -6.95812E-02, -6.67574E-02, -6.41028E-02, -6.16083E-02, -5.92644E-02, -5.70616E-02, -5.49905E-02, -5.30421E-02, -5.12080E-02, -4.94799E-02, -4.78505E-02, -4.63127E-02, -4.48600E-02,
NA,NA,NA,NA,NA,NA,NA,NA,NA,NA,NA,NA,NA,NA,NA,NA,NA,NA,NA,NA,NA,NA,NA,NA,NA,NA,NA,NA,NA,NA,NA,NA,NA,NA,NA,NA,NA,NA,NA,NA,NA,NA,NA,NA,NA,NA,NA,NA,NA,NA,NA,NA,NA,NA,NA,NA,NA,NA,NA,NA,NA,NA,NA,NA,NA,NA,NA,NA,NA,NA, -7.31130E-02, -7.02253E-02, -6.74848E-02, -6.48895E-02, -6.24350E-02, -6.01159E-02, -5.79260E-02, -5.58586E-02, -5.39067E-02, -5.20635E-02, -5.03222E-02, -4.86766E-02, -4.71203E-02, -4.56475E-02, -4.42528E-02,
NA,NA,NA,NA,NA,NA,NA,NA,NA,NA,NA,NA,NA,NA,NA,NA,NA,NA,NA,NA,NA,NA,NA,NA,NA,NA,NA,NA,NA,NA,NA,NA,NA,NA,NA,NA,NA,NA,NA,NA,NA,NA,NA,NA,NA,NA,NA,NA,NA,NA,NA,NA,NA,NA,NA,NA,NA,NA,NA,NA,NA,NA,NA,NA,NA,NA,NA,NA,NA, -7.32384E-02, -7.05145E-02, -6.79022E-02, -6.54056E-02, -6.30258E-02, -6.07620E-02, -5.86114E-02, -5.65705E-02, -5.46350E-02, -5.28000E-02, -5.10606E-02, -4.94116E-02, -4.78481E-02, -4.63650E-02, -4.49577E-02, -4.36216E-02,
NA,NA,NA,NA,NA,NA,NA,NA,NA,NA,NA,NA,NA,NA,NA,NA,NA,NA,NA,NA,NA,NA,NA,NA,NA,NA,NA,NA,NA,NA,NA,NA,NA,NA,NA,NA,NA,NA,NA,NA,NA,NA,NA,NA,NA,NA,NA,NA,NA,NA,NA,NA,NA,NA,NA,NA,NA,NA,NA,NA,NA,NA,NA,NA,NA,NA,NA,NA, -7.29461E-02, -7.04312E-02, -6.79888E-02, -6.56290E-02, -6.33584E-02, -6.11803E-02, -5.90964E-02, -5.71062E-02, -5.52082E-02, -5.34001E-02, -5.16788E-02, -5.00409E-02, -4.84827E-02, -4.70003E-02, -4.55900E-02, -4.42480E-02, -4.29705E-02,
NA,NA,NA,NA,NA,NA,NA,NA,NA,NA,NA,NA,NA,NA,NA,NA,NA,NA,NA,NA,NA,NA,NA,NA,NA,NA,NA,NA,NA,NA,NA,NA,NA,NA,NA,NA,NA,NA,NA,NA,NA,NA,NA,NA,NA,NA,NA,NA,NA,NA,NA,NA,NA,NA,NA,NA,NA,NA,NA,NA,NA,NA,NA,NA,NA,NA,NA, -7.22423E-02, -6.99727E-02, -6.77361E-02, -6.55473E-02, -6.34176E-02, -6.13549E-02, -5.93643E-02, -5.74489E-02, -5.56102E-02, -5.38483E-02, -5.21623E-02, -5.05506E-02, -4.90112E-02, -4.75414E-02, -4.61387E-02, -4.48001E-02, -4.35227E-02, -4.23035E-02,
NA,NA,NA,NA,NA,NA,NA,NA,NA,NA,NA,NA,NA,NA,NA,NA,NA,NA,NA,NA,NA,NA,NA,NA,NA,NA,NA,NA,NA,NA,NA,NA,NA,NA,NA,NA,NA,NA,NA,NA,NA,NA,NA,NA,NA,NA,NA,NA,NA,NA,NA,NA,NA,NA,NA,NA,NA,NA,NA,NA,NA,NA,NA,NA,NA, -7.31223E-02, -7.11513E-02, -6.91525E-02, -6.71490E-02, -6.51591E-02, -6.31979E-02, -6.12767E-02, -5.94042E-02, -5.75866E-02, -5.58282E-02, -5.41317E-02, -5.24984E-02, -5.09286E-02, -4.94220E-02, -4.79774E-02, -4.65934E-02, -4.52682E-02, -4.39997E-02, -4.27858E-02, -4.16242E-02,
NA,NA,NA,NA,NA,NA,NA,NA,NA,NA,NA,NA,NA,NA,NA,NA,NA,NA,NA,NA,NA,NA,NA,NA,NA,NA,NA,NA,NA,NA,NA,NA,NA,NA,NA,NA,NA,NA,NA,NA,NA,NA,NA,NA,NA,NA,NA,NA,NA,NA,NA,NA,NA,NA,NA,NA,NA,NA,NA,NA,NA,NA,NA, -7.29290E-02, -7.13660E-02, -6.97134E-02, -6.79986E-02, -6.62455E-02, -6.44745E-02, -6.27030E-02, -6.09451E-02, -5.92121E-02, -5.75129E-02, -5.58543E-02, -5.42413E-02, -5.26775E-02, -5.11650E-02, -4.97053E-02, -4.82986E-02, -4.69449E-02, -4.56434E-02, -4.43932E-02, -4.31930E-02, -4.20411E-02, -4.09359E-02,
NA,NA,NA,NA,NA,NA,NA,NA,NA,NA,NA,NA,NA,NA,NA,NA,NA,NA,NA,NA,NA,NA,NA,NA, -3.11691E-02,NA,NA,NA,NA,NA,NA,NA,NA,NA,NA,NA,NA,NA,NA,NA,NA,NA,NA,NA,NA,NA,NA,NA,NA,NA,NA,NA,NA,NA,NA,NA,NA,NA,NA,NA, -7.25525E-02, -7.16351E-02, -7.05493E-02, -6.93224E-02, -6.79813E-02, -6.65512E-02, -6.50553E-02, -6.35143E-02, -6.19466E-02, -6.03678E-02, -5.87911E-02, -5.72273E-02, -5.56854E-02, -5.41723E-02, -5.26935E-02, -5.12530E-02, -4.98536E-02, -4.84974E-02, -4.71854E-02, -4.59183E-02, -4.46959E-02, -4.35180E-02, -4.23836E-02, -4.12920E-02, -4.02419E-02,
NA,NA,NA,NA,NA,NA,NA,NA,NA,NA,NA,NA,NA,NA,NA,NA,NA,NA,NA,NA,NA,NA,NA,NA,NA, -3.16399E-02, -3.24096E-02, -3.32176E-02, -3.40668E-02, -3.49601E-02, -3.59005E-02, -3.68914E-02, -3.79360E-02,NA,NA,NA,NA,NA,NA,NA,NA,NA,NA,NA,NA,NA,NA,NA,NA,NA,NA,NA, -6.75543E-02, -6.84745E-02, -6.91815E-02, -6.96640E-02, -6.99173E-02, -6.99427E-02, -6.97475E-02, -6.93441E-02, -6.87490E-02, -6.79814E-02, -6.70626E-02, -6.60146E-02, -6.48591E-02, -6.36171E-02, -6.23084E-02, -6.09509E-02, -5.95606E-02, -5.81517E-02, -5.67361E-02, -5.53243E-02, -5.39248E-02, -5.25444E-02, -5.11888E-02, -4.98624E-02, -4.85684E-02, -4.73093E-02, -4.60867E-02, -4.49016E-02, -4.37547E-02, -4.26459E-02, -4.15750E-02, -4.05417E-02, -3.95450E-02,
NA,NA,NA,NA,NA,NA,NA,NA,NA,NA,NA,NA,NA,NA,NA,NA,NA,NA,NA,NA,NA,NA,NA,NA,NA, -3.13391E-02, -3.20856E-02, -3.28677E-02, -3.36876E-02, -3.45479E-02, -3.54511E-02, -3.63996E-02, -3.73961E-02, -3.84430E-02, -3.95424E-02, -4.06963E-02,NA,NA,NA,NA,NA,NA,NA,NA,NA,NA,NA,NA,NA, -6.07816E-02, -6.20336E-02, -6.31560E-02, -6.41283E-02, -6.49329E-02, -6.55560E-02, -6.59884E-02, -6.62258E-02, -6.62689E-02, -6.61227E-02, -6.57965E-02, -6.53028E-02, -6.46567E-02, -6.38750E-02, -6.29753E-02, -6.19755E-02, -6.08932E-02, -5.97448E-02, -5.85460E-02, -5.73106E-02, -5.60513E-02, -5.47790E-02, -5.35034E-02, -5.22324E-02, -5.09728E-02, -4.97302E-02, -4.85090E-02, -4.73128E-02, -4.61444E-02, -4.50057E-02, -4.38983E-02, -4.28229E-02, -4.17801E-02, -4.07701E-02, -3.97928E-02, -3.88478E-02,
NA,NA,NA,NA,NA,NA,NA,NA,NA,NA,NA,NA,NA,NA,NA,NA,NA,NA,NA,NA,NA,NA,NA,NA,NA,NA, -3.17450E-02, -3.25002E-02, -3.32901E-02, -3.41167E-02, -3.49820E-02, -3.58880E-02, -3.68365E-02, -3.78292E-02, -3.88675E-02, -3.99526E-02, -4.10848E-02, -4.22640E-02, -4.34889E-02, -4.47573E-02, -4.60654E-02, -4.74079E-02, -4.87777E-02, -5.01655E-02, -5.15600E-02, -5.29478E-02, -5.43135E-02, -5.56399E-02, -5.69088E-02, -5.81009E-02, -5.91973E-02, -6.01798E-02, -6.10318E-02, -6.17393E-02, -6.22911E-02, -6.26796E-02, -6.29010E-02, -6.29554E-02, -6.28465E-02, -6.25812E-02, -6.21690E-02, -6.16220E-02, -6.09533E-02, -6.01774E-02, -5.93088E-02, -5.83622E-02, -5.73515E-02, -5.62900E-02, -5.51900E-02, -5.40625E-02, -5.29175E-02, -5.17637E-02, -5.06086E-02, -4.94587E-02, -4.83193E-02, -4.71950E-02, -4.60895E-02, -4.50055E-02, -4.39454E-02, -4.29110E-02, -4.19033E-02, -4.09233E-02, -3.99714E-02, -3.90478E-02, -3.81526E-02,
NA,NA,NA,NA,NA,NA,NA,NA,NA,NA,NA,NA,NA,NA,NA,NA,NA,NA,NA,NA,NA,NA,NA,NA,NA,NA,NA, -3.21178E-02, -3.28773E-02, -3.36699E-02, -3.44974E-02, -3.53610E-02, -3.62622E-02, -3.72019E-02, -3.81811E-02, -3.92001E-02, -4.02588E-02, -4.13562E-02, -4.24908E-02, -4.36597E-02, -4.48591E-02, -4.60837E-02, -4.73266E-02, -4.85795E-02, -4.98322E-02, -5.10731E-02, -5.22890E-02, -5.34654E-02, -5.45871E-02, -5.56385E-02, -5.66040E-02, -5.74689E-02, -5.82197E-02, -5.88450E-02, -5.93358E-02, -5.96857E-02, -5.98916E-02, -5.99530E-02, -5.98725E-02, -5.96555E-02, -5.93095E-02, -5.88437E-02, -5.82688E-02, -5.75965E-02, -5.68389E-02, -5.60080E-02, -5.51157E-02, -5.41734E-02, -5.31917E-02, -5.21804E-02, -5.11484E-02, -5.01036E-02, -4.90529E-02, -4.80024E-02, -4.69573E-02, -4.59220E-02, -4.49001E-02, -4.38947E-02, -4.29080E-02, -4.19421E-02, -4.09983E-02, -4.00777E-02, -3.91811E-02, -3.83090E-02,NA,
NA,NA,NA,NA,NA,NA,NA,NA,NA,NA,NA,NA,NA,NA,NA,NA,NA,NA,NA,NA,NA,NA,NA,NA,NA,NA,NA,NA, -3.24521E-02, -3.32110E-02, -3.40008E-02, -3.48228E-02, -3.56777E-02, -3.65662E-02, -3.74885E-02, -3.84446E-02, -3.94338E-02, -4.04548E-02, -4.15056E-02, -4.25833E-02, -4.36839E-02, -4.48023E-02, -4.59321E-02, -4.70657E-02, -4.81942E-02, -4.93073E-02, -5.03939E-02, -5.14417E-02, -5.24379E-02, -5.33697E-02, -5.42243E-02, -5.49895E-02, -5.56545E-02, -5.62099E-02, -5.66483E-02, -5.69643E-02, -5.71552E-02, -5.72205E-02, -5.71620E-02, -5.69837E-02, -5.66914E-02, -5.62927E-02, -5.57961E-02, -5.52110E-02, -5.45475E-02, -5.38156E-02, -5.30255E-02, -5.21868E-02, -5.13087E-02, -5.03999E-02, -4.94682E-02, -4.85208E-02, -4.75642E-02, -4.66038E-02, -4.56446E-02, -4.46909E-02, -4.37461E-02, -4.28134E-02, -4.18952E-02, -4.09934E-02, -4.01097E-02, -3.92453E-02, -3.84012E-02,NA,NA,
NA,NA,NA,NA,NA,NA,NA,NA,NA,NA,NA,NA,NA,NA,NA,NA,NA,NA,NA,NA,NA,NA,NA,NA,NA,NA,NA,NA,NA, -3.27427E-02, -3.34957E-02, -3.42770E-02, -3.50871E-02, -3.59262E-02, -3.67942E-02, -3.76907E-02, -3.86146E-02, -3.95644E-02, -4.05379E-02, -4.15320E-02, -4.25429E-02, -4.35657E-02, -4.45946E-02, -4.56227E-02, -4.66420E-02, -4.76437E-02, -4.86182E-02, -4.95551E-02, -5.04437E-02, -5.12732E-02, -5.20331E-02, -5.27135E-02, -5.33053E-02, -5.38008E-02, -5.41938E-02, -5.44800E-02, -5.46569E-02, -5.47239E-02, -5.46823E-02, -5.45351E-02, -5.42870E-02, -5.39439E-02, -5.35129E-02, -5.30015E-02, -5.24182E-02, -5.17714E-02, -5.10695E-02, -5.03210E-02, -4.95338E-02, -4.87155E-02, -4.78730E-02, -4.70128E-02, -4.61407E-02, -4.52619E-02, -4.43809E-02, -4.35019E-02, -4.26282E-02, -4.17628E-02, -4.09081E-02, -4.00664E-02, -3.92391E-02, -3.84277E-02,NA,NA,NA,
NA,NA,NA,NA,NA,NA,NA,NA,NA,NA,NA,NA,NA,NA,NA,NA,NA,NA,NA,NA,NA,NA,NA,NA,NA,NA,NA,NA,NA,NA, -3.29849E-02, -3.37268E-02, -3.44937E-02, -3.52856E-02, -3.61020E-02, -3.69422E-02, -3.78050E-02, -3.86887E-02, -3.95909E-02, -4.05087E-02, -4.14382E-02, -4.23750E-02, -4.33138E-02, -4.42482E-02, -4.51714E-02, -4.60756E-02, -4.69525E-02, -4.77933E-02, -4.85891E-02, -4.93307E-02, -5.00094E-02, -5.06169E-02, -5.11459E-02, -5.15897E-02, -5.19435E-02, -5.22033E-02, -5.23672E-02, -5.24343E-02, -5.24057E-02, -5.22838E-02, -5.20721E-02, -5.17755E-02, -5.13997E-02, -5.09509E-02, -5.04362E-02, -4.98626E-02, -4.92373E-02, -4.85676E-02, -4.78602E-02, -4.71218E-02, -4.63586E-02, -4.55764E-02, -4.47804E-02, -4.39755E-02, -4.31657E-02, -4.23550E-02, -4.15467E-02, -4.07435E-02, -3.99479E-02, -3.91620E-02, -3.83876E-02,NA,NA,NA,NA,
NA,NA,NA,NA,NA,NA,NA,NA,NA,NA,NA,NA,NA,NA,NA,NA,NA,NA,NA,NA,NA,NA,NA,NA,NA,NA,NA,NA,NA,NA,NA, -3.31749E-02, -3.39004E-02, -3.46472E-02, -3.54148E-02, -3.62022E-02, -3.70080E-02, -3.78305E-02, -3.86671E-02, -3.95151E-02, -4.03709E-02, -4.12302E-02, -4.20883E-02, -4.29395E-02, -4.37778E-02, -4.45963E-02, -4.53880E-02, -4.61453E-02, -4.68605E-02, -4.75262E-02, -4.81348E-02, -4.86796E-02, -4.91542E-02, -4.95534E-02, -4.98729E-02, -5.01094E-02, -5.02611E-02, -5.03274E-02, -5.03089E-02, -5.02075E-02, -5.00261E-02, -4.97685E-02, -4.94394E-02, -4.90440E-02, -4.85882E-02, -4.80779E-02, -4.75192E-02, -4.69183E-02, -4.62811E-02, -4.56135E-02, -4.49210E-02, -4.42086E-02, -4.34812E-02, -4.27430E-02, -4.19981E-02, -4.12498E-02, -4.05015E-02, -3.97557E-02, -3.90149E-02, -3.82812E-02,NA,NA,NA,NA,NA,
NA,NA,NA,NA,NA,NA,NA,NA,NA,NA,NA,NA,NA,NA,NA,NA,NA,NA,NA,NA,NA,NA,NA,NA,NA,NA,NA,NA,NA,NA,NA,NA, -3.33096E-02, -3.40138E-02, -3.47353E-02, -3.54732E-02, -3.62259E-02, -3.69917E-02, -3.77681E-02, -3.85524E-02, -3.93413E-02, -4.01308E-02, -4.09166E-02, -4.16938E-02, -4.24568E-02, -4.31998E-02, -4.39167E-02, -4.46010E-02, -4.52462E-02, -4.58458E-02, -4.63937E-02, -4.68840E-02, -4.73116E-02, -4.76719E-02, -4.79613E-02, -4.81771E-02, -4.83177E-02, -4.83824E-02, -4.83718E-02, -4.82872E-02, -4.81309E-02, -4.79062E-02, -4.76169E-02, -4.72673E-02, -4.68622E-02, -4.64067E-02, -4.59061E-02, -4.53655E-02, -4.47903E-02, -4.41855E-02, -4.35559E-02, -4.29061E-02, -4.22404E-02, -4.15627E-02, -4.08767E-02, -4.01856E-02, -3.94924E-02, -3.87996E-02, -3.81095E-02,NA,NA,NA,NA,NA,NA,
NA,NA,NA,NA,NA,NA,NA,NA,NA,NA,NA,NA,NA,NA,NA,NA,NA,NA,NA,NA,NA,NA,NA,NA,NA,NA,NA,NA,NA,NA,NA,NA,NA, -3.33872E-02, -3.40655E-02, -3.47570E-02, -3.54604E-02, -3.61738E-02, -3.68949E-02, -3.76211E-02, -3.83492E-02, -3.90758E-02, -3.97968E-02, -4.05078E-02, -4.12040E-02, -4.18803E-02, -4.25314E-02, -4.31516E-02, -4.37355E-02, -4.42775E-02, -4.47725E-02, -4.52154E-02, -4.56019E-02, -4.59281E-02, -4.61911E-02, -4.63885E-02, -4.65189E-02, -4.65816E-02, -4.65770E-02, -4.65062E-02, -4.63711E-02, -4.61743E-02, -4.59189E-02, -4.56086E-02, -4.52474E-02, -4.48396E-02, -4.43898E-02, -4.39023E-02, -4.33819E-02, -4.28328E-02, -4.22594E-02, -4.16657E-02, -4.10556E-02, -4.04328E-02, -3.98003E-02, -3.91614E-02, -3.85188E-02, -3.78748E-02,NA,NA,NA,NA,NA,NA,NA,
NA,NA,NA,NA,NA,NA,NA,NA,NA,NA,NA,NA,NA,NA,NA,NA,NA,NA,NA,NA,NA,NA,NA,NA,NA,NA,NA,NA,NA,NA,NA,NA,NA,NA,NA, -3.40552E-02, -3.47128E-02, -3.53778E-02, -3.60482E-02, -3.67212E-02, -3.73942E-02, -3.80639E-02, -3.87266E-02, -3.93785E-02, -4.00152E-02, -4.06324E-02, -4.12253E-02, -4.17892E-02, -4.23192E-02, -4.28107E-02, -4.32593E-02, -4.36607E-02, -4.40112E-02, -4.43076E-02, -4.45473E-02, -4.47282E-02, -4.48492E-02, -4.49096E-02, -4.49097E-02, -4.48503E-02, -4.47330E-02, -4.45599E-02, -4.43337E-02, -4.40573E-02, -4.37342E-02, -4.33681E-02, -4.29627E-02, -4.25221E-02, -4.20501E-02, -4.15506E-02, -4.10274E-02, -4.04842E-02, -3.99243E-02, -3.93510E-02, -3.87674E-02, -3.81762E-02,NA,NA,NA,NA,NA,NA,NA,NA,NA,
NA,NA,NA,NA,NA,NA,NA,NA,NA,NA,NA,NA,NA,NA,NA,NA,NA,NA,NA,NA,NA,NA,NA,NA,NA,NA,NA,NA,NA,NA,NA,NA,NA,NA,NA,NA, -3.39839E-02, -3.46043E-02, -3.52280E-02, -3.58526E-02, -3.64755E-02, -3.70937E-02, -3.77040E-02, -3.83028E-02, -3.88865E-02, -3.94510E-02, -3.99923E-02, -4.05063E-02, -4.09889E-02, -4.14360E-02, -4.18438E-02, -4.22087E-02, -4.25276E-02, -4.27977E-02, -4.30167E-02, -4.31829E-02, -4.32952E-02, -4.33532E-02, -4.33569E-02, -4.33070E-02, -4.32048E-02, -4.30520E-02, -4.28508E-02, -4.26039E-02, -4.23140E-02, -4.19843E-02, -4.16181E-02, -4.12188E-02, -4.07898E-02, -4.03345E-02, -3.98563E-02, -3.93584E-02, -3.88438E-02, -3.83156E-02, -3.77764E-02,NA,NA,NA,NA,NA,NA,NA,NA,NA,NA,
NA,NA,NA,NA,NA,NA,NA,NA,NA,NA,NA,NA,NA,NA,NA,NA,NA,NA,NA,NA,NA,NA,NA,NA,NA,NA,NA,NA,NA,NA,NA,NA,NA,NA,NA,NA,NA,NA, -3.44344E-02, -3.50147E-02, -3.55919E-02, -3.61635E-02, -3.67265E-02, -3.72777E-02, -3.78138E-02, -3.83314E-02, -3.88270E-02, -3.92968E-02, -3.97373E-02, -4.01452E-02, -4.05170E-02, -4.08497E-02, -4.11407E-02, -4.13874E-02, -4.15880E-02, -4.17411E-02, -4.18455E-02, -4.19009E-02, -4.19074E-02, -4.18654E-02, -4.17760E-02, -4.16406E-02, -4.14612E-02, -4.12398E-02, -4.09789E-02, -4.06812E-02, -4.03495E-02, -3.99868E-02, -3.95961E-02, -3.91803E-02, -3.87424E-02, -3.82852E-02, -3.78117E-02,NA,NA,NA,NA,NA,NA,NA,NA,NA,NA,NA,NA,
NA,NA,NA,NA,NA,NA,NA,NA,NA,NA,NA,NA,NA,NA,NA,NA,NA,NA,NA,NA,NA,NA,NA,NA,NA,NA,NA,NA,NA,NA,NA,NA,NA,NA,NA,NA,NA,NA,NA,NA, -3.47425E-02, -3.52718E-02, -3.57920E-02, -3.63003E-02, -3.67938E-02, -3.72695E-02, -3.77241E-02, -3.81546E-02, -3.85578E-02, -3.89309E-02, -3.92708E-02, -3.95750E-02, -3.98412E-02, -4.00672E-02, -4.02515E-02, -4.03926E-02, -4.04899E-02, -4.05427E-02, -4.05513E-02, -4.05159E-02, -4.04374E-02, -4.03171E-02, -4.01565E-02, -3.99574E-02, -3.97220E-02, -3.94524E-02, -3.91513E-02, -3.88211E-02, -3.84645E-02, -3.80840E-02, -3.76823E-02,NA,NA,NA,NA,NA,NA,NA,NA,NA,NA,NA,NA,NA,NA,
NA,NA,NA,NA,NA,NA,NA,NA,NA,NA,NA,NA,NA,NA,NA,NA,NA,NA,NA,NA,NA,NA,NA,NA,NA,NA,NA,NA,NA,NA,NA,NA,NA,NA,NA,NA,NA,NA,NA,NA,NA,NA, -3.48983E-02, -3.53680E-02, -3.58231E-02, -3.62611E-02, -3.66792E-02, -3.70745E-02, -3.74446E-02, -3.77866E-02, -3.80982E-02, -3.83771E-02, -3.86212E-02, -3.88288E-02, -3.89984E-02, -3.91288E-02, -3.92195E-02, -3.92698E-02, -3.92799E-02, -3.92500E-02, -3.91810E-02, -3.90737E-02, -3.89295E-02, -3.87499E-02, -3.85369E-02, -3.82922E-02, -3.80182E-02, -3.77169E-02, -3.73907E-02,NA,NA,NA,NA,NA,NA,NA,NA,NA,NA,NA,NA,NA,NA,NA,NA,
NA,NA,NA,NA,NA,NA,NA,NA,NA,NA,NA,NA,NA,NA,NA,NA,NA,NA,NA,NA,NA,NA,NA,NA,NA,NA,NA,NA,NA,NA,NA,NA,NA,NA,NA,NA,NA,NA,NA,NA,NA,NA,NA,NA,NA, -3.53027E-02, -3.56879E-02, -3.60519E-02, -3.63922E-02, -3.67066E-02, -3.69929E-02, -3.72492E-02, -3.74736E-02, -3.76647E-02, -3.78211E-02, -3.79420E-02, -3.80265E-02, -3.80744E-02, -3.80856E-02, -3.80604E-02, -3.79994E-02, -3.79034E-02, -3.77736E-02, -3.76112E-02, -3.74179E-02, -3.71953E-02,NA,NA,NA,NA,NA,NA,NA,NA,NA,NA,NA,NA,NA,NA,NA,NA,NA,NA,NA,
NA,NA,NA,NA,NA,NA,NA,NA,NA,NA,NA,NA,NA,NA,NA,NA,NA,NA,NA,NA,NA,NA,NA,NA,NA,NA,NA,NA,NA,NA,NA,NA,NA,NA,NA,NA,NA,NA,NA,NA,NA,NA,NA,NA,NA,NA,NA,NA,NA,NA, -3.59494E-02, -3.61854E-02, -3.63922E-02, -3.65685E-02, -3.67131E-02, -3.68252E-02, -3.69041E-02, -3.69497E-02, -3.69617E-02, -3.69404E-02, -3.68864E-02,NA,NA,NA,NA,NA,NA,NA,NA,NA,NA,NA,NA,NA,NA,NA,NA,NA,NA,NA,NA,NA,NA,NA,NA,
NA,NA,NA,NA,NA,NA,NA,NA,NA,NA,NA,NA,NA,NA,NA,NA,NA,NA,NA,NA,NA,NA,NA,NA,NA,NA,NA,NA,NA,NA,NA,NA,NA,NA,NA,NA,NA,NA,NA,NA,NA,NA,NA,NA,NA,NA,NA,NA,NA,NA,NA,NA,NA,NA,NA,NA,NA,NA,NA,NA,NA,NA,NA,NA,NA,NA,NA,NA,NA,NA,NA,NA,NA,NA,NA,NA,NA,NA,NA,NA,NA,NA,NA,NA,NA,
NA,NA,NA,NA,NA,NA,NA,NA,NA,NA,NA,NA,NA,NA,NA,NA,NA,NA,NA,NA,NA,NA,NA,NA,NA,NA,NA,NA,NA,NA,NA,NA,NA,NA,NA,NA,NA,NA,NA,NA,NA,NA,NA,NA,NA,NA,NA,NA,NA,NA,NA,NA,NA,NA,NA,NA,NA,NA,NA,NA,NA,NA,NA,NA,NA,NA,NA,NA,NA,NA,NA,NA,NA,NA,NA,NA,NA,NA,NA,NA,NA,NA,NA,NA,NA,
