NA,NA,NA,NA,NA,NA,NA,NA,NA,NA,NA,NA,NA,NA,NA,NA,NA,NA,NA,  2.65848E-02,  2.67358E-02,  2.68780E-02,  2.70096E-02,  2.71284E-02,  2.72323E-02,  2.73187E-02,  2.73851E-02,  2.74288E-02,  2.74469E-02,  2.74369E-02,  2.73960E-02,  2.73219E-02,  2.72125E-02,  2.70658E-02,  2.68806E-02,  2.66559E-02,  2.63912E-02,  2.60868E-02,  2.57431E-02,  2.53615E-02,  2.49435E-02,  2.44914E-02,  2.40076E-02,  2.34951E-02,  2.29571E-02,  2.23968E-02,  2.18179E-02,NA,NA,NA,NA,NA,NA,NA,NA,NA,NA,NA,NA,NA,NA,NA,NA,NA,NA,NA,NA,NA,NA,NA,NA,NA,NA,NA,NA,NA,
NA,NA,NA,NA,NA,NA,NA,NA,NA,NA,NA,NA,NA,NA,NA,NA,NA,  2.69187E-02,  2.71024E-02,  2.72810E-02,  2.74531E-02,  2.76172E-02,  2.77711E-02,  2.79125E-02,  2.80391E-02,  2.81478E-02,  2.82357E-02,  2.82996E-02,  2.83362E-02,  2.83424E-02,  2.83149E-02,  2.82510E-02,  2.81480E-02,  2.80037E-02,  2.78164E-02,  2.75850E-02,  2.73090E-02,  2.69883E-02,  2.66238E-02,  2.62168E-02,  2.57692E-02,  2.52836E-02,  2.47628E-02,  2.42103E-02,  2.36297E-02,  2.30250E-02,  2.24001E-02,  2.17593E-02,  2.11065E-02,NA,NA,NA,NA,NA,NA,NA,NA,NA,NA,NA,NA,NA,NA,NA,NA,NA,NA,NA,NA,NA,NA,NA,NA,NA,NA,NA,
NA,NA,NA,NA,NA,NA,NA,NA,NA,NA,NA,NA,NA,NA,NA,  2.71821E-02,  2.73914E-02,  2.75988E-02,  2.78036E-02,  2.80045E-02,  2.82001E-02,  2.83886E-02,  2.85679E-02,  2.87353E-02,  2.88880E-02,  2.90226E-02,  2.91357E-02,  2.92236E-02,  2.92824E-02,  2.93082E-02,  2.92973E-02,  2.92462E-02,  2.91518E-02,  2.90113E-02,  2.88229E-02,  2.85849E-02,  2.82968E-02,  2.79585E-02,  2.75711E-02,  2.71359E-02,  2.66553E-02,  2.61322E-02,  2.55701E-02,  2.49728E-02,  2.43448E-02,  2.36904E-02,  2.30143E-02,  2.23213E-02,  2.16160E-02,  2.09031E-02,  2.01868E-02,NA,NA,NA,NA,NA,NA,NA,NA,NA,NA,NA,NA,NA,NA,NA,NA,NA,NA,NA,NA,NA,NA,NA,NA,NA,
NA,NA,NA,NA,NA,NA,NA,NA,NA,NA,NA,NA,NA,NA,  2.76153E-02,  2.78444E-02,  2.80737E-02,  2.83026E-02,  2.85304E-02,  2.87559E-02,  2.89777E-02,  2.91937E-02,  2.94018E-02,  2.95989E-02,  2.97818E-02,  2.99467E-02,  3.00895E-02,  3.02058E-02,  3.02910E-02,  3.03406E-02,  3.03500E-02,  3.03150E-02,  3.02318E-02,  3.00972E-02,  2.99085E-02,  2.96642E-02,  2.93632E-02,  2.90058E-02,  2.85928E-02,  2.81261E-02,  2.76085E-02,  2.70433E-02,  2.64347E-02,  2.57872E-02,  2.51059E-02,  2.43959E-02,  2.36626E-02,  2.29115E-02,  2.21479E-02,  2.13769E-02,  2.06035E-02,  1.98324E-02,NA,NA,NA,NA,NA,NA,NA,NA,NA,NA,NA,NA,NA,NA,NA,NA,NA,NA,NA,NA,NA,NA,NA,NA,
NA,NA,NA,NA,NA,NA,NA,NA,NA,NA,NA,NA,  2.77864E-02,  2.80316E-02,  2.82786E-02,  2.85275E-02,  2.87782E-02,  2.90303E-02,  2.92832E-02,  2.95358E-02,  2.97867E-02,  3.00338E-02,  3.02745E-02,  3.05057E-02,  3.07236E-02,  3.09238E-02,  3.11017E-02,  3.12518E-02,  3.13689E-02,  3.14473E-02,  3.14816E-02,  3.14667E-02,  3.13979E-02,  3.12713E-02,  3.10837E-02,  3.08332E-02,  3.05185E-02,  3.01398E-02,  2.96983E-02,  2.91962E-02,  2.86367E-02,  2.80240E-02,  2.73628E-02,  2.66586E-02,  2.59172E-02,  2.51447E-02,  2.43473E-02,  2.35313E-02,  2.27027E-02,  2.18674E-02,  2.10309E-02,  2.01984E-02,  1.93747E-02,  1.85640E-02,NA,NA,NA,NA,NA,NA,NA,NA,NA,NA,NA,NA,NA,NA,NA,NA,NA,NA,NA,NA,NA,NA,
NA,NA,NA,NA,NA,NA,NA,NA,NA,NA,NA,  2.81727E-02,  2.84328E-02,  2.86957E-02,  2.89618E-02,  2.92316E-02,  2.95050E-02,  2.97821E-02,  3.00623E-02,  3.03448E-02,  3.06280E-02,  3.09100E-02,  3.11880E-02,  3.14584E-02,  3.17170E-02,  3.19588E-02,  3.21780E-02,  3.23686E-02,  3.25240E-02,  3.26374E-02,  3.27023E-02,  3.27123E-02,  3.26619E-02,  3.25461E-02,  3.23612E-02,  3.21046E-02,  3.17751E-02,  3.13727E-02,  3.08989E-02,  3.03564E-02,  2.97492E-02,  2.90823E-02,  2.83612E-02,  2.75926E-02,  2.67832E-02,  2.59402E-02,  2.50707E-02,  2.41820E-02,  2.32809E-02,  2.23741E-02,  2.14678E-02,  2.05678E-02,  1.96792E-02,  1.88069E-02,  1.79549E-02,NA,NA,NA,NA,NA,NA,NA,NA,NA,NA,NA,NA,NA,NA,NA,NA,NA,NA,NA,NA,NA,
NA,NA,NA,NA,NA,NA,NA,NA,NA,NA,  2.85475E-02,  2.88210E-02,  2.90980E-02,  2.93792E-02,  2.96652E-02,  2.99568E-02,  3.02544E-02,  3.05582E-02,  3.08680E-02,  3.11832E-02,  3.15026E-02,  3.18239E-02,  3.21444E-02,  3.24601E-02,  3.27662E-02,  3.30569E-02,  3.33256E-02,  3.35647E-02,  3.37664E-02,  3.39225E-02,  3.40250E-02,  3.40661E-02,  3.40388E-02,  3.39372E-02,  3.37568E-02,  3.34943E-02,  3.31483E-02,  3.27189E-02,  3.22081E-02,  3.16193E-02,  3.09572E-02,  3.02279E-02,  2.94382E-02,  2.85960E-02,  2.77092E-02,  2.67862E-02,  2.58354E-02,  2.48649E-02,  2.38827E-02,  2.28963E-02,  2.19127E-02,  2.09381E-02,  1.99785E-02,  1.90388E-02,  1.81236E-02,  1.72368E-02,NA,NA,NA,NA,NA,NA,NA,NA,NA,NA,NA,NA,NA,NA,NA,NA,NA,NA,NA,NA,
NA,NA,NA,NA,NA,NA,NA,NA,NA,  2.89125E-02,  2.91986E-02,  2.94883E-02,  2.97826E-02,  3.00824E-02,  3.03889E-02,  3.07032E-02,  3.10262E-02,  3.13585E-02,  3.17004E-02,  3.20516E-02,  3.24112E-02,  3.27771E-02,  3.31463E-02,  3.35146E-02,  3.38765E-02,  3.42253E-02,  3.45530E-02,  3.48508E-02,  3.51089E-02,  3.53174E-02,  3.54663E-02,  3.55460E-02,  3.55479E-02,  3.54648E-02,  3.52908E-02,  3.50224E-02,  3.46577E-02,  3.41971E-02,  3.36432E-02,  3.30002E-02,  3.22742E-02,  3.14725E-02,  3.06035E-02,  2.96765E-02,  2.87010E-02,  2.76869E-02,  2.66439E-02,  2.55813E-02,  2.45082E-02,  2.34330E-02,  2.23635E-02,  2.13067E-02,  2.02690E-02,  1.92558E-02,  1.82720E-02,  1.73217E-02,  1.64080E-02,NA,NA,NA,NA,NA,NA,NA,NA,NA,NA,NA,NA,NA,NA,NA,NA,NA,NA,NA,
NA,NA,NA,NA,NA,NA,NA,NA,  2.92695E-02,  2.95678E-02,  2.98694E-02,  3.01754E-02,  3.04870E-02,  3.08058E-02,  3.11332E-02,  3.14710E-02,  3.18205E-02,  3.21831E-02,  3.25597E-02,  3.29505E-02,  3.33550E-02,  3.37713E-02,  3.41967E-02,  3.46264E-02,  3.50544E-02,  3.54726E-02,  3.58718E-02,  3.62410E-02,  3.65684E-02,  3.68416E-02,  3.70481E-02,  3.71761E-02,  3.72147E-02,  3.71550E-02,  3.69900E-02,  3.67151E-02,  3.63285E-02,  3.58310E-02,  3.52259E-02,  3.45187E-02,  3.37172E-02,  3.28304E-02,  3.18688E-02,  3.08434E-02,  2.97657E-02,  2.86472E-02,  2.74991E-02,  2.63323E-02,  2.51570E-02,  2.39826E-02,  2.28177E-02,  2.16700E-02,  2.05466E-02,  1.94532E-02,  1.83949E-02,  1.73761E-02,  1.63999E-02,  1.54691E-02,NA,NA,NA,NA,NA,NA,NA,NA,NA,NA,NA,NA,NA,NA,NA,NA,NA,NA,
NA,NA,NA,NA,NA,NA,NA,  2.96196E-02,  2.99304E-02,  3.02438E-02,  3.05609E-02,  3.08832E-02,  3.12123E-02,  3.15501E-02,  3.18988E-02,  3.22606E-02,  3.26377E-02,  3.30324E-02,  3.34463E-02,  3.38806E-02,  3.43353E-02,  3.48093E-02,  3.52997E-02,  3.58018E-02,  3.63085E-02,  3.68107E-02,  3.72970E-02,  3.77541E-02,  3.81674E-02,  3.85212E-02,  3.87999E-02,  3.89884E-02,  3.90734E-02,  3.90434E-02,  3.88898E-02,  3.86074E-02,  3.81943E-02,  3.76517E-02,  3.69844E-02,  3.61997E-02,  3.53076E-02,  3.43196E-02,  3.32485E-02,  3.21079E-02,  3.09113E-02,  2.96724E-02,  2.84042E-02,  2.71190E-02,  2.58284E-02,  2.45429E-02,  2.32719E-02,  2.20238E-02,  2.08062E-02,  1.96252E-02,  1.84862E-02,  1.73936E-02,  1.63507E-02,  1.53601E-02,  1.44234E-02,NA,NA,NA,NA,NA,NA,NA,NA,NA,NA,NA,NA,NA,NA,NA,NA,NA,
NA,NA,NA,NA,NA,NA,  2.99635E-02,  3.02876E-02,  3.06134E-02,  3.09420E-02,  3.12748E-02,  3.16133E-02,  3.19598E-02,  3.23166E-02,  3.26866E-02,  3.30728E-02,  3.34785E-02,  3.39069E-02,  3.43610E-02,  3.48431E-02,  3.53543E-02,  3.58943E-02,  3.64608E-02,  3.70487E-02,  3.76504E-02,  3.82550E-02,  3.88489E-02,  3.94155E-02,  3.99365E-02,  4.03919E-02,  4.07618E-02,  4.10271E-02,  4.11706E-02,  4.11780E-02,  4.10387E-02,  4.07465E-02,  4.02996E-02,  3.97005E-02,  3.89559E-02,  3.80759E-02,  3.70732E-02,  3.59629E-02,  3.47608E-02,  3.34836E-02,  3.21477E-02,  3.07690E-02,  2.93625E-02,  2.79424E-02,  2.65214E-02,  2.51111E-02,  2.37219E-02,  2.23628E-02,  2.10417E-02,  1.97652E-02,  1.85387E-02,  1.73668E-02,  1.62527E-02,  1.51988E-02,  1.42066E-02,  1.32767E-02,NA,NA,NA,NA,NA,NA,NA,NA,NA,NA,NA,NA,NA,NA,NA,NA,
NA,NA,NA,NA,NA,  3.03009E-02,  3.06396E-02,  3.09792E-02,  3.13205E-02,  3.16646E-02,  3.20130E-02,  3.23678E-02,  3.27315E-02,  3.31071E-02,  3.34982E-02,  3.39090E-02,  3.43440E-02,  3.48078E-02,  3.53052E-02,  3.58399E-02,  3.64149E-02,  3.70312E-02,  3.76872E-02,  3.83783E-02,  3.90958E-02,  3.98271E-02,  4.05555E-02,  4.12604E-02,  4.19182E-02,  4.25034E-02,  4.29901E-02,  4.33535E-02,  4.35714E-02,  4.36258E-02,  4.35034E-02,  4.31972E-02,  4.27057E-02,  4.20335E-02,  4.11903E-02,  4.01901E-02,  3.90501E-02,  3.77894E-02,  3.64285E-02,  3.49877E-02,  3.34868E-02,  3.19445E-02,  3.03781E-02,  2.88033E-02,  2.72344E-02,  2.56838E-02,  2.41628E-02,  2.26807E-02,  2.12460E-02,  1.98653E-02,  1.85442E-02,  1.72871E-02,  1.60973E-02,  1.49767E-02,  1.39264E-02,  1.29470E-02,  1.20376E-02,NA,NA,NA,NA,NA,NA,NA,NA,NA,NA,NA,NA,NA,NA,NA,
NA,NA,NA,NA,  3.06306E-02,  3.09858E-02,  3.13411E-02,  3.16970E-02,  3.20543E-02,  3.24142E-02,  3.27786E-02,  3.31496E-02,  3.35302E-02,  3.39243E-02,  3.43364E-02,  3.47717E-02,  3.52366E-02,  3.57375E-02,  3.62813E-02,  3.68743E-02,  3.75218E-02,  3.82268E-02,  3.89894E-02,  3.98056E-02,  4.06662E-02,  4.15563E-02,  4.24554E-02,  4.33374E-02,  4.41718E-02,  4.49251E-02,  4.55634E-02,  4.60537E-02,  4.63673E-02,  4.64805E-02,  4.63774E-02,  4.60495E-02,  4.54969E-02,  4.47273E-02,  4.37551E-02,  4.26002E-02,  4.12858E-02,  3.98374E-02,  3.82809E-02,  3.66417E-02,  3.49435E-02,  3.32082E-02,  3.14554E-02,  2.97026E-02,  2.79652E-02,  2.62565E-02,  2.45882E-02,  2.29700E-02,  2.14104E-02,  1.99162E-02,  1.84929E-02,  1.71447E-02,  1.58743E-02,  1.46837E-02,  1.35734E-02,  1.25432E-02,  1.15918E-02,  1.07175E-02,NA,NA,NA,NA,NA,NA,NA,NA,NA,NA,NA,NA,NA,NA,
NA,NA,NA,NA,  3.13245E-02,  3.16977E-02,  3.20707E-02,  3.24438E-02,  3.28180E-02,  3.31945E-02,  3.35751E-02,  3.39626E-02,  3.43602E-02,  3.47726E-02,  3.52053E-02,  3.56652E-02,  3.61605E-02,  3.67001E-02,  3.72939E-02,  3.79516E-02,  3.86817E-02,  3.94908E-02,  4.03816E-02,  4.13514E-02,  4.23909E-02,  4.34830E-02,  4.46020E-02,  4.57146E-02,  4.67806E-02,  4.77555E-02,  4.85934E-02,  4.92505E-02,  4.96881E-02,  4.98755E-02,  4.97925E-02,  4.94301E-02,  4.87908E-02,  4.78876E-02,  4.67424E-02,  4.53836E-02,  4.38437E-02,  4.21565E-02,  4.03557E-02,  3.84726E-02,  3.65360E-02,  3.45710E-02,  3.25998E-02,  3.06411E-02,  2.87112E-02,  2.68238E-02,  2.49907E-02,  2.32217E-02,  2.15250E-02,  1.99073E-02,  1.83737E-02,  1.69280E-02,  1.55726E-02,  1.43087E-02,  1.31364E-02,  1.20547E-02,  1.10619E-02,  1.01549E-02,NA,NA,NA,NA,NA,NA,NA,NA,NA,NA,NA,NA,NA,NA,
NA,NA,NA,  3.16530E-02,  3.20466E-02,  3.24393E-02,  3.28315E-02,  3.32233E-02,  3.36157E-02,  3.40099E-02,  3.44078E-02,  3.48124E-02,  3.52274E-02,  3.56581E-02,  3.61115E-02,  3.65961E-02,  3.71224E-02,  3.77027E-02,  3.83505E-02,  3.90801E-02,  3.99053E-02,  4.08374E-02,  4.18836E-02,  4.30441E-02,  4.43104E-02,  4.56627E-02,  4.70695E-02,  4.84872E-02,NA,NA,NA,NA,NA,NA,NA,NA,NA,NA,  5.02785E-02,  4.86455E-02,  4.68079E-02,  4.48119E-02,  4.27010E-02,  4.05146E-02,  3.82868E-02,  3.60464E-02,  3.38173E-02,  3.16194E-02,  2.94688E-02,  2.73791E-02,  2.53614E-02,  2.34252E-02,  2.15780E-02,  1.98259E-02,  1.81734E-02,  1.66239E-02,  1.51788E-02,  1.38388E-02,  1.26031E-02,  1.14700E-02,  1.04363E-02,  9.49877E-03,  8.65290E-03,NA,NA,NA,NA,NA,NA,NA,NA,NA,NA,NA,NA,NA,
NA,NA,  3.19681E-02,  3.23842E-02,  3.27996E-02,  3.32139E-02,  3.36272E-02,  3.40399E-02,  3.44524E-02,  3.48663E-02,  3.52832E-02,  3.57063E-02,  3.61399E-02,  3.65901E-02,  3.70649E-02,  3.75749E-02,  3.81334E-02,  3.87567E-02,  3.94633E-02,  4.02736E-02,  4.12086E-02,  4.22870E-02,  4.35231E-02,  4.49227E-02,  4.64795E-02,NA,NA,NA,NA,NA,NA,NA,NA,NA,NA,NA,NA,NA,NA,NA,NA,  4.78883E-02,  4.53786E-02,  4.28103E-02,  4.02235E-02,  3.76501E-02,  3.51152E-02,  3.26380E-02,  3.02336E-02,  2.79143E-02,  2.56898E-02,  2.35681E-02,  2.15556E-02,  1.96575E-02,  1.78773E-02,  1.62172E-02,  1.46781E-02,  1.32595E-02,  1.19595E-02,  1.07753E-02,  9.70294E-03,  8.73748E-03,  7.87354E-03,  7.10512E-03,NA,NA,NA,NA,NA,NA,NA,NA,NA,NA,NA,NA,
NA,NA,  3.27067E-02,  3.31470E-02,  3.35866E-02,  3.40250E-02,  3.44624E-02,  3.48986E-02,  3.53344E-02,  3.57708E-02,  3.62098E-02,  3.66543E-02,  3.71093E-02,  3.75814E-02,  3.80799E-02,  3.86176E-02,  3.92110E-02,  3.98808E-02,  4.06522E-02,  4.15537E-02,  4.26162E-02,  4.38695E-02,  4.53390E-02,NA,NA,NA,NA,NA,NA,NA,NA,NA,NA,NA,NA,NA,NA,NA,NA,NA,NA,NA,NA,  4.54121E-02,  4.23791E-02,  3.94008E-02,  3.65011E-02,  3.36969E-02,  3.10002E-02,  2.84200E-02,  2.59633E-02,  2.36358E-02,  2.14420E-02,  1.93853E-02,  1.74678E-02,  1.56906E-02,  1.40533E-02,  1.25540E-02,  1.11897E-02,  9.95588E-03,  8.84752E-03,  7.85811E-03,  6.98090E-03,  6.20845E-03,NA,NA,NA,NA,NA,NA,NA,NA,NA,NA,NA,NA,
NA,  3.30098E-02,  3.34770E-02,  3.39443E-02,  3.44111E-02,  3.48770E-02,  3.53419E-02,  3.58058E-02,  3.62690E-02,  3.67326E-02,  3.71984E-02,  3.76696E-02,  3.81512E-02,  3.86503E-02,  3.91779E-02,  3.97485E-02,  4.03821E-02,  4.11049E-02,  4.19495E-02,  4.29552E-02,  4.41662E-02,  4.56289E-02,NA,NA,NA,NA,NA,NA,NA,NA,NA,NA,NA,NA,NA,NA,NA,NA,NA,NA,NA,NA,NA,NA,  4.47922E-02,  4.13192E-02,  3.79834E-02,  3.47955E-02,  3.17614E-02,  2.88845E-02,  2.61671E-02,  2.36113E-02,  2.12185E-02,  1.89897E-02,  1.69253E-02,  1.50244E-02,  1.32850E-02,  1.17036E-02,  1.02756E-02,  8.99487E-03,  7.85450E-03,  6.84639E-03,  5.96206E-03,  5.19255E-03,  4.52847E-03,NA,NA,NA,NA,NA,NA,NA,NA,NA,NA,NA,
NA,  3.37846E-02,  3.42813E-02,  3.47789E-02,  3.52767E-02,  3.57743E-02,  3.62716E-02,  3.67683E-02,  3.72649E-02,  3.77624E-02,  3.82627E-02,  3.87689E-02,  3.92863E-02,  3.98226E-02,  4.03895E-02,  4.10038E-02,  4.16887E-02,  4.24760E-02,  4.34070E-02,  4.45341E-02,NA,NA,NA,NA,NA,NA,NA,NA,NA,NA,NA,NA,NA,NA,NA,NA,NA,NA,NA,NA,NA,NA,NA,NA,NA,NA,  3.95697E-02,  3.59315E-02,  3.25081E-02,  2.92939E-02,  2.62840E-02,  2.34747E-02,  2.08636E-02,  1.84484E-02,  1.62267E-02,  1.41956E-02,  1.23508E-02,  1.06868E-02,  9.19706E-03,  7.87335E-03,  6.70651E-03,  5.68665E-03,  4.80296E-03,  4.04459E-03,  3.40055E-03,NA,NA,NA,NA,NA,NA,NA,NA,NA,NA,NA,
  3.40650E-02,  3.45924E-02,  3.51223E-02,  3.56539E-02,  3.61873E-02,  3.67217E-02,  3.72572E-02,  3.77938E-02,  3.83320E-02,  3.88731E-02,  3.94192E-02,  3.99737E-02,  4.05421E-02,  4.11328E-02,  4.17584E-02,  4.24370E-02,  4.31946E-02,  4.40681E-02,  4.51080E-02,NA,NA,NA,NA,NA,NA,NA,NA,NA,NA,NA,NA,NA,NA,NA,NA,NA,NA,NA,NA,NA,NA,NA,NA,NA,NA,NA,NA,  3.71009E-02,  3.32289E-02,  2.96315E-02,  2.62933E-02,  2.32030E-02,  2.03526E-02,  1.77354E-02,  1.53458E-02,  1.31780E-02,  1.12251E-02,  9.47934E-03,  7.93116E-03,  6.57007E-03,  5.38438E-03,  4.36135E-03,  3.48813E-03,  2.75130E-03,  2.13782E-03,  1.63484E-03,NA,NA,NA,NA,NA,NA,NA,NA,NA,NA,
  3.48725E-02,  3.54353E-02,  3.60020E-02,  3.65726E-02,  3.71467E-02,  3.77241E-02,  3.83054E-02,  3.88908E-02,  3.94816E-02,  4.00796E-02,  4.06877E-02,  4.13103E-02,  4.19540E-02,  4.26277E-02,  4.33452E-02,  4.41252E-02,  4.49956E-02,  4.59964E-02,NA,NA,NA,NA,NA,NA,NA,NA,NA,NA,NA,NA,NA,NA,NA,NA,NA,NA,NA,NA,NA,NA,NA,NA,NA,NA,NA,NA,NA,NA,  3.39091E-02,  2.98772E-02,  2.61711E-02,  2.27692E-02,  1.96564E-02,  1.68205E-02,  1.42520E-02,  1.19415E-02,  9.87890E-03,  8.05326E-03,  6.45201E-03,  5.06128E-03,  3.86633E-03,  2.85147E-03,  2.00069E-03,  1.29806E-03,  7.27936E-04,  2.75145E-04,NA,NA,NA,NA,NA,NA,NA,NA,NA,NA,
  3.57131E-02,  3.63151E-02,  3.69232E-02,  3.75377E-02,  3.81586E-02,  3.87865E-02,  3.94224E-02,  4.00679E-02,  4.07252E-02,  4.13980E-02,  4.20909E-02,  4.28105E-02,  4.35657E-02,  4.43679E-02,  4.52321E-02,  4.61782E-02,  4.72331E-02,NA,NA,NA,NA,NA,NA,NA,NA,NA,NA,NA,NA,NA,NA,NA,NA,NA,NA,NA,NA,NA,NA,NA,NA,NA,NA,NA,NA,NA,NA,NA,  3.45303E-02,  3.00072E-02,  2.58893E-02,  2.21420E-02,  1.87413E-02,  1.56689E-02,  1.29101E-02,  1.04513E-02,  8.27865E-03,  6.37710E-03,  4.73026E-03,  3.32038E-03,  2.12876E-03,  1.13606E-03,  3.22696E-04, -3.30548E-04, -8.42277E-04, -1.22994E-03,NA,NA,NA,NA,NA,NA,NA,NA,NA,NA,
  3.65879E-02,  3.72333E-02,  3.78877E-02,  3.85518E-02,  3.92264E-02,  3.99132E-02,  4.06145E-02,  4.13334E-02,  4.20747E-02,  4.28451E-02,  4.36531E-02,  4.45101E-02,  4.54300E-02,  4.64297E-02,  4.75281E-02,NA,NA,NA,NA,NA,NA,NA,NA,NA,NA,NA,NA,NA,NA,NA,NA,NA,NA,NA,NA,NA,NA,NA,NA,NA,NA,NA,NA,NA,NA,NA,NA,NA,NA,  2.99936E-02,  2.54152E-02,  2.12851E-02,  1.75687E-02,  1.42402E-02,  1.12794E-02,  8.66753E-03,  6.38592E-03,  4.41482E-03,  2.73290E-03,  1.31762E-03,  1.45428E-04, -8.07657E-04, -1.56539E-03, -2.15078E-03, -2.58588E-03, -2.89123E-03, -3.08552E-03,NA,NA,NA,NA,NA,NA,NA,NA,NA,
  3.74980E-02,  3.81912E-02,  3.88971E-02,  3.96170E-02,  4.03529E-02,  4.11081E-02,  4.18865E-02,  4.26946E-02,  4.35409E-02,  4.44375E-02,  4.53997E-02,  4.64478E-02,  4.76065E-02,  4.89039E-02,NA,NA,NA,NA,NA,NA,NA,NA,NA,NA,NA,NA,NA,NA,NA,NA,NA,NA,NA,NA,NA,NA,NA,NA,NA,NA,NA,NA,NA,NA,NA,NA,NA,NA,NA,NA,  2.47110E-02,  2.01565E-02,  1.60933E-02,  1.24879E-02,  9.31307E-03,  6.54437E-03,  4.15717E-03,  2.12590E-03,  4.23120E-04, -9.79853E-04, -2.11250E-03, -3.00425E-03, -3.68410E-03, -4.17968E-03, -4.51684E-03, -4.71944E-03, -4.80910E-03,NA,NA,NA,NA,NA,NA,NA,NA,NA,
  3.84442E-02,  3.91898E-02,  3.99525E-02,  4.07348E-02,  4.15401E-02,  4.23733E-02,  4.32421E-02,  4.41569E-02,  4.51322E-02,  4.61884E-02,  4.73527E-02,  4.86607E-02,  5.01566E-02,NA,NA,NA,NA,NA,NA,NA,NA,NA,NA,NA,NA,NA,NA,NA,NA,NA,NA,NA,NA,NA,NA,NA,NA,NA,NA,NA,NA,NA,NA,NA,NA,NA,NA,NA,NA,NA,  2.37342E-02,  1.87084E-02,  1.42642E-02,  1.03587E-02,  6.95765E-03,  4.02966E-03,  1.54309E-03, -5.35216E-04, -2.24012E-03, -3.60803E-03, -4.67572E-03, -5.47954E-03, -6.05475E-03, -6.43423E-03, -6.64839E-03, -6.72493E-03, -6.68824E-03,NA,NA,NA,NA,NA,NA,NA,NA,NA,
  3.94268E-02,  4.02296E-02,  4.10547E-02,  4.19058E-02,  4.27885E-02,  4.37103E-02,  4.46830E-02,  4.57226E-02,  4.68527E-02,  4.81061E-02,  4.95278E-02,  5.11783E-02,NA,NA,NA,NA,NA,NA,NA,NA,NA,NA,NA,NA,NA,NA,NA,NA,NA,NA,NA,NA,NA,NA,NA,NA,NA,NA,NA,NA,NA,NA,NA,NA,NA,NA,NA,NA,NA,NA,NA,  1.68874E-02,  1.20232E-02,  7.79265E-03,  4.15327E-03,  1.06544E-03, -1.51099E-03, -3.61836E-03, -5.30118E-03, -6.60543E-03, -7.57697E-03, -8.26063E-03, -8.69899E-03, -8.93130E-03, -8.99339E-03, -8.91684E-03, -8.72945E-03, -8.45494E-03,NA,NA,NA,NA,NA,NA,NA,NA,
  4.04460E-02,  4.13107E-02,  4.22036E-02,  4.31301E-02,  4.40979E-02,  4.51183E-02,  4.62077E-02,  4.73903E-02,  4.87011E-02,  5.01901E-02,  5.19284E-02,NA,NA,NA,NA,NA,NA,NA,NA,NA,NA,NA,NA,NA,NA,NA,NA,NA,NA,NA,NA,NA,NA,NA,NA,NA,NA,NA,NA,NA,NA,NA,NA,NA,NA,NA,NA,NA,NA,NA,NA,  1.46365E-02,  9.30858E-03,  4.72510E-03,  8.34730E-04, -2.41126E-03, -5.06385E-03, -7.17683E-03, -8.80702E-03, -1.00121E-02, -1.08494E-02, -1.13741E-02, -1.16375E-02, -1.16866E-02, -1.15630E-02, -1.13029E-02, -1.09373E-02, -1.04924E-02,NA,NA,NA,NA,NA,NA,NA,NA,
  4.15015E-02,  4.24326E-02,  4.33986E-02,  4.44065E-02,  4.54666E-02,  4.65942E-02,  4.78121E-02,  4.91536E-02,  5.06683E-02,  5.24290E-02,  5.45406E-02,NA,NA,NA,NA,NA,NA,NA,NA,NA,NA,NA,NA,NA,NA,NA,NA,NA,NA,NA,NA,NA,NA,NA,NA,NA,NA,NA,NA,NA,NA,NA,NA,NA,NA,NA,NA,NA,NA,NA,NA,  1.18993E-02,  6.05776E-03,  1.09014E-03, -3.06379E-03, -6.46427E-03, -9.17497E-03, -1.12644E-02, -1.28041E-02, -1.38671E-02, -1.45248E-02, -1.48447E-02, -1.48891E-02, -1.47134E-02, -1.43660E-02, -1.38881E-02, -1.33141E-02, -1.26724E-02,NA,NA,NA,NA,NA,NA,NA,NA,
  4.25927E-02,  4.35949E-02,  4.46387E-02,  4.57334E-02,  4.68918E-02,  4.81340E-02,  4.94891E-02,  5.10017E-02,  5.27380E-02,  5.47975E-02,NA,NA,NA,NA,NA,NA,NA,NA,NA,NA,NA,NA,NA,NA,NA,NA,NA,NA,NA,NA,NA,NA,NA,NA,NA,NA,NA,NA,NA,NA,NA,NA,NA,NA,NA,NA,NA,NA,NA,NA,NA,NA,  2.21748E-03, -3.16982E-03, -7.60202E-03, -1.11518E-02, -1.38988E-02, -1.59294E-02, -1.73343E-02, -1.82050E-02, -1.86302E-02, -1.86929E-02, -1.84678E-02, -1.80207E-02, -1.74071E-02, -1.66738E-02, -1.58586E-02, -1.49919E-02,NA,NA,NA,NA,NA,NA,NA,NA,
  4.37191E-02,  4.47964E-02,  4.59226E-02,  4.71085E-02,  4.83702E-02,  4.97318E-02,  5.12297E-02,  5.29196E-02,  5.48859E-02,  5.72579E-02,NA,NA,NA,NA,NA,NA,NA,NA,NA,NA,NA,NA,NA,NA,NA,NA,NA,NA,NA,NA,NA,NA,NA,NA,NA,NA,NA,NA,NA,NA,NA,NA,NA,NA,NA,NA,NA,NA,NA,NA,NA,NA,NA, -8.08931E-03, -1.28180E-02, -1.65132E-02, -1.92732E-02, -2.12064E-02, -2.24269E-02, -2.30493E-02, -2.31833E-02, -2.29304E-02, -2.23805E-02, -2.16106E-02, -2.06852E-02, -1.96564E-02, -1.85653E-02, -1.74441E-02,NA,NA,NA,NA,NA,NA,NA,NA,
  4.48797E-02,  4.60360E-02,  4.72486E-02,  4.85297E-02,  4.98980E-02,  5.13816E-02,  5.30235E-02,  5.48900E-02,  5.70834E-02,  5.97621E-02,NA,NA,NA,NA,NA,NA,NA,NA,NA,NA,NA,NA,NA,NA,NA,NA,NA,NA,NA,NA,NA,NA,NA,NA,NA,NA,NA,NA,NA,NA,NA,NA,NA,NA,NA,NA,NA,NA,NA,NA,NA,NA,NA,NA,NA,NA,NA, -2.71011E-02, -2.80871E-02, -2.84031E-02, -2.81845E-02, -2.75547E-02, -2.66216E-02, -2.54759E-02, -2.41910E-02, -2.28253E-02, -2.14231E-02, -2.00177E-02,NA,NA,NA,NA,NA,NA,NA,NA,
  4.60737E-02,  4.73130E-02,  4.86155E-02,  4.99950E-02,  5.14719E-02,  5.30777E-02,  5.48608E-02,  5.68962E-02,  5.93012E-02,NA,NA,NA,NA,NA,NA,NA,NA,NA,NA,NA,NA,NA,NA,NA,NA,NA,NA,NA,NA,NA,NA,NA,NA,NA,NA,NA,NA,NA,NA,NA,NA,NA,NA,NA,NA,NA,NA,NA,NA,NA,NA,NA,NA,NA,NA,NA,NA,NA,NA, -3.42365E-02, -3.36077E-02, -3.25424E-02, -3.11696E-02, -2.95955E-02, -2.79044E-02, -2.61614E-02, -2.44137E-02, -2.26955E-02,NA,NA,NA,NA,NA,NA,NA,NA,
  4.73001E-02,  4.86264E-02,  5.00225E-02,  5.15030E-02,  5.30898E-02,  5.48163E-02,  5.67345E-02,  5.89249E-02,  6.15150E-02,NA,NA,NA,NA,NA,NA,NA,NA,NA,NA,NA,NA,NA,NA,NA,NA,NA,NA,NA,NA,NA,NA,NA,NA,NA,NA,NA,NA,NA,NA,NA,NA,NA,NA,NA,NA,NA,NA,NA,NA,NA,NA,NA,NA,NA,NA,NA,NA,NA,NA,NA,NA, -3.78396E-02, -3.59787E-02, -3.39305E-02, -3.17919E-02, -2.96350E-02, -2.75110E-02, -2.54542E-02,NA,NA,NA,NA,NA,NA,NA,NA,
  4.85582E-02,  4.99757E-02,  5.14692E-02,  5.30537E-02,  5.47515E-02,  5.65967E-02,  5.86419E-02,  6.09698E-02,  6.37114E-02,NA,NA,NA,NA,NA,NA,NA,NA,NA,NA,NA,NA,NA,NA,NA,NA,NA,NA,NA,NA,NA,NA,NA,NA,NA,NA,NA,NA,NA,NA,NA,NA,NA,NA,NA,NA,NA,NA,NA,NA,NA,NA,NA,NA,NA,NA,NA,NA,NA,NA,NA,NA,NA, -4.09742E-02, -3.84201E-02, -3.58030E-02, -3.32042E-02, -3.06794E-02, -2.82638E-02,NA,NA,NA,NA,NA,NA,NA,NA,
  4.98473E-02,  5.13605E-02,  5.29559E-02,  5.46481E-02,  5.64588E-02,  5.84211E-02,  6.05862E-02,  6.30342E-02,  6.58920E-02,NA,NA,NA,NA,NA,NA,NA,NA,NA,NA,NA,NA,NA,NA,NA,NA,NA,NA,NA,NA,NA,NA,NA,NA,NA,NA,NA,NA,NA,NA,NA,NA,NA,NA,NA,NA,NA,NA,NA,NA,NA,NA,NA,NA,NA,NA,NA,NA,NA,NA,NA,NA,NA,NA, -4.29782E-02, -3.98695E-02, -3.68141E-02, -3.38742E-02, -3.10870E-02,NA,NA,NA,NA,NA,NA,NA,NA,
  5.11666E-02,  5.27809E-02,  5.44835E-02,  5.62883E-02,  5.82155E-02,  6.02959E-02,  6.25766E-02,  6.51312E-02,  6.80757E-02,NA,NA,NA,NA,NA,NA,NA,NA,NA,NA,NA,NA,NA,NA,NA,NA,NA,NA,NA,NA,NA,NA,NA,NA,NA,NA,NA,NA,NA,NA,NA,NA,NA,NA,NA,NA,NA,NA,NA,NA,NA,NA,NA,NA,NA,NA,NA,NA,NA,NA,NA,NA,NA,NA,NA, -4.39045E-02, -4.03966E-02, -3.70411E-02, -3.38801E-02,NA,NA,NA,NA,NA,NA,NA,NA,
  5.25149E-02,  5.42366E-02,  5.60531E-02,  5.79773E-02,  6.00273E-02,  6.22305E-02,  6.46280E-02,  6.72836E-02,  7.02973E-02,  7.38260E-02,NA,NA,NA,NA,NA,NA,NA,NA,NA,NA,NA,NA,NA,NA,NA,NA,NA,NA,NA,NA,NA,NA,NA,NA,NA,NA,NA,NA,NA,NA,NA,NA,NA,NA,NA,NA,NA,NA,NA,NA,NA,NA,NA,NA,NA,NA,NA,NA,NA,NA,NA,NA,NA,NA,NA, -4.38727E-02, -4.01189E-02, -3.65946E-02,NA,NA,NA,NA,NA,NA,NA,NA,
  5.38908E-02,  5.57272E-02,  5.76658E-02,  5.97183E-02,  6.19008E-02,  6.42363E-02,  6.67590E-02,  6.95211E-02,  7.26030E-02,  7.61299E-02,NA,NA,NA,NA,NA,NA,NA,NA,NA,NA,NA,NA,NA,NA,NA,NA,NA,NA,NA,NA,NA,NA,NA,NA,NA,NA,NA,NA,NA,NA,NA,NA,NA,NA,NA,NA,NA,NA,NA,NA,NA,NA,NA,NA,NA,NA,NA,NA,NA,NA,NA,NA,NA,NA,NA,NA, -4.30413E-02, -3.91786E-02,NA,NA,NA,NA,NA,NA,NA,NA,
  5.52921E-02,  5.72514E-02,  5.93219E-02,  6.15144E-02,  6.38426E-02,  6.63254E-02,  6.89900E-02,  7.18763E-02,  7.50450E-02,  7.85881E-02,NA,NA,NA,NA,NA,NA,NA,NA,NA,NA,NA,NA,NA,NA,NA,NA,NA,NA,NA,NA,NA,NA,NA,NA,NA,NA,NA,NA,NA,NA,NA,NA,NA,NA,NA,NA,NA,NA,NA,NA,NA,NA,NA,NA,NA,NA,NA,NA,NA,NA,NA,NA,NA,NA,NA,NA, -4.57428E-02, -4.15808E-02,NA,NA,NA,NA,NA,NA,NA,NA,
  5.67153E-02,  5.88067E-02,  6.10204E-02,  6.33667E-02,  6.58575E-02,  6.85084E-02,  7.13399E-02,  7.43810E-02,  7.76740E-02,  8.12807E-02,  8.52932E-02,NA,NA,NA,NA,NA,NA,NA,NA,NA,NA,NA,NA,NA,NA,NA,NA,NA,NA,NA,NA,NA,NA,NA,NA,NA,NA,NA,NA,NA,NA,NA,NA,NA,NA,NA,NA,NA,NA,NA,NA,NA,NA,NA,NA,NA,NA,NA,NA,NA,NA,NA,NA,NA,NA,NA,NA, -4.37535E-02,NA,NA,NA,NA,NA,NA,NA,NA,
  5.81557E-02,  6.03888E-02,  6.27584E-02,  6.52744E-02,  6.79481E-02,  7.07925E-02,  7.38237E-02,  7.70619E-02,  8.05340E-02,  8.42774E-02,  8.83444E-02,NA,NA,NA,NA,NA,NA,NA,NA,NA,NA,NA,NA,NA,NA,NA,NA,NA,NA,NA,NA,NA,NA,NA,NA,NA,NA,NA,NA,NA,NA,NA,NA,NA,NA,NA,NA,NA,NA,NA,NA,NA,NA,NA,NA,NA,NA,NA,NA,NA,NA,NA,NA,NA,NA,NA,NA, -4.56570E-02,NA,NA,NA,NA,NA,NA,NA,NA,
  5.96067E-02,  6.19918E-02,  6.45303E-02,  6.72331E-02,  7.01122E-02,  7.31801E-02,  7.64499E-02,  7.99367E-02,  8.36570E-02,  8.76306E-02,  9.18808E-02,  9.64354E-02,NA,NA,NA,NA,NA,NA,NA,NA,NA,NA,NA,NA,NA,NA,NA,NA,NA,NA,NA,NA,NA,NA,NA,NA,NA,NA,NA,NA,NA,NA,NA,NA,NA,NA,NA,NA,NA,NA,NA,NA,NA,NA,NA,NA,NA,NA,NA,NA,NA,NA,NA,NA,NA,NA,NA,NA,NA,NA,NA,NA,NA,NA,NA,NA,
  6.10598E-02,  6.36065E-02,  6.63271E-02,  6.92347E-02,  7.23432E-02,  7.56665E-02,  7.92183E-02,  8.30121E-02,  8.70598E-02,  9.13717E-02,  9.59539E-02,  1.00807E-01,  1.05919E-01,NA,NA,NA,NA,NA,NA,NA,NA,NA,NA,NA,NA,NA,NA,NA,NA,NA,NA,NA,NA,NA,NA,NA,NA,NA,NA,NA,NA,NA,NA,NA,NA,NA,NA,NA,NA,NA,NA,NA,NA,NA,NA,NA,NA,NA,NA,NA,NA,NA,NA,NA,NA,NA,NA,NA,NA,NA,NA,NA,NA,NA,NA,NA,
  6.25044E-02,  6.52214E-02,  6.81364E-02,  7.12661E-02,  7.46278E-02,  7.82394E-02,  8.21183E-02,  8.62812E-02,  9.07417E-02,  9.55091E-02,  1.00585E-01,  1.05958E-01,  1.11599E-01,NA,NA,NA,NA,NA,NA,NA,NA,NA,NA,NA,NA,NA,NA,NA,NA,NA,NA,NA,NA,NA,NA,NA,NA,NA,NA,NA,NA,NA,NA,NA,NA,NA,NA,NA,NA,NA,NA,NA,NA,NA,NA,NA,NA,NA,NA,NA,NA,NA,NA,NA,NA,NA,NA,NA,NA,NA,NA,NA,NA,NA,NA,NA,
  6.39274E-02,  6.68220E-02,  6.99420E-02,  7.33091E-02,  7.69461E-02,  8.08774E-02,  8.51280E-02,  8.97221E-02,  9.46824E-02,  1.00027E-01,  1.05765E-01,  1.11891E-01,  1.18378E-01,  1.25162E-01,NA,NA,NA,NA,NA,NA,NA,NA,NA,NA,NA,NA,NA,NA,NA,NA,NA,NA,NA,NA,NA,NA,NA,NA,NA,NA,NA,NA,NA,NA,NA,NA,NA,NA,NA,NA,NA,NA,NA,NA,NA,NA,NA,NA,NA,NA,NA,NA,NA,NA,NA,NA,NA,NA,NA,NA,NA,NA,NA,NA,NA,NA,
  6.53138E-02,  6.83905E-02,  7.17235E-02,  7.53402E-02,  7.92713E-02,  8.35501E-02,  8.82125E-02,  9.32966E-02,  9.88409E-02,  1.04882E-01,  1.11452E-01,  1.18570E-01,  1.26234E-01,NA,NA,NA,NA,NA,NA,NA,NA,NA,NA,NA,NA,NA,NA,NA,NA,NA,NA,NA,NA,NA,NA,NA,NA,NA,NA,NA,NA,NA,NA,NA,NA,NA,NA,NA,NA,NA,NA,NA,NA,NA,NA,NA,NA,NA,NA,NA,NA,NA,NA,NA,NA,NA,NA,NA,NA,NA,NA,NA,NA,NA,NA,NA,
  6.66466E-02,  6.99070E-02,  7.34568E-02,  7.73310E-02,  8.15694E-02,  8.62170E-02,  9.13246E-02,  9.69492E-02,  1.03153E-01,  1.10004E-01,  1.17570E-01,  1.25919E-01,NA,NA,NA,NA,NA,NA,NA,NA,NA,NA,NA,NA,NA,NA,NA,NA,NA,NA,NA,NA,NA,NA,NA,NA,NA,NA,NA,NA,NA,NA,NA,NA,NA,NA,NA,NA,NA,NA,NA,NA,NA,NA,NA,NA,NA,NA,NA,NA,NA,NA,NA,NA,NA,NA,NA,NA,NA,NA,NA,NA,NA,NA,NA,NA,
  6.79073E-02,  7.13489E-02,  7.51148E-02,  7.92483E-02,  8.38001E-02,  8.88289E-02,  9.44041E-02,  1.00607E-01,  1.07531E-01,  1.15287E-01,  1.24000E-01,NA,NA,NA,NA,NA,NA,NA,NA,NA,NA,NA,NA,NA,NA,NA,NA,NA,NA,NA,NA,NA,NA,NA,NA,NA,NA,NA,NA,NA,NA,NA,NA,NA,NA,NA,NA,NA,NA,NA,NA,NA,NA,NA,NA,NA,NA,NA,NA,NA,NA,NA,NA,NA,NA,NA,NA,NA,NA,NA,NA,NA,NA,NA,NA,NA,
  6.90760E-02,  7.26922E-02,  7.66678E-02,  8.10555E-02,  8.59175E-02,  9.13287E-02,  9.73793E-02,  1.04179E-01,  1.11862E-01,  1.20592E-01,  1.30570E-01,NA,NA,NA,NA,NA,NA,NA,NA,NA,NA,NA,NA,NA,NA,NA,NA,NA,NA,NA,NA,NA,NA,NA,NA,NA,NA,NA,NA,NA,NA,NA,NA,NA,NA,NA,NA,NA,NA,NA,NA,NA,NA,NA,NA,NA,NA,NA,NA,NA,NA,NA,NA,NA,NA,NA,NA,NA,NA,NA,NA,NA,NA,NA,NA,NA,
  7.01328E-02,  7.39121E-02,  7.80850E-02,  8.27136E-02,  8.78725E-02,  9.36534E-02,  1.00169E-01,  1.07562E-01,  1.16010E-01,  1.25743E-01,NA,NA,NA,NA,NA,NA,NA,NA,NA,NA,NA,NA,NA,NA,NA,NA,NA,NA,NA,NA,NA,NA,NA,NA,NA,NA,NA,NA,NA,NA,NA,NA,NA,NA,NA,NA,NA,NA,NA,NA,NA,NA,NA,NA,NA,NA,NA,NA,NA,NA,NA,NA,NA,NA,NA,NA,NA,NA,NA,NA,NA,NA,NA,NA,NA,NA,
  7.10584E-02,  7.49840E-02,  7.93354E-02,  8.41832E-02,  8.96144E-02,  9.57371E-02,  1.02688E-01,  1.10641E-01,  1.19824E-01,  1.30534E-01,NA,NA,NA,NA,NA,NA,NA,NA,NA,NA,NA,NA,NA,NA,NA,NA,NA,NA,NA,NA,NA,NA,NA,NA,NA,NA,NA,NA,NA,NA,NA,NA,NA,NA,NA,NA,NA,NA,NA,NA,NA,NA,NA,NA,NA,NA,NA,NA,NA,NA,NA,NA,NA,NA,NA,NA,NA,NA,NA,NA,NA,NA,NA,NA,NA,NA,
  7.18345E-02,  7.58853E-02,  8.03898E-02,  8.54266E-02,  9.10940E-02,  9.75153E-02,  1.04849E-01,  1.13300E-01,  1.23142E-01,NA,NA,NA,NA,NA,NA,NA,NA,NA,NA,NA,NA,NA,NA,NA,NA,NA,NA,NA,NA,NA,NA,NA,NA,NA,NA,NA,NA,NA,NA,NA,NA,NA,NA,NA,NA,NA,NA,NA,NA,NA,NA,NA,NA,NA,NA,NA,NA,NA,NA,NA,NA,NA,NA,NA,NA,NA,NA,NA,NA,NA,NA,NA,NA,NA,NA,NA,
  7.24450E-02,  7.65954E-02,  8.12219E-02,  8.64099E-02,  9.22668E-02,  9.89287E-02,  1.06572E-01,  1.15428E-01,  1.25810E-01,NA,NA,NA,NA,NA,NA,NA,NA,NA,NA,NA,NA,NA,NA,NA,NA,NA,NA,NA,NA,NA,NA,NA,NA,NA,NA,NA,NA,NA,NA,NA,NA,NA,NA,NA,NA,NA,NA,NA,NA,NA,NA,NA,NA,NA,NA,NA,NA,NA,NA,NA,NA,NA,NA,NA,NA,NA,NA,NA,NA,NA,NA,NA,NA,NA,NA,NA,
  7.28771E-02,  7.70978E-02,  8.18105E-02,  8.71054E-02,  9.30962E-02,  9.99280E-02,  1.07790E-01,  1.16933E-01,  1.27697E-01,NA,NA,NA,NA,NA,NA,NA,NA,NA,NA,NA,NA,NA,NA,NA,NA,NA,NA,NA,NA,NA,NA,NA,NA,NA,NA,NA,NA,NA,NA,NA,NA,NA,NA,NA,NA,NA,NA,NA,NA,NA,NA,NA,NA,NA,NA,NA,NA,NA,NA,NA,NA,NA,NA,NA,NA,NA,NA,NA,NA,NA,NA,NA,NA,NA,NA,NA,
  7.31214E-02,  7.73808E-02,  8.21405E-02,  8.74932E-02,  9.35558E-02,  1.00478E-01,  1.08455E-01,  1.17748E-01,  1.28709E-01,NA,NA,NA,NA,NA,NA,NA,NA,NA,NA,NA,NA,NA,NA,NA,NA,NA,NA,NA,NA,NA,NA,NA,NA,NA,NA,NA,NA,NA,NA,NA,NA,NA,NA,NA,NA,NA,NA,NA,NA,NA,NA,NA,NA,NA,NA,NA,NA,NA,NA,NA,NA,NA,NA,NA,NA,NA,NA,NA,NA,NA,NA,NA,NA,NA,NA,NA,
  7.31730E-02,  7.74379E-02,  8.22037E-02,  8.75628E-02,  9.36320E-02,  1.00561E-01,  1.08543E-01,  1.17839E-01,  1.28798E-01,NA,NA,NA,NA,NA,NA,NA,NA,NA,NA,NA,NA,NA,NA,NA,NA,NA,NA,NA,NA,NA,NA,NA,NA,NA,NA,NA,NA,NA,NA,NA,NA,NA,NA,NA,NA,NA,NA,NA,NA,NA,NA,NA,NA,NA,NA,NA,NA,NA,NA,NA,NA,NA,NA,NA,NA,NA,NA,NA,NA,NA,NA,NA,NA,NA,NA,NA,
  7.30312E-02,  7.72685E-02,  8.19993E-02,  8.73135E-02,  9.33242E-02,  1.00176E-01,  1.08055E-01,  1.17209E-01,  1.27971E-01,NA,NA,NA,NA,NA,NA,NA,NA,NA,NA,NA,NA,NA,NA,NA,NA,NA,NA,NA,NA,NA,NA,NA,NA,NA,NA,NA,NA,NA,NA,NA,NA,NA,NA,NA,NA,NA,NA,NA,NA,NA,NA,NA,NA,NA,NA,NA,NA,NA,NA,NA,NA,NA,NA,NA,NA,NA,NA,NA,NA,NA,NA,NA,NA,NA,NA,NA,
  7.26997E-02,  7.68777E-02,  8.15343E-02,  8.67547E-02,  9.26453E-02,  9.93409E-02,  1.07015E-01,  1.15894E-01,  1.26281E-01,NA,NA,NA,NA,NA,NA,NA,NA,NA,NA,NA,NA,NA,NA,NA,NA,NA,NA,NA,NA,NA,NA,NA,NA,NA,NA,NA,NA,NA,NA,NA,NA,NA,NA,NA,NA,NA,NA,NA,NA,NA,NA,NA,NA,NA,NA,NA,NA,NA,NA,NA,NA,NA,NA,NA,NA,NA,NA,NA,NA,NA,NA,NA,NA,NA,NA,NA,
  7.21867E-02,  7.62758E-02,  8.08221E-02,  8.59044E-02,  9.16198E-02,  9.80904E-02,  1.05471E-01,  1.13962E-01,  1.23827E-01,  1.35416E-01,NA,NA,NA,NA,NA,NA,NA,NA,NA,NA,NA,NA,NA,NA,NA,NA,NA,NA,NA,NA,NA,NA,NA,NA,NA,NA,NA,NA,NA,NA,NA,NA,NA,NA,NA,NA,NA,NA,NA,NA,NA,NA,NA,NA,NA,NA,NA,NA,NA,NA,NA,NA,NA,NA,NA,NA,NA,NA,NA,NA,NA,NA,NA,NA,NA,NA,
  7.15036E-02,  7.54777E-02,  7.98825E-02,  8.47885E-02,  9.02822E-02,  9.64706E-02,  1.03487E-01,  1.11503E-01,  1.20734E-01,  1.31468E-01,NA,NA,NA,NA,NA,NA,NA,NA,NA,NA,NA,NA,NA,NA,NA,NA,NA,NA,NA,NA,NA,NA,NA,NA,NA,NA,NA,NA,NA,NA,NA,NA,NA,NA,NA,NA,NA,NA,NA,NA,NA,NA,NA,NA,NA,NA,NA,NA,NA,NA,NA,NA,NA,NA,NA,NA,NA,NA,NA,NA,NA,NA,NA,NA,NA,NA,
  7.06651E-02,  7.45021E-02,  7.87392E-02,  8.34381E-02,  8.86738E-02,  9.45368E-02,  1.01139E-01,  1.08618E-01,  1.17147E-01,  1.26947E-01,NA,NA,NA,NA,NA,NA,NA,NA,NA,NA,NA,NA,NA,NA,NA,NA,NA,NA,NA,NA,NA,NA,NA,NA,NA,NA,NA,NA,NA,NA,NA,NA,NA,NA,NA,NA,NA,NA,NA,NA,NA,NA,NA,NA,NA,NA,NA,NA,NA,NA,NA,NA,NA,NA,NA,NA,NA,NA,NA,NA,NA,NA,NA,NA,NA,NA,
  6.96878E-02,  7.33702E-02,  7.74194E-02,  8.18882E-02,  8.68397E-02,  9.23484E-02,  9.85041E-02,  1.05415E-01,  1.13212E-01,  1.22054E-01,  1.32136E-01,NA,NA,NA,NA,NA,NA,NA,NA,NA,NA,NA,NA,NA,NA,NA,NA,NA,NA,NA,NA,NA,NA,NA,NA,NA,NA,NA,NA,NA,NA,NA,NA,NA,NA,NA,NA,NA,NA,NA,NA,NA,NA,NA,NA,NA,NA,NA,NA,NA,NA,NA,NA,NA,NA,NA,NA,NA,NA,NA,NA,NA,NA,NA,NA,NA,
  6.85900E-02,  7.21046E-02,  7.59517E-02,  8.01752E-02,  8.48266E-02,  8.99655E-02,  9.56614E-02,  1.01996E-01,  1.09062E-01,  1.16971E-01,  1.25847E-01,NA,NA,NA,NA,NA,NA,NA,NA,NA,NA,NA,NA,NA,NA,NA,NA,NA,NA,NA,NA,NA,NA,NA,NA,NA,NA,NA,NA,NA,NA,NA,NA,NA,NA,NA,NA,NA,NA,NA,NA,NA,NA,NA,NA,NA,NA,NA,NA,NA,NA,NA,NA,NA,NA,NA,NA,NA,NA,NA,NA,NA,NA,NA,NA,NA,
  6.73903E-02,  7.07285E-02,  7.43647E-02,  7.83346E-02,  8.26794E-02,  8.74449E-02,  9.26832E-02,  9.84525E-02,  1.04817E-01,  1.11847E-01,  1.19617E-01,  1.28200E-01,NA,NA,NA,NA,NA,NA,NA,NA,NA,NA,NA,NA,NA,NA,NA,NA,NA,NA,NA,NA,NA,NA,NA,NA,NA,NA,NA,NA,NA,NA,NA,NA,NA,NA,NA,NA,NA,NA,NA,NA,NA,NA,NA,NA,NA,NA,NA,NA,NA,NA,NA,NA,NA,NA,NA,NA,NA,NA,NA,NA,NA,NA,NA,NA,
  6.61073E-02,  6.92645E-02,  7.26862E-02,  7.64009E-02,  8.04401E-02,  8.48384E-02,  8.96329E-02,  9.48634E-02,  1.00571E-01,  1.06797E-01,  1.13580E-01,  1.20950E-01,  1.28925E-01,NA,NA,NA,NA,NA,NA,NA,NA,NA,NA,NA,NA,NA,NA,NA,NA,NA,NA,NA,NA,NA,NA,NA,NA,NA,NA,NA,NA,NA,NA,NA,NA,NA,NA,NA,NA,NA,NA,NA,NA,NA,NA,NA,NA,NA,NA,NA,NA,NA,NA,NA,NA,NA,NA,NA,NA,NA,NA,NA,NA,NA,NA,NA,
  6.47591E-02,  6.77341E-02,  7.09422E-02,  7.44050E-02,  7.81463E-02,  8.21909E-02,  8.65642E-02,  9.12917E-02,  9.63974E-02,  1.01902E-01,  1.07821E-01,  1.14159E-01,  1.20908E-01,  1.28043E-01,NA,NA,NA,NA,NA,NA,NA,NA,NA,NA,NA,NA,NA,NA,NA,NA,NA,NA,NA,NA,NA,NA,NA,NA,NA,NA,NA,NA,NA,NA,NA,NA,NA,NA,NA,NA,NA,NA,NA,NA,NA,NA,NA,NA,NA,NA,NA,NA,NA,NA,NA,NA,NA,NA,NA,NA,NA,NA,NA,NA,NA,NA,
NA,  6.61573E-02,  6.91558E-02,  7.23745E-02,  7.58301E-02,  7.95399E-02,  8.35204E-02,  8.77861E-02,  9.23493E-02,  9.72171E-02,  1.02390E-01,  1.07860E-01,  1.13607E-01,  1.19597E-01,  1.25783E-01,  1.32105E-01,NA,NA,NA,NA,NA,NA,NA,NA,NA,NA,NA,NA,NA,NA,NA,NA,NA,NA,NA,NA,NA,NA,NA,NA,NA,NA,NA,NA,NA,NA,NA,NA,NA,NA,NA,NA,NA,NA,NA,NA,NA,NA,NA,NA,NA,NA,NA,NA,NA,NA,NA,NA,NA,NA,NA,NA,NA,NA,NA,NA,
NA,  6.45515E-02,  6.73478E-02,  7.03329E-02,  7.35185E-02,  7.69159E-02,  8.05347E-02,  8.43822E-02,  8.84624E-02,  9.27743E-02,  9.73110E-02,  1.02057E-01,  1.06990E-01,  1.12076E-01,  1.17276E-01,  1.22545E-01,  1.27841E-01,  1.33132E-01,NA,NA,NA,NA,NA,NA,NA,NA,NA,NA,NA,NA,NA,NA,NA,NA,NA,NA,NA,NA,NA,NA,NA,NA,NA,NA,NA,NA,NA,NA,NA,NA,NA,NA,NA,NA,NA,NA,NA,NA,NA,NA,NA,NA,NA,NA,NA,NA,NA,NA,NA,NA,NA,NA,NA,NA,NA,NA,
NA,NA,  6.55354E-02,  6.82998E-02,  7.12332E-02,  7.43422E-02,  7.76318E-02,  8.11045E-02,  8.47590E-02,  8.85903E-02,  9.25877E-02,  9.67352E-02,  1.01011E-01,  1.05389E-01,  1.09840E-01,  1.14342E-01,  1.18879E-01,  1.23462E-01,NA,NA,NA,NA,NA,NA,NA,NA,NA,NA,NA,NA,NA,NA,NA,NA,NA,NA,NA,NA,NA,NA,NA,NA,NA,NA,NA,NA,NA,NA,NA,NA,NA,NA,NA,NA,NA,NA,NA,NA,NA,NA,NA,NA,NA,NA,NA,NA,NA,NA,NA,NA,NA,NA,NA,NA,NA,NA,
NA,NA,  6.37332E-02,  6.62910E-02,  6.89908E-02,  7.18362E-02,  7.48288E-02,  7.79681E-02,  8.12504E-02,  8.46686E-02,  8.82123E-02,  9.18671E-02,  9.56167E-02,  9.94444E-02,  1.03338E-01,  1.07298E-01,  1.11346E-01,NA,NA,NA,NA,NA,NA,NA,NA,NA,NA,NA,NA,NA,NA,NA,NA,NA,NA,NA,NA,NA,NA,NA,NA,NA,NA,NA,NA,NA,NA,NA,NA,NA,NA,NA,NA,NA,NA,NA,NA,NA,NA,NA,NA,NA,NA,NA,NA,NA,NA,NA,NA,NA,NA,NA,NA,NA,NA,NA,
NA,NA,NA,  6.43188E-02,  6.68039E-02,  6.94098E-02,  7.21361E-02,  7.49808E-02,  7.79392E-02,  8.10046E-02,  8.41680E-02,  8.74196E-02,  9.07503E-02,  9.41555E-02,  9.76418E-02,  1.01237E-01,  1.05004E-01,NA,NA,NA,NA,NA,NA,NA,NA,NA,NA,NA,NA,NA,NA,NA,NA,NA,NA,NA,NA,NA,NA,NA,NA,NA,NA,NA,NA,NA,NA,NA,NA,NA,NA,NA,NA,NA,NA,NA,NA,NA,NA,NA,NA,NA,NA,NA,NA,NA,NA,NA,NA,NA,NA,NA,NA,NA,NA,NA,
NA,NA,NA,NA,  6.46812E-02,  6.70706E-02,  6.95593E-02,  7.21445E-02,  7.48221E-02,  7.75866E-02,  8.04324E-02,  8.33547E-02,  8.63532E-02,  8.94368E-02,  9.26319E-02,  9.59961E-02,NA,NA,NA,NA,NA,NA,NA,NA,NA,NA,NA,NA,NA,NA,NA,NA,NA,NA,NA,NA,NA,NA,NA,NA,NA,NA,NA,NA,NA,NA,NA,NA,NA,NA,NA,NA,NA,NA,NA,NA,NA,NA,NA,NA,NA,NA,NA,NA,NA,NA,NA,NA,NA,NA,NA,NA,NA,NA,NA,NA,
NA,NA,NA,NA,NA,  6.48226E-02,  6.70997E-02,  6.94569E-02,  7.18911E-02,  7.43992E-02,  7.69790E-02,  7.96320E-02,  8.23666E-02,  8.52054E-02,  8.81948E-02,  9.14217E-02,NA,NA,NA,NA,NA,NA,NA,NA,NA,NA,NA,NA,NA,NA,NA,NA,NA,NA,NA,NA,NA,NA,NA,NA,NA,NA,NA,NA,NA,NA,NA,NA,NA,NA,NA,NA,NA,NA,NA,NA,NA,NA,NA,NA,NA,NA,NA,NA,NA,NA,NA,NA,NA,NA,NA,NA,NA,NA,NA,NA,
NA,NA,NA,NA,NA,NA,  6.47555E-02,  6.69121E-02,  6.91352E-02,  7.14238E-02,  7.37798E-02,  7.62107E-02,  7.87333E-02,  8.13826E-02,  8.42232E-02,  8.73689E-02,NA,NA,NA,NA,NA,NA,NA,NA,NA,NA,NA,NA,NA,NA,NA,NA,NA,NA,NA,NA,NA,NA,NA,NA,NA,NA,NA,NA,NA,NA,NA,NA,NA,NA,NA,NA,NA,NA,NA,NA,NA,NA,NA,NA,NA,NA,NA,NA,NA,NA,NA,NA,NA,NA,NA,NA,NA,NA,NA,NA,
NA,NA,NA,NA,NA,NA,NA,  6.45027E-02,  6.65414E-02,  6.86408E-02,  7.08065E-02,  7.30509E-02,  7.53985E-02,  7.78947E-02,  8.06185E-02,  8.37050E-02,NA,NA,NA,NA,NA,NA,NA,NA,NA,NA,NA,NA,NA,NA,NA,NA,NA,NA,NA,NA,NA,NA,NA,NA,NA,NA,NA,NA,NA,NA,NA,NA,NA,NA,NA,NA,NA,NA,NA,NA,NA,NA,NA,NA,NA,NA,NA,NA,NA,NA,NA,NA,NA,NA,NA,NA,NA,NA,NA,NA,
NA,NA,NA,NA,NA,NA,NA,NA,NA,  6.60305E-02,  6.80312E-02,  7.01152E-02,  7.23126E-02,  7.46759E-02,  7.72941E-02,  8.03151E-02,NA,NA,NA,NA,NA,NA,NA,NA,NA,NA,NA,NA,NA,NA,NA,NA,NA,NA,NA,NA,NA,NA,NA,NA,NA,NA,NA,NA,NA,NA,NA,NA,NA,NA,NA,NA,NA,NA,NA,NA,NA,NA,NA,NA,NA,NA,NA,NA,NA,NA,NA,NA,NA,NA,NA,NA,NA,NA,NA,NA,
NA,NA,NA,NA,NA,NA,NA,NA,NA,NA,  6.54288E-02,  6.73703E-02,  6.94319E-02,  7.16702E-02,  7.41783E-02,  7.71079E-02,NA,NA,NA,NA,NA,NA,NA,NA,NA,NA,NA,NA,NA,NA,NA,NA,NA,NA,NA,NA,NA,NA,NA,NA,NA,NA,NA,NA,NA,NA,NA,NA,NA,NA,NA,NA,NA,NA,NA,NA,NA,NA,NA,NA,NA,NA,NA,NA,NA,NA,NA,NA,NA,NA,NA,NA,NA,NA,NA,NA,
NA,NA,NA,NA,NA,NA,NA,NA,NA,NA,NA,NA,  6.67204E-02,  6.88331E-02,  7.12168E-02,  7.40183E-02,NA,NA,NA,NA,NA,NA,NA,NA,NA,NA,NA,NA,NA,NA,NA,NA,NA,NA,NA,NA,NA,NA,NA,NA,NA,NA,NA,NA,NA,NA,NA,NA,NA,NA,NA,NA,NA,NA,NA,NA,NA,NA,NA,NA,NA,NA,NA,NA,NA,NA,NA,NA,NA,NA,NA,NA,NA,NA,NA,NA,
NA,NA,NA,NA,NA,NA,NA,NA,NA,NA,NA,NA,NA,NA,NA,  7.10083E-02,NA,NA,NA,NA,NA,NA,NA,NA,NA,NA,NA,NA,NA,NA,NA,NA,NA,NA,NA,NA,NA,NA,NA,NA,NA,NA,NA,NA,NA,NA,NA,NA,NA,NA,NA,NA,NA,NA,NA,NA,NA,NA,NA,NA,NA,NA,NA,NA,NA,NA,NA,NA,NA,NA,NA,NA,NA,NA,NA,NA,
NA,NA,NA,NA,NA,NA,NA,NA,NA,NA,NA,NA,NA,NA,NA,NA,NA,NA,NA,NA,NA,NA,NA,NA,NA,NA,NA,NA,NA,NA,NA,NA,NA,NA,NA,NA,NA,NA,NA,NA,NA,NA,NA,NA,NA,NA,NA,NA,NA,NA,NA,NA,NA,NA,NA,NA,NA,NA,NA,NA,NA,NA,NA,NA,NA,NA,NA,NA,NA,NA,NA,NA,NA,NA,NA,NA,
NA,NA,NA,NA,NA,NA,NA,NA,NA,NA,NA,NA,NA,NA,NA,NA,NA,NA,NA,NA,NA,NA,NA,NA,NA,NA,NA,NA,NA,NA,NA,NA,NA,NA,NA,NA,NA,NA,NA,NA,NA,NA,NA,NA,NA,NA,NA,NA,NA,NA,NA,NA,NA,NA,NA,NA,NA,NA,NA,NA,NA,NA,NA,NA,NA,NA,NA,NA,NA,NA,NA,NA,NA,NA,NA,NA,
NA,NA,NA,NA,NA,NA,NA,NA,NA,NA,NA,NA,NA,NA,NA,NA,NA,NA,NA,NA,NA,NA,NA,NA,NA,NA,NA,NA,NA,NA,NA,NA,NA,NA,NA,NA,NA,NA,NA,NA,NA,NA,NA,NA,NA,NA,NA,NA,NA,NA,NA,NA,NA,NA,NA,NA,NA,NA,NA,NA,NA,NA,NA,NA,NA,NA,NA,NA,NA,NA,NA,NA,NA,NA,NA,NA,
NA,NA,NA,NA,NA,NA,NA,NA,NA,NA,NA,NA,NA,NA,NA,NA,NA,NA,NA,NA,NA,NA,NA,NA,NA,NA,NA,NA,NA,NA,NA,NA,NA,NA,NA,NA,NA,NA,NA,NA,NA,NA,NA,NA,NA,NA,NA,NA,NA,NA,NA,NA,NA,NA,NA,NA,NA,NA,NA,NA,NA,NA,NA,NA,NA,NA,NA,NA,NA,NA,NA,NA,NA,NA,NA,NA,
NA,NA,NA,NA,NA,NA,NA,NA,NA,NA,NA,NA,NA,NA,NA,NA,NA,NA,NA,NA,NA,NA,NA,NA,NA,NA,NA,NA,NA,NA,NA,NA,NA,NA,NA,NA,NA,NA,NA,NA,NA,NA,NA,NA,NA,NA,NA,NA,NA,NA,NA,NA,NA,NA,NA,NA,NA,NA,NA,NA,NA,NA,NA,NA,NA,NA,NA,NA,NA,NA,NA,NA,NA,NA,NA,NA,
NA,NA,NA,NA,NA,NA,NA,NA,NA,NA,NA,NA,NA,NA,NA,NA,NA,NA,NA,NA,NA,NA,NA,NA,NA,NA,NA,NA,NA,NA,NA,NA,NA,NA,NA,NA,NA,NA,NA,NA,NA,NA,NA,NA,NA,NA,NA,NA,NA,NA,NA,NA,NA,NA,NA,NA,NA,NA,NA,NA,NA,NA,NA,NA,NA,NA,NA,NA,NA,NA,NA,NA,NA,NA,NA,NA,
NA,NA,NA,NA,NA,NA,NA,NA,NA,NA,NA,NA,NA,NA,NA,NA,NA,NA,NA,NA,NA,NA,NA,NA,NA,NA,NA,NA,NA,NA,NA,NA,NA,NA,NA,NA,NA,NA,NA,NA,NA,NA,NA,NA,NA,NA,NA,NA,NA,NA,NA,NA,NA,NA,NA,NA,NA,NA,NA,NA,NA,NA,NA,NA,NA,NA,NA,NA,NA,NA,NA,NA,NA,NA,NA,NA,
NA,NA,NA,NA,NA,NA,NA,NA,NA,NA,NA,NA,NA,NA,NA,NA,NA,NA,NA,NA,NA,NA,NA,NA,NA,NA,NA,NA,NA,NA,NA,NA,NA,NA,NA,NA,NA,NA,NA,NA,NA,NA,NA,NA,NA,NA,NA,NA,NA,NA,NA,NA,NA,NA,NA,NA,NA,NA,NA,NA,NA,NA,NA,NA,NA,NA,NA,NA,NA,NA,NA,NA,NA,NA,NA,NA,
NA,NA,NA,NA,NA,NA,NA,NA,NA,NA,NA,NA,NA,NA,NA,NA,NA,NA,NA,NA,NA,NA,NA,NA,NA,NA,NA,NA,NA,NA,NA,NA,NA,NA,NA,NA,NA,NA,NA,NA,NA,NA,NA,NA,NA,NA,NA,NA,NA,NA,NA,NA,NA,NA,NA,NA,NA,NA,NA,NA,NA,NA,NA,NA,NA,NA,NA,NA,NA,NA,NA,NA,NA,NA,NA,NA,
NA,NA,NA,NA,NA,NA,NA,NA,NA,NA,NA,NA,NA,NA,NA,NA,NA,NA,NA,NA,NA,NA,NA,NA,NA,NA,NA,NA,NA,NA,NA,NA,NA,NA,NA,NA,NA,NA,NA,NA,NA,NA,NA,NA,NA,NA,NA,NA,NA,NA,NA,NA,NA,NA,NA,NA,NA,NA,NA,NA,NA,NA,NA,NA,NA,NA,NA,NA,NA,NA,NA,NA,NA,NA,NA,NA,
NA,NA,NA,NA,NA,NA,NA,NA,NA,NA,NA,NA,NA,NA,NA,NA,NA,NA,NA,NA,NA,NA,NA,NA,NA,NA,NA,NA,NA,NA,NA,NA,NA,NA,NA,NA,NA,NA,NA,NA,NA,NA,NA,NA,NA,NA,NA,NA,NA,NA,NA,NA,NA,NA,NA,NA,NA,NA,NA,NA,NA,NA,NA,NA,NA,NA,NA,NA,NA,NA,NA,NA,NA,NA,NA,NA,
NA,NA,NA,NA,NA,NA,NA,NA,NA,NA,NA,NA,NA,NA,NA,NA,NA,NA,NA,NA,NA,NA,NA,NA,NA,NA,NA,NA,NA,NA,NA,NA,NA,NA,NA,NA,NA,NA,NA,NA,NA,NA,NA,NA,NA,NA,NA,NA,NA,NA,NA,NA,NA,NA,NA,NA,NA,NA,NA,NA,NA,NA,NA,NA,NA,NA,NA,NA,NA,NA,NA,NA,NA,NA,NA,NA,
NA,NA,NA,NA,NA,NA,NA,NA,NA,NA,NA,NA,NA,NA,NA,NA,NA,NA,NA,NA,NA,NA,NA,NA,NA,NA,NA,NA,NA,NA,NA,NA,NA,NA,NA,NA,NA,NA,NA,NA,NA,NA,NA,NA,NA,NA,NA,NA,NA,NA,NA,NA,NA,NA,NA,NA,NA,NA,NA,NA,NA,NA,NA,NA,NA,NA,NA,NA,NA,NA,NA,NA,NA,NA,NA,NA,
NA,NA,NA,NA,NA,NA,NA,NA,NA,NA,NA,NA,NA,NA,NA,NA,NA,NA,NA,NA,NA,NA,NA,NA,NA,NA,NA,NA,NA,NA,NA,NA,NA,NA,NA,NA,NA,NA,NA,NA,NA,NA,NA,NA,NA,NA,NA,NA,NA,NA,NA,NA,NA,NA,NA,NA,NA,NA,NA,NA,NA,NA,NA,NA,NA,NA,NA,NA,NA,NA,NA,NA,NA,NA,NA,NA,
NA,NA,NA,NA,NA,NA,NA,NA,NA,NA,NA,NA,NA,NA,NA,NA,NA,NA,NA,NA,NA,NA,NA,NA,NA,NA,NA,NA,NA,NA,NA,NA,NA,NA,NA,NA,NA,NA,NA,NA,NA,NA,NA,NA,NA,NA,NA,NA,NA,NA,NA,NA,NA,NA,NA,NA,NA,NA,NA,NA,NA,NA,NA,NA,NA,NA,NA,NA,NA,NA,NA,NA,NA,NA,NA,NA,
NA,NA,NA,NA,NA,NA,NA,NA,NA,NA,NA,NA,NA,NA,NA,NA,NA,NA,NA,NA,NA,NA,NA,NA,NA,NA,NA,NA,NA,NA,NA,NA,NA,NA,NA,NA,NA,NA,NA,NA,NA,NA,NA,NA,NA,NA,NA,NA,NA,NA,NA,NA,NA,NA,NA,NA,NA,NA,NA,NA,NA,NA,NA,NA,NA,NA,NA,NA,NA,NA,NA,NA,NA,NA,NA,NA,
NA,NA,NA,NA,NA,NA,NA,NA,NA,NA,NA,NA,NA,NA,NA,NA,NA,NA,NA,NA,NA,NA,NA,NA,NA,NA,NA,NA,NA,NA,NA,NA,NA,NA,NA,NA,NA,NA,NA,NA,NA,NA,NA,NA,NA,NA,NA,NA,NA,NA,NA,NA,NA,NA,NA,NA,NA,NA,NA,NA,NA,NA,NA,NA,NA,NA,NA,NA,NA,NA,NA,NA,NA,NA,NA,NA,
NA,NA,NA,NA,NA,NA,NA,NA,NA,NA,NA,NA,NA,NA,NA,NA,NA,NA,NA,NA,NA,NA,NA,NA,NA,NA,NA,NA,NA,NA,NA,NA,NA,NA,NA,NA,NA,NA,NA,NA,NA,NA,NA,NA,NA,NA,NA,NA,NA,NA,NA,NA,NA,NA,NA,NA,NA,NA,NA,NA,NA,NA,NA,NA,NA,NA,NA,NA,NA,NA,NA,NA,NA,NA,NA,NA,
NA,NA,NA,NA,NA,NA,NA,NA,NA,NA,NA,NA,NA,NA,NA,NA,NA,NA,NA,NA,NA,NA,NA,NA,NA,NA,NA,NA,NA,NA,NA,NA,NA,NA,NA,NA,NA,NA,NA,NA,NA,NA,NA,NA,NA,NA,NA,NA,NA,NA,NA,NA,NA,NA,NA,NA,NA,NA,NA,NA,NA,NA,NA,NA,NA,NA,NA,NA,NA,NA,NA,NA,NA,NA,NA,NA,
NA,NA,NA,NA,NA,NA,NA,NA,NA,NA,NA,NA,NA,NA,NA,NA,NA,NA,NA,NA,NA,NA,NA,NA,NA,NA,NA,NA,NA,NA,NA,NA,NA,NA,NA,NA,NA,NA,NA,NA,NA,NA,NA,NA,NA,NA,NA,NA,NA,NA,NA,NA,NA,NA,NA,NA,NA,NA,NA,NA,NA,NA,NA,NA,NA,NA,NA,NA,NA,NA,NA,NA,NA,NA,NA,NA,
NA,NA,NA,NA,NA,NA,NA,NA,NA,NA,NA,NA,NA,NA,NA,NA,NA,NA,NA,NA,NA,NA,NA,NA,NA,NA,NA,NA,NA,NA,NA,NA,NA,NA,NA,NA,NA,NA,NA,NA,NA,NA,NA,NA,NA,NA,NA,NA,NA,NA,NA,NA,NA,NA,NA,NA,NA,NA,NA,NA,NA,NA,NA,NA,NA,NA,NA,NA,NA,NA,NA,NA,NA,NA,NA,NA,
NA,NA,NA,NA,NA,NA,NA,NA,NA,NA,NA,NA,NA,NA,NA,NA,NA,NA,NA,NA,NA,NA,NA,NA,NA,NA,NA,NA,NA,NA,NA,NA,NA,NA,NA,NA,NA,NA,NA,NA,NA,NA,NA,NA,NA,NA,NA,NA,NA,NA,NA,NA,NA,NA,NA,NA,NA,NA,NA,NA,NA,NA,NA,NA,NA,NA,NA,NA,NA,NA,NA,NA,NA,NA,NA,NA,
NA,NA,NA,NA,NA,NA,NA,NA,NA,NA,NA,NA,NA,NA,NA,NA,NA,NA,NA,NA,NA,NA,NA,NA,NA,NA,NA,NA,NA,NA,NA,NA,NA,NA,NA,NA,NA,NA,NA,NA,NA,NA,NA,NA,NA,NA,NA,NA,NA,NA,NA,NA,NA,NA,NA,NA,NA,NA,NA,NA,NA,NA,NA,NA,NA,NA,NA,NA,NA,NA,NA,NA,NA,NA,NA,NA,
