NA,NA,NA,NA,NA,NA,NA,NA,NA,NA,NA,NA,NA,NA,NA,NA,NA,NA,NA,NA,NA,NA,NA,  9.21375E-03,  9.14189E-03,  9.05140E-03,  8.94216E-03,  8.81437E-03,  8.66848E-03,  8.50521E-03,  8.32551E-03,  8.13050E-03,  7.92143E-03,  7.69962E-03,  7.46638E-03,  7.22300E-03,  6.97066E-03,  6.71045E-03,  6.44334E-03,  6.17018E-03,  5.89171E-03,  5.60858E-03,  5.32137E-03,  5.03064E-03,  4.73690E-03,  4.44068E-03,  4.14251E-03,  3.84296E-03,  3.54263E-03,  3.24212E-03,  2.94211E-03,NA,NA,NA,NA,NA,NA,NA,NA,NA,NA,NA,NA,NA,NA,NA,NA,NA,NA,NA,NA,NA,NA,NA,NA,NA,
NA,NA,NA,NA,NA,NA,NA,NA,NA,NA,NA,NA,NA,NA,NA,NA,NA,NA,NA,NA,NA,  9.79689E-03,  9.76628E-03,  9.71594E-03,  9.64508E-03,  9.55320E-03,  9.44014E-03,  9.30609E-03,  9.15163E-03,  8.97763E-03,  8.78527E-03,  8.57596E-03,  8.35125E-03,  8.11277E-03,  7.86211E-03,  7.60082E-03,  7.33030E-03,  7.05179E-03,  6.76636E-03,  6.47493E-03,  6.17825E-03,  5.87698E-03,  5.57169E-03,  5.26289E-03,  4.95108E-03,  4.63678E-03,  4.32052E-03,  4.00286E-03,  3.68443E-03,  3.36589E-03,  3.04793E-03,  2.73129E-03,  2.41672E-03,NA,NA,NA,NA,NA,NA,NA,NA,NA,NA,NA,NA,NA,NA,NA,NA,NA,NA,NA,NA,NA,NA,NA,
NA,NA,NA,NA,NA,NA,NA,NA,NA,NA,NA,NA,NA,NA,NA,NA,NA,NA,NA,  1.03188E-02,  1.03352E-02,  1.03323E-02,  1.03085E-02,  1.02627E-02,  1.01936E-02,  1.01007E-02,  9.98362E-03,  9.84267E-03,  9.67849E-03,  9.49220E-03,  9.28527E-03,  9.05948E-03,  8.81679E-03,  8.55922E-03,  8.28875E-03,  8.00724E-03,  7.71634E-03,  7.41749E-03,  7.11186E-03,  6.80041E-03,  6.48392E-03,  6.16300E-03,  5.83816E-03,  5.50989E-03,  5.17863E-03,  4.84486E-03,  4.50910E-03,  4.17194E-03,  3.83401E-03,  3.49601E-03,  3.15868E-03,  2.82284E-03,  2.48931E-03,  2.15894E-03,  1.83260E-03,NA,NA,NA,NA,NA,NA,NA,NA,NA,NA,NA,NA,NA,NA,NA,NA,NA,NA,NA,NA,NA,
NA,NA,NA,NA,NA,NA,NA,NA,NA,NA,NA,NA,NA,NA,NA,NA,NA,NA,  1.08276E-02,  1.08765E-02,  1.09063E-02,  1.09147E-02,  1.08999E-02,  1.08601E-02,  1.07939E-02,  1.07004E-02,  1.05793E-02,  1.04306E-02,  1.02553E-02,  1.00548E-02,  9.83092E-03,  9.58594E-03,  9.32236E-03,  9.04273E-03,  8.74953E-03,  8.44503E-03,  8.13119E-03,  7.80964E-03,  7.48169E-03,  7.14832E-03,  6.81025E-03,  6.46803E-03,  6.12209E-03,  5.77282E-03,  5.42059E-03,  5.06585E-03,  4.70908E-03,  4.35087E-03,  3.99188E-03,  3.63285E-03,  3.27461E-03,  2.91801E-03,  2.56398E-03,  2.21346E-03,  1.86740E-03,  1.52673E-03,NA,NA,NA,NA,NA,NA,NA,NA,NA,NA,NA,NA,NA,NA,NA,NA,NA,NA,NA,NA,
NA,NA,NA,NA,NA,NA,NA,NA,NA,NA,NA,NA,NA,NA,NA,NA,  1.12279E-02,  1.13288E-02,  1.14142E-02,  1.14814E-02,  1.15277E-02,  1.15505E-02,  1.15473E-02,  1.15157E-02,  1.14539E-02,  1.13606E-02,  1.12352E-02,  1.10779E-02,  1.08898E-02,  1.06726E-02,  1.04287E-02,  1.01611E-02,  9.87296E-03,  9.56760E-03,  9.24810E-03,  8.91728E-03,  8.57747E-03,  8.23054E-03,  7.87789E-03,  7.52046E-03,  7.15891E-03,  6.79363E-03,  6.42492E-03,  6.05301E-03,  5.67819E-03,  5.30082E-03,  4.92136E-03,  4.54040E-03,  4.15862E-03,  3.77683E-03,  3.39591E-03,  3.01684E-03,  2.64063E-03,  2.26830E-03,  1.90093E-03,  1.53954E-03,  1.18516E-03,  8.38750E-04,NA,NA,NA,NA,NA,NA,NA,NA,NA,NA,NA,NA,NA,NA,NA,NA,NA,NA,
NA,NA,NA,NA,NA,NA,NA,NA,NA,NA,NA,NA,NA,NA,NA,  1.16771E-02,  1.18154E-02,  1.19405E-02,  1.20494E-02,  1.21391E-02,  1.22061E-02,  1.22471E-02,  1.22589E-02,  1.22383E-02,  1.21829E-02,  1.20909E-02,  1.19614E-02,  1.17944E-02,  1.15913E-02,  1.13542E-02,  1.10865E-02,  1.07918E-02,  1.04745E-02,  1.01388E-02,  9.78857E-03,  9.42739E-03,  9.05805E-03,  8.68265E-03,  8.30264E-03,  7.91887E-03,  7.53179E-03,  7.14158E-03,  6.74831E-03,  6.35200E-03,  5.95281E-03,  5.55099E-03,  5.14697E-03,  4.74134E-03,  4.33483E-03,  3.92833E-03,  3.52281E-03,  3.11934E-03,  2.71905E-03,  2.32310E-03,  1.93265E-03,  1.54887E-03,  1.17287E-03,  8.05733E-04,  4.48462E-04,NA,NA,NA,NA,NA,NA,NA,NA,NA,NA,NA,NA,NA,NA,NA,NA,NA,
NA,NA,NA,NA,NA,NA,NA,NA,NA,NA,NA,NA,NA,NA,  1.21033E-02,  1.22803E-02,  1.24472E-02,  1.26012E-02,  1.27387E-02,  1.28560E-02,  1.29490E-02,  1.30133E-02,  1.30446E-02,  1.30389E-02,  1.29929E-02,  1.29038E-02,  1.27703E-02,  1.25923E-02,  1.23715E-02,  1.21106E-02,  1.18139E-02,  1.14865E-02,  1.11340E-02,  1.07620E-02,  1.03756E-02,  9.97913E-03,  9.57604E-03,  9.16864E-03,  8.75834E-03,  8.34576E-03,  7.93102E-03,  7.51392E-03,  7.09418E-03,  6.67158E-03,  6.24604E-03,  5.81774E-03,  5.38706E-03,  4.95460E-03,  4.52118E-03,  4.08777E-03,  3.65545E-03,  3.22543E-03,  2.79897E-03,  2.37735E-03,  1.96189E-03,  1.55387E-03,  1.15454E-03,  7.65069E-04,  3.86572E-04,  2.00512E-05,NA,NA,NA,NA,NA,NA,NA,NA,NA,NA,NA,NA,NA,NA,NA,NA,
NA,NA,NA,NA,NA,NA,NA,NA,NA,NA,NA,NA,NA,  1.25009E-02,  1.27167E-02,  1.29264E-02,  1.31272E-02,  1.33158E-02,  1.34882E-02,  1.36397E-02,  1.37653E-02,  1.38594E-02,  1.39164E-02,  1.39310E-02,  1.38982E-02,  1.38145E-02,  1.36776E-02,  1.34873E-02,  1.32451E-02,  1.29551E-02,  1.26228E-02,  1.22552E-02,  1.18596E-02,  1.14438E-02,  1.10142E-02,  1.05765E-02,  1.01348E-02,  9.69138E-03,  9.24763E-03,  8.80368E-03,  8.35908E-03,  7.91306E-03,  7.46486E-03,  7.01388E-03,  6.55981E-03,  6.10272E-03,  5.64296E-03,  5.18120E-03,  4.71835E-03,  4.25551E-03,  3.79392E-03,  3.33493E-03,  2.87995E-03,  2.43042E-03,  1.98781E-03,  1.55353E-03,  1.12897E-03,  7.15430E-04,  3.14124E-04, -7.38539E-05, -4.47535E-04,NA,NA,NA,NA,NA,NA,NA,NA,NA,NA,NA,NA,NA,NA,NA,
NA,NA,NA,NA,NA,NA,NA,NA,NA,NA,NA,NA,  1.28656E-02,  1.31189E-02,  1.33706E-02,  1.36185E-02,  1.38594E-02,  1.40896E-02,  1.43045E-02,  1.44985E-02,  1.46653E-02,  1.47979E-02,  1.48889E-02,  1.49309E-02,  1.49173E-02,  1.48427E-02,  1.47036E-02,  1.44992E-02,  1.42313E-02,  1.39052E-02,  1.35284E-02,  1.31104E-02,  1.26614E-02,  1.21918E-02,  1.17103E-02,  1.12240E-02,  1.07377E-02,  1.02540E-02,  9.77347E-03,  9.29560E-03,  8.81898E-03,  8.34201E-03,  7.86321E-03,  7.38154E-03,  6.89643E-03,  6.40784E-03,  5.91618E-03,  5.42222E-03,  4.92703E-03,  4.43188E-03,  3.93819E-03,  3.44749E-03,  2.96137E-03,  2.48143E-03,  2.00930E-03,  1.54655E-03,  1.09472E-03,  6.55234E-04,  2.29420E-04, -1.81530E-04, -5.76568E-04, -9.54810E-04,NA,NA,NA,NA,NA,NA,NA,NA,NA,NA,NA,NA,NA,NA,
NA,NA,NA,NA,NA,NA,NA,NA,NA,NA,NA,  1.31944E-02,  1.34827E-02,  1.37742E-02,  1.40672E-02,  1.43595E-02,  1.46479E-02,  1.49281E-02,  1.51949E-02,  1.54418E-02,  1.56610E-02,  1.58435E-02,  1.59797E-02,  1.60595E-02,  1.60734E-02,  1.60136E-02,  1.58745E-02,  1.56542E-02,  1.53549E-02,  1.49833E-02,  1.45498E-02,  1.40676E-02,  1.35512E-02,  1.30147E-02,  1.24699E-02,  1.19260E-02,  1.13885E-02,  1.08597E-02,  1.03393E-02,  9.82517E-03,  9.31457E-03,  8.80461E-03,  8.29293E-03,  7.77790E-03,  7.25875E-03,  6.73540E-03,  6.20842E-03,  5.67880E-03,  5.14783E-03,  4.61703E-03,  4.08802E-03,  3.56253E-03,  3.04233E-03,  2.52923E-03,  2.02499E-03,  1.53137E-03,  1.05004E-03,  5.82588E-04,  1.30453E-04, -3.05068E-04, -7.22851E-04, -1.12195E-03, -1.50163E-03,NA,NA,NA,NA,NA,NA,NA,NA,NA,NA,NA,NA,NA,
NA,NA,NA,NA,NA,NA,NA,NA,NA,NA,  1.34856E-02,  1.38055E-02,  1.41332E-02,  1.44680E-02,  1.48084E-02,  1.51523E-02,  1.54965E-02,  1.58368E-02,  1.61672E-02,  1.64801E-02,  1.67661E-02,  1.70138E-02,  1.72105E-02,  1.73425E-02,  1.73963E-02,  1.73600E-02,  1.72250E-02,  1.69872E-02,  1.66491E-02,  1.62191E-02,  1.57120E-02,  1.51465E-02,  1.45434E-02,  1.39222E-02,  1.32996E-02,  1.26870E-02,  1.20908E-02,  1.15123E-02,  1.09492E-02,  1.03971E-02,  9.85095E-03,  9.30605E-03,  8.75890E-03,  8.20729E-03,  7.65033E-03,  7.08814E-03,  6.52161E-03,  5.95211E-03,  5.38127E-03,  4.81089E-03,  4.24286E-03,  3.67911E-03,  3.12159E-03,  2.57227E-03,  2.03311E-03,  1.50601E-03,  9.92805E-04,  4.95229E-04,  1.48543E-05, -4.46916E-04, -8.88877E-04, -1.31004E-03, -1.70962E-03, -2.08708E-03,NA,NA,NA,NA,NA,NA,NA,NA,NA,NA,NA,NA,
NA,NA,NA,NA,NA,NA,NA,NA,NA,  1.37391E-02,  1.40867E-02,  1.44462E-02,  1.48177E-02,  1.52010E-02,  1.55953E-02,  1.59989E-02,  1.64090E-02,  1.68212E-02,  1.72293E-02,  1.76247E-02,  1.79962E-02,  1.83295E-02,  1.86078E-02,  1.88126E-02,  1.89245E-02,  1.89255E-02,  1.88016E-02,  1.85455E-02,  1.81587E-02,  1.76527E-02,  1.70480E-02,  1.63721E-02,  1.56550E-02,  1.49252E-02,  1.42055E-02,  1.35110E-02,  1.28480E-02,  1.22159E-02,  1.16087E-02,  1.10180E-02,  1.04354E-02,  9.85360E-03,  9.26783E-03,  8.67542E-03,  8.07567E-03,  7.46929E-03,  6.85780E-03,  6.24316E-03,  5.62751E-03,  5.01299E-03,  4.40172E-03,  3.79582E-03,  3.19739E-03,  2.60855E-03,  2.03141E-03,  1.46804E-03,  9.20425E-04,  3.90450E-04, -1.20174E-04, -6.09932E-04, -1.07754E-03, -1.52195E-03, -1.94238E-03, -2.33828E-03, -2.70937E-03,NA,NA,NA,NA,NA,NA,NA,NA,NA,NA,NA,
NA,NA,NA,NA,NA,NA,NA,NA,  1.39563E-02,  1.43273E-02,  1.47136E-02,  1.51162E-02,  1.55359E-02,  1.59734E-02,  1.64286E-02,  1.69008E-02,  1.73879E-02,  1.78860E-02,  1.83889E-02,  1.88874E-02,  1.93684E-02,  1.98145E-02,  2.02039E-02,  2.05111E-02,  2.07083E-02,  2.07682E-02,  2.06682E-02,  2.03946E-02,  1.99467E-02,  1.93395E-02,  1.86027E-02,  1.77768E-02,  1.69068E-02,  1.60347E-02,  1.51928E-02,  1.44004E-02,  1.36631E-02,  1.29756E-02,  1.23253E-02,  1.16975E-02,  1.10785E-02,  1.04578E-02,  9.82914E-03,  9.18996E-03,  8.54048E-03,  7.88260E-03,  7.21903E-03,  6.55265E-03,  5.88619E-03,  5.22216E-03,  4.56287E-03,  3.91052E-03,  3.26730E-03,  2.63540E-03,  2.01705E-03,  1.41445E-03,  8.29765E-04,  2.65017E-04, -2.77935E-04, -7.97458E-04, -1.29218E-03, -1.76102E-03, -2.20317E-03, -2.61813E-03, -3.00567E-03, -3.36579E-03,NA,NA,NA,NA,NA,NA,NA,NA,NA,NA,
NA,NA,NA,NA,NA,NA,NA,NA,  1.45295E-02,  1.49378E-02,  1.53656E-02,  1.58147E-02,  1.62871E-02,  1.67844E-02,  1.73079E-02,  1.78582E-02,  1.84347E-02,  1.90347E-02,  1.96528E-02,  2.02797E-02,  2.09011E-02,  2.14962E-02,  2.20373E-02,  2.24898E-02,  2.28137E-02,NA,NA,NA,NA,NA,NA,NA,NA,NA,  1.62633E-02,  1.53551E-02,  1.45384E-02,  1.37982E-02,  1.31109E-02,  1.24509E-02,  1.17969E-02,  1.11344E-02,  1.04563E-02,  9.76130E-03,  9.05185E-03,  8.33222E-03,  7.60704E-03,  6.88048E-03,  6.15596E-03,  5.43622E-03,  4.72358E-03,  4.02015E-03,  3.32802E-03,  2.64935E-03,  1.98642E-03,  1.34154E-03,  7.17030E-04,  1.15070E-04, -4.62322E-04, -1.01339E-03, -1.53668E-03, -2.03106E-03, -2.49573E-03, -2.93024E-03, -3.33442E-03, -3.70843E-03,NA,NA,NA,NA,NA,NA,NA,NA,NA,NA,
NA,NA,NA,NA,NA,NA,NA,  1.46964E-02,  1.51223E-02,  1.55698E-02,  1.60416E-02,  1.65405E-02,  1.70697E-02,  1.76323E-02,  1.82314E-02,  1.88697E-02,  1.95489E-02,  2.02686E-02,  2.10255E-02,  2.18117E-02,  2.26126E-02,  2.34047E-02,  2.41540E-02,NA,NA,NA,NA,NA,NA,NA,NA,NA,NA,NA,NA,NA,NA,NA,NA,NA,NA,NA,  1.11688E-02,  1.04034E-02,  9.61843E-03,  8.82231E-03,  8.02261E-03,  7.22512E-03,  6.43383E-03,  5.65138E-03,  4.87967E-03,  4.12033E-03,  3.37509E-03,  2.64591E-03,  1.93500E-03,  1.24476E-03,  5.77644E-04, -6.39757E-05, -6.77915E-04, -1.26228E-03, -1.81551E-03, -2.33644E-03, -2.82429E-03, -3.27867E-03, -3.69954E-03, -4.08719E-03, -4.44218E-03,NA,NA,NA,NA,NA,NA,NA,NA,NA,
NA,NA,NA,NA,NA,NA,  1.48313E-02,  1.52712E-02,  1.57339E-02,  1.62224E-02,  1.67404E-02,  1.72918E-02,  1.78813E-02,  1.85141E-02,  1.91958E-02,  1.99318E-02,  2.07273E-02,  2.15858E-02,  2.25081E-02,  2.34899E-02,  2.45188E-02,NA,NA,NA,NA,NA,NA,NA,NA,NA,NA,NA,NA,NA,NA,NA,NA,NA,NA,NA,NA,NA,NA,NA,NA,  9.35613E-03,  8.46443E-03,  7.58250E-03,  6.71431E-03,  5.86156E-03,  5.02495E-03,  4.20500E-03,  3.40263E-03,  2.61934E-03,  1.85717E-03,  1.11856E-03,  4.06123E-04, -2.77555E-04, -9.30079E-04, -1.54938E-03, -2.13381E-03, -2.68216E-03, -3.19367E-03, -3.66805E-03, -4.10540E-03, -4.50618E-03, -4.87118E-03, -5.20144E-03,NA,NA,NA,NA,NA,NA,NA,NA,
NA,NA,NA,NA,NA,NA,  1.53885E-02,  1.58628E-02,  1.63636E-02,  1.68944E-02,  1.74601E-02,  1.80660E-02,  1.87188E-02,  1.94258E-02,  2.01958E-02,  2.10382E-02,  2.19630E-02,  2.29798E-02,  2.40959E-02,  2.53145E-02,NA,NA,NA,NA,NA,NA,NA,NA,NA,NA,NA,NA,NA,NA,NA,NA,NA,NA,NA,NA,NA,NA,NA,NA,NA,NA,NA,  7.94427E-03,  6.98797E-03,  6.05737E-03,  5.15054E-03,  4.26590E-03,  3.40296E-03,  2.56242E-03,  1.74602E-03,  9.56252E-04,  1.95929E-04, -5.32069E-04, -1.22508E-03, -1.88083E-03, -2.49752E-03, -3.07392E-03, -3.60932E-03, -4.10354E-03, -4.55686E-03, -4.96997E-03, -5.34391E-03, -5.68001E-03,NA,NA,NA,NA,NA,NA,NA,NA,
NA,NA,NA,NA,NA,  1.54775E-02,  1.59612E-02,  1.64710E-02,  1.70106E-02,  1.75847E-02,  1.81990E-02,  1.88607E-02,  1.95783E-02,  2.03621E-02,  2.12245E-02,  2.21800E-02,  2.32450E-02,  2.44376E-02,  2.57758E-02,NA,NA,NA,NA,NA,NA,NA,NA,NA,NA,NA,NA,NA,NA,NA,NA,NA,NA,NA,NA,NA,NA,NA,NA,NA,NA,NA,NA,NA,  7.23975E-03,  6.22494E-03,  5.24411E-03,  4.29215E-03,  3.36632E-03,  2.46620E-03,  1.59318E-03,  7.49832E-04, -6.06634E-05, -8.35021E-04, -1.57020E-03, -2.26365E-03, -2.91342E-03, -3.51822E-03, -4.07741E-03, -4.59095E-03, -5.05936E-03, -5.48361E-03, -5.86503E-03, -6.20529E-03, -6.50627E-03,NA,NA,NA,NA,NA,NA,NA,
NA,NA,NA,NA,NA,  1.60327E-02,  1.65497E-02,  1.70954E-02,  1.76744E-02,  1.82921E-02,  1.89553E-02,  1.96729E-02,  2.04555E-02,  2.13166E-02,  2.22730E-02,  2.33449E-02,  2.45572E-02,  2.59390E-02,NA,NA,NA,NA,NA,NA,NA,NA,NA,NA,NA,NA,NA,NA,NA,NA,NA,NA,NA,NA,NA,NA,NA,NA,NA,NA,NA,NA,NA,NA,NA,NA,  5.28913E-03,  4.26976E-03,  3.28060E-03,  2.31985E-03,  1.38862E-03,  4.89845E-04, -3.72716E-04, -1.19515E-03, -1.97387E-03, -2.70596E-03, -3.38925E-03, -4.02239E-03, -4.60485E-03, -5.13677E-03, -5.61894E-03, -6.05266E-03, -6.43966E-03, -6.78195E-03, -7.08183E-03,NA,NA,NA,NA,NA,NA,NA,
NA,NA,NA,NA,NA,  1.66031E-02,  1.71540E-02,  1.77363E-02,  1.83548E-02,  1.90159E-02,  1.97275E-02,  2.04999E-02,  2.13461E-02,  2.22827E-02,  2.33312E-02,  2.45185E-02,  2.58790E-02,  2.74558E-02,NA,NA,NA,NA,NA,NA,NA,NA,NA,NA,NA,NA,NA,NA,NA,NA,NA,NA,NA,NA,NA,NA,NA,NA,NA,NA,NA,NA,NA,NA,NA,NA,NA,  4.18137E-03,  3.13115E-03,  2.11048E-03,  1.12060E-03,  1.65248E-04, -7.50762E-04, -1.62256E-03, -2.44579E-03, -3.21702E-03, -3.93382E-03, -4.59476E-03, -5.19943E-03, -5.74822E-03, -6.24226E-03, -6.68325E-03, -7.07334E-03, -7.41502E-03, -7.71102E-03, -7.96419E-03,NA,NA,NA,NA,NA,NA,
NA,NA,NA,NA,  1.66331E-02,  1.71893E-02,  1.77749E-02,  1.83941E-02,  1.90521E-02,  1.97561E-02,  2.05147E-02,  2.13398E-02,  2.22463E-02,  2.32540E-02,  2.43888E-02,  2.56846E-02,  2.71861E-02,NA,NA,NA,NA,NA,NA,NA,NA,NA,NA,NA,NA,NA,NA,NA,NA,NA,NA,NA,NA,NA,NA,NA,NA,NA,NA,NA,NA,NA,NA,NA,NA,NA,NA,NA,  2.90095E-03,  1.82322E-03,  7.75532E-04, -2.36697E-04, -1.20694E-03, -2.12887E-03, -2.99708E-03, -3.80741E-03, -4.55710E-03, -5.24467E-03, -5.86984E-03, -6.43332E-03, -6.93665E-03, -7.38202E-03, -7.77210E-03, -8.10991E-03, -8.39866E-03, -8.64172E-03,NA,NA,NA,NA,NA,NA,
NA,NA,NA,NA,  1.72024E-02,  1.77924E-02,  1.84134E-02,  1.90699E-02,  1.97674E-02,  2.05133E-02,  2.13172E-02,  2.21917E-02,  2.31537E-02,  2.42253E-02,  2.54365E-02,  2.68276E-02,  2.84532E-02,NA,NA,NA,NA,NA,NA,NA,NA,NA,NA,NA,NA,NA,NA,NA,NA,NA,NA,NA,NA,NA,NA,NA,NA,NA,NA,NA,NA,NA,NA,NA,NA,NA,NA,NA,  2.57087E-03,  1.44135E-03,  3.38056E-04, -7.30515E-04, -1.75514E-03, -2.72739E-03, -3.64039E-03, -4.48911E-03, -5.27035E-03, -5.98258E-03, -6.62573E-03, -7.20091E-03, -7.71016E-03, -8.15625E-03, -8.54246E-03, -8.87239E-03, -9.14987E-03, -9.37880E-03,NA,NA,NA,NA,NA,NA,
NA,NA,NA,  1.71931E-02,  1.77888E-02,  1.84137E-02,  1.90711E-02,  1.97655E-02,  2.05025E-02,  2.12895E-02,  2.21365E-02,  2.30567E-02,  2.40680E-02,  2.51943E-02,  2.64684E-02,  2.79354E-02,NA,NA,NA,NA,NA,NA,NA,NA,NA,NA,NA,NA,NA,NA,NA,NA,NA,NA,NA,NA,NA,NA,NA,NA,NA,NA,NA,NA,NA,NA,NA,NA,NA,NA,NA,NA,NA,  9.46557E-04, -2.08968E-04, -1.33261E-03, -2.41114E-03, -3.43323E-03, -4.39012E-03, -5.27567E-03, -6.08620E-03, -6.82017E-03, -7.47780E-03, -8.06070E-03, -8.57153E-03, -9.01376E-03, -9.39135E-03, -9.70862E-03, -9.97004E-03, -1.01801E-02, -1.03433E-02,NA,NA,NA,NA,NA,
NA,NA,NA,  1.77626E-02,  1.83935E-02,  1.90550E-02,  1.97503E-02,  2.04836E-02,  2.12604E-02,  2.20879E-02,  2.29761E-02,  2.39382E-02,  2.49920E-02,  2.61624E-02,  2.74832E-02,  2.90021E-02,NA,NA,NA,NA,NA,NA,NA,NA,NA,NA,NA,NA,NA,NA,NA,NA,NA,NA,NA,NA,NA,NA,NA,NA,NA,NA,NA,NA,NA,NA,NA,NA,NA,NA,NA,NA,NA,NA, -8.84412E-04, -2.06137E-03, -3.19278E-03, -4.26353E-03, -5.26251E-03, -6.18230E-03, -7.01876E-03, -7.77039E-03, -8.43782E-03, -9.02330E-03, -9.53026E-03, -9.96296E-03, -1.03262E-02, -1.06251E-02, -1.08648E-02, -1.10505E-02, -1.11874E-02,NA,NA,NA,NA,NA,
NA,NA,NA,  1.83502E-02,  1.90185E-02,  1.97187E-02,  2.04538E-02,  2.12276E-02,  2.20452E-02,  2.29135E-02,  2.38416E-02,  2.48421E-02,  2.59324E-02,  2.71363E-02,  2.84870E-02,  3.00315E-02,NA,NA,NA,NA,NA,NA,NA,NA,NA,NA,NA,NA,NA,NA,NA,NA,NA,NA,NA,NA,NA,NA,NA,NA,NA,NA,NA,NA,NA,NA,NA,NA,NA,NA,NA,NA,NA,NA, -1.70893E-03, -2.93740E-03, -4.12021E-03, -5.23764E-03, -6.27584E-03, -7.22607E-03, -8.08374E-03, -8.84754E-03, -9.51868E-03, -1.01002E-02, -1.05965E-02, -1.10128E-02, -1.13548E-02, -1.16285E-02, -1.18399E-02, -1.19950E-02, -1.20994E-02,NA,NA,NA,NA,NA,
NA,NA,NA,  1.89572E-02,  1.96657E-02,  2.04074E-02,  2.11850E-02,  2.20018E-02,  2.28623E-02,  2.37726E-02,  2.47407E-02,  2.57780E-02,  2.69000E-02,  2.81284E-02,  2.94937E-02,  3.10392E-02,NA,NA,NA,NA,NA,NA,NA,NA,NA,NA,NA,NA,NA,NA,NA,NA,NA,NA,NA,NA,NA,NA,NA,NA,NA,NA,NA,NA,NA,NA,NA,NA,NA,NA,NA,NA,NA,NA,NA, -3.98376E-03, -5.21614E-03, -6.37735E-03, -7.45066E-03, -8.42598E-03, -9.29848E-03, -1.00673E-02, -1.07344E-02, -1.13039E-02, -1.17812E-02, -1.21728E-02, -1.24854E-02, -1.27259E-02, -1.29014E-02, -1.30185E-02, -1.30836E-02, -1.31028E-02,NA,NA,NA,NA,
NA,NA,  1.88666E-02,  1.95854E-02,  2.03373E-02,  2.11240E-02,  2.19478E-02,  2.28114E-02,  2.37183E-02,  2.46735E-02,  2.56836E-02,  2.67580E-02,  2.79098E-02,  2.91573E-02,  3.05263E-02,  3.20535E-02,NA,NA,NA,NA,NA,NA,NA,NA,NA,NA,NA,NA,NA,NA,NA,NA,NA,NA,NA,NA,NA,NA,NA,NA,NA,NA,NA,NA,NA,NA,NA,NA,NA,NA,NA,NA,NA,NA,NA, -5.22645E-03, -6.50621E-03, -7.70721E-03, -8.80988E-03, -9.80311E-03, -1.06821E-02, -1.14467E-02, -1.21001E-02, -1.26475E-02, -1.30959E-02, -1.34528E-02, -1.37263E-02, -1.39245E-02, -1.40552E-02, -1.41260E-02, -1.41441E-02, -1.41160E-02,NA,NA,NA,NA,
NA,NA,  1.94722E-02,  2.02362E-02,  2.10356E-02,  2.18719E-02,  2.27467E-02,  2.36621E-02,  2.46206E-02,  2.56258E-02,  2.66825E-02,  2.77977E-02,  2.89811E-02,  3.02470E-02,  3.16152E-02,  3.31139E-02,NA,NA,NA,NA,NA,NA,NA,NA,NA,NA,NA,NA,NA,NA,NA,NA,NA,NA,NA,NA,NA,NA,NA,NA,NA,NA,NA,NA,NA,NA,NA,NA,NA,NA,NA,NA,NA,NA,NA, -6.69494E-03, -8.01937E-03, -9.25471E-03, -1.03791E-02, -1.13807E-02, -1.22555E-02, -1.30044E-02, -1.36320E-02, -1.41453E-02, -1.45526E-02, -1.48632E-02, -1.50864E-02, -1.52314E-02, -1.53073E-02, -1.53224E-02, -1.52847E-02, -1.52013E-02,NA,NA,NA,NA,
NA,NA,  2.00975E-02,  2.09110E-02,  2.17629E-02,  2.26543E-02,  2.35864E-02,  2.45604E-02,  2.55777E-02,  2.66405E-02,  2.77514E-02,  2.89148E-02,  3.01367E-02,  3.14264E-02,  3.27974E-02,  3.42685E-02,NA,NA,NA,NA,NA,NA,NA,NA,NA,NA,NA,NA,NA,NA,NA,NA,NA,NA,NA,NA,NA,NA,NA,NA,NA,NA,NA,NA,NA,NA,NA,NA,NA,NA,NA,NA,NA,NA,NA,NA, -9.78840E-03, -1.10507E-02, -1.21865E-02, -1.31844E-02, -1.40414E-02, -1.47603E-02, -1.53475E-02, -1.58120E-02, -1.61641E-02, -1.64145E-02, -1.65743E-02, -1.66539E-02, -1.66635E-02, -1.66123E-02, -1.65091E-02, -1.63615E-02,NA,NA,NA,NA,
NA,NA,  2.07430E-02,  2.16110E-02,  2.25212E-02,  2.34744E-02,  2.44714E-02,  2.55127E-02,  2.65985E-02,  2.77294E-02,  2.89059E-02,  3.01293E-02,  3.14019E-02,  3.27278E-02,  3.41139E-02,  3.55704E-02,NA,NA,NA,NA,NA,NA,NA,NA,NA,NA,NA,NA,NA,NA,NA,NA,NA,NA,NA,NA,NA,NA,NA,NA,NA,NA,NA,NA,NA,NA,NA,NA,NA,NA,NA,NA,NA,NA,NA,NA, -1.18504E-02, -1.31297E-02, -1.42637E-02, -1.52423E-02, -1.60646E-02, -1.67357E-02, -1.72648E-02, -1.76631E-02, -1.79431E-02, -1.81174E-02, -1.81988E-02, -1.81990E-02, -1.81293E-02, -1.80001E-02, -1.78204E-02, -1.75989E-02,NA,NA,NA,NA,
NA,NA,  2.14088E-02,  2.23370E-02,  2.33122E-02,  2.43351E-02,  2.54063E-02,  2.65255E-02,  2.76921E-02,  2.89050E-02,  3.01625E-02,  3.14628E-02,  3.28043E-02,  3.41861E-02,  3.56087E-02,  3.70745E-02,NA,NA,NA,NA,NA,NA,NA,NA,NA,NA,NA,NA,NA,NA,NA,NA,NA,NA,NA,NA,NA,NA,NA,NA,NA,NA,NA,NA,NA,NA,NA,NA,NA,NA,NA,NA,NA,NA,NA,NA, -1.42473E-02, -1.55302E-02, -1.66452E-02, -1.75848E-02, -1.83515E-02, -1.89536E-02, -1.94033E-02, -1.97148E-02, -1.99029E-02, -1.99826E-02, -1.99683E-02, -1.98733E-02, -1.97099E-02, -1.94893E-02, -1.92215E-02, -1.89153E-02,NA,NA,NA,NA,
NA,NA,  2.20945E-02,  2.30890E-02,  2.41367E-02,  2.52385E-02,  2.63947E-02,  2.76049E-02,  2.88674E-02,  3.01797E-02,  3.15381E-02,  3.29378E-02,  3.43731E-02,  3.58381E-02,  3.73272E-02,  3.88361E-02,  4.03623E-02,NA,NA,NA,NA,NA,NA,NA,NA,NA,NA,NA,NA,NA,NA,NA,NA,NA,NA,NA,NA,NA,NA,NA,NA,NA,NA,NA,NA,NA,NA,NA,NA,NA,NA,NA,NA,NA,NA,NA, -1.70268E-02, -1.82956E-02, -1.93693E-02, -2.02455E-02, -2.09308E-02, -2.14380E-02, -2.17829E-02, -2.19832E-02, -2.20567E-02, -2.20205E-02, -2.18909E-02, -2.16828E-02, -2.14096E-02, -2.10833E-02, -2.07143E-02, -2.03119E-02,NA,NA,NA,NA,
NA,NA,  2.27985E-02,  2.38661E-02,  2.49947E-02,  2.61857E-02,  2.74395E-02,  2.87557E-02,  3.01323E-02,  3.15656E-02,  3.30499E-02,  3.45777E-02,  3.61391E-02,  3.77231E-02,  3.93177E-02,  4.09121E-02,  4.24979E-02,NA,NA,NA,NA,NA,NA,NA,NA,NA,NA,NA,NA,NA,NA,NA,NA,NA,NA,NA,NA,NA,NA,NA,NA,NA,NA,NA,NA,NA,NA,NA,NA,NA,NA,NA,NA,NA,NA,NA, -2.02435E-02, -2.14742E-02, -2.24787E-02, -2.32608E-02, -2.38333E-02, -2.42143E-02, -2.44244E-02, -2.44851E-02, -2.44173E-02, -2.42409E-02, -2.39740E-02, -2.36329E-02, -2.32320E-02, -2.27841E-02, -2.23000E-02, -2.17891E-02, -2.12592E-02,NA,NA,NA,
NA,NA,  2.35187E-02,  2.46665E-02,  2.58850E-02,  2.71764E-02,  2.85419E-02,  2.99816E-02,  3.14935E-02,  3.30734E-02,  3.47144E-02,  3.64060E-02,  3.81346E-02,  3.98832E-02,  4.16328E-02,  4.33645E-02,  4.50632E-02,  4.67229E-02,NA,NA,NA,NA,NA,NA,NA,NA,NA,NA,NA,NA,NA,NA,NA,NA,NA,NA,NA,NA,NA,NA,NA,NA,NA,NA,NA,NA,NA,NA,NA,NA,NA,NA,NA,NA,NA,NA, -2.39599E-02, -2.51212E-02, -2.60205E-02, -2.66704E-02, -2.70917E-02, -2.73091E-02, -2.73488E-02, -2.72366E-02, -2.69972E-02, -2.66530E-02, -2.62239E-02, -2.57277E-02, -2.51797E-02, -2.45930E-02, -2.39787E-02, -2.33460E-02, -2.27028E-02, -2.20555E-02,NA,NA,
NA,  2.30946E-02,  2.42516E-02,  2.54868E-02,  2.68045E-02,  2.82083E-02,  2.97010E-02,  3.12836E-02,  3.29553E-02,  3.47121E-02,  3.65464E-02,  3.84459E-02,  4.03930E-02,  4.23645E-02,  4.43324E-02,  4.62669E-02,  4.81413E-02,NA,NA,NA,NA,NA,NA,NA,NA,NA,NA,NA,NA,NA,NA,NA,NA,NA,NA,NA,NA,NA,NA,NA,NA,NA,NA,NA,NA,NA,NA,NA,NA,NA,NA,NA,NA,NA,NA,NA, -2.82489E-02, -2.92993E-02, -3.00476E-02, -3.05180E-02, -3.07412E-02, -3.07500E-02, -3.05772E-02, -3.02537E-02, -2.98077E-02, -2.92644E-02, -2.86456E-02, -2.79700E-02, -2.72536E-02, -2.65097E-02, -2.57491E-02, -2.49810E-02, -2.42126E-02, -2.34498E-02, -2.26971E-02,NA,
  2.25985E-02,  2.37534E-02,  2.49925E-02,  2.63221E-02,  2.77484E-02,  2.92771E-02,  3.09131E-02,  3.26598E-02,  3.45185E-02,  3.64869E-02,  3.85581E-02,  4.07190E-02,  4.29488E-02,  4.52178E-02,  4.74871E-02,NA,NA,NA,NA,NA,NA,NA,NA,NA,NA,NA,NA,NA,NA,NA,NA,NA,NA,NA,NA,NA,NA,NA,NA,NA,NA,NA,NA,NA,NA,NA,NA,NA,NA,NA,NA,NA,NA,NA,NA,NA, -3.31961E-02, -3.40808E-02, -3.46194E-02, -3.48512E-02, -3.48189E-02, -3.45653E-02, -3.41305E-02, -3.35510E-02, -3.28587E-02, -3.20813E-02, -3.12422E-02, -3.03608E-02, -2.94531E-02, -2.85323E-02, -2.76088E-02, -2.66909E-02, -2.57851E-02, -2.48964E-02, -2.40286E-02, -2.31844E-02,
  2.31797E-02,  2.44093E-02,  2.57351E-02,  2.71656E-02,  2.87094E-02,  3.03751E-02,  3.21710E-02,  3.41041E-02,  3.61793E-02,  3.83980E-02,  4.07564E-02,  4.32428E-02,  4.58351E-02,  4.84977E-02,NA,NA,NA,NA,NA,NA,NA,NA,NA,NA,NA,NA,NA,NA,NA,NA,NA,NA,NA,NA,NA,NA,NA,NA,NA,NA,NA,NA,NA,NA,NA,NA,NA,NA,NA,NA,NA,NA,NA,NA,NA,NA, -3.89034E-02, -3.95494E-02, -3.98027E-02, -3.97216E-02, -3.93637E-02, -3.87832E-02, -3.80283E-02, -3.71413E-02, -3.61577E-02, -3.51073E-02, -3.40144E-02, -3.28986E-02, -3.17755E-02, -3.06572E-02, -2.95533E-02, -2.84709E-02, -2.74153E-02, -2.63904E-02, -2.53987E-02, -2.44420E-02,
  2.37489E-02,  2.50555E-02,  2.64717E-02,  2.80084E-02,  2.96776E-02,  3.14917E-02,  3.34634E-02,  3.56050E-02,  3.79274E-02,  4.04383E-02,  4.31403E-02,  4.60271E-02,  4.90793E-02,NA,NA,NA,NA,NA,NA,NA,NA,NA,NA,NA,NA,NA,NA,NA,NA,NA,NA,NA,NA,NA,NA,NA,NA,NA,NA,NA,NA,NA,NA,NA,NA,NA,NA,NA,NA,NA,NA,NA,NA,NA,NA,NA, -4.54927E-02, -4.58023E-02, -4.56725E-02, -4.51850E-02, -4.44154E-02, -4.34307E-02, -4.22878E-02, -4.10344E-02, -3.97091E-02, -3.83429E-02, -3.69601E-02, -3.55794E-02, -3.42153E-02, -3.28783E-02, -3.15763E-02, -3.03147E-02, -2.90971E-02, -2.79258E-02, -2.68018E-02, -2.57255E-02,
  2.42994E-02,  2.56842E-02,  2.71929E-02,  2.88397E-02,  3.06404E-02,  3.26122E-02,  3.47738E-02,  3.71447E-02,  3.97442E-02,  4.25904E-02,  4.56967E-02,  4.90686E-02,NA,NA,NA,NA,NA,NA,NA,NA,NA,NA,NA,NA,NA,NA,NA,NA,NA,NA,NA,NA,NA,NA,NA,NA,NA,NA,NA,NA,NA,NA,NA,NA,NA,NA,NA,NA,NA,NA,NA,NA,NA,NA,NA, -5.26683E-02, -5.31109E-02, -5.29520E-02, -5.23116E-02, -5.12999E-02, -5.00132E-02, -4.85322E-02, -4.69224E-02, -4.52359E-02, -4.35130E-02, -4.17844E-02, -4.00730E-02, -3.83957E-02, -3.67644E-02, -3.51871E-02, -3.36693E-02, -3.22139E-02, -3.08225E-02, -2.94950E-02, -2.82308E-02, -2.70285E-02,
  2.48238E-02,  2.62864E-02,  2.78881E-02,  2.96466E-02,  3.15823E-02,  3.37183E-02,  3.60805E-02,  3.86978E-02,  4.16014E-02,  4.48236E-02,  4.83956E-02,NA,NA,NA,NA,NA,NA,NA,NA,NA,NA,NA,NA,NA,NA,NA,NA,NA,NA,NA,NA,NA,NA,NA,NA,NA,NA,NA,NA,NA,NA,NA,NA,NA,NA,NA,NA,NA,NA,NA,NA,NA,NA,NA,NA,NA,NA,NA, -5.98094E-02, -5.81249E-02, -5.61927E-02, -5.41067E-02, -5.19395E-02, -4.97453E-02, -4.75636E-02, -4.54229E-02, -4.33427E-02, -4.13360E-02, -3.94110E-02, -3.75722E-02, -3.58213E-02, -3.41584E-02, -3.25818E-02, -3.10892E-02, -2.96776E-02, -2.83434E-02,
  2.53141E-02,  2.68523E-02,  2.85451E-02,  3.04142E-02,  3.24851E-02,  3.47875E-02,  3.73562E-02,  4.02313E-02,  4.34591E-02,  4.70914E-02,  5.11847E-02,NA,NA,NA,NA,NA,NA,NA,NA,NA,NA,NA,NA,NA,NA,NA,NA,NA,NA,NA,NA,NA,NA,NA,NA,NA,NA,NA,NA,NA,NA,NA,NA,NA,NA,NA,NA,NA,NA,NA,NA,NA,NA,NA,NA,NA,NA,NA,NA,NA, -6.29820E-02, -6.01644E-02, -5.73375E-02, -5.45535E-02, -5.18479E-02, -4.92431E-02, -4.67529E-02, -4.43843E-02, -4.21399E-02, -4.00190E-02, -3.80189E-02, -3.61355E-02, -3.43638E-02, -3.26981E-02, -3.11328E-02, -2.96620E-02,
  2.57619E-02,  2.73717E-02,  2.91513E-02,  3.11266E-02,  3.33287E-02,  3.57945E-02,  3.85685E-02,  4.17042E-02,  4.52657E-02,  4.93294E-02,NA,NA,NA,NA,NA,NA,NA,NA,NA,NA,NA,NA,NA,NA,NA,NA,NA,NA,NA,NA,NA,NA,NA,NA,NA,NA,NA,NA,NA,NA,NA,NA,NA,NA,NA,NA,NA,NA,NA,NA,NA,NA,NA,NA,NA,NA,NA,NA,NA,NA,NA,NA, -6.31020E-02, -5.96409E-02, -5.63435E-02, -5.32223E-02, -5.02815E-02, -4.75195E-02, -4.49313E-02, -4.25096E-02, -4.02458E-02, -3.81308E-02, -3.61553E-02, -3.43100E-02, -3.25860E-02, -3.09748E-02,
  2.61592E-02,  2.78341E-02,  2.96934E-02,  3.17671E-02,  3.40915E-02,  3.67113E-02,  3.96812E-02,  4.30690E-02,  4.69589E-02,  5.14560E-02,NA,NA,NA,NA,NA,NA,NA,NA,NA,NA,NA,NA,NA,NA,NA,NA,NA,NA,NA,NA,NA,NA,NA,NA,NA,NA,NA,NA,NA,NA,NA,NA,NA,NA,NA,NA,NA,NA,NA,NA,NA,NA,NA,NA,NA,NA,NA,NA,NA,NA,NA,NA,NA, -6.49738E-02, -6.10171E-02, -5.73288E-02, -5.38993E-02, -5.07152E-02, -4.77616E-02, -4.50227E-02, -4.24830E-02, -4.01274E-02, -3.79414E-02, -3.59117E-02, -3.40257E-02, -3.22717E-02,
  2.64979E-02,  2.82297E-02,  3.01588E-02,  3.23191E-02,  3.47521E-02,  3.75096E-02,  4.06564E-02,  4.42747E-02,  4.84694E-02,NA,NA,NA,NA,NA,NA,NA,NA,NA,NA,NA,NA,NA,NA,NA,NA,NA,NA,NA,NA,NA,NA,NA,NA,NA,NA,NA,NA,NA,NA,NA,NA,NA,NA,NA,NA,NA,NA,NA,NA,NA,NA,NA,NA,NA,NA,NA,NA,NA,NA,NA,NA,NA,NA,NA, -6.58231E-02, -6.15215E-02, -5.75697E-02, -5.39391E-02, -5.06024E-02, -4.75337E-02, -4.47091E-02, -4.21065E-02, -3.97058E-02, -3.74889E-02, -3.54392E-02, -3.35417E-02,
  2.67711E-02,  2.85494E-02,  3.05358E-02,  3.27673E-02,  3.52900E-02,  3.81621E-02,  4.14571E-02,  4.52703E-02,  4.97255E-02,NA,NA,NA,NA,NA,NA,NA,NA,NA,NA,NA,NA,NA,NA,NA,NA,NA,NA,NA,NA,NA,NA,NA,NA,NA,NA,NA,NA,NA,NA,NA,NA,NA,NA,NA,NA,NA,NA,NA,NA,NA,NA,NA,NA,NA,NA,NA,NA,NA,NA,NA,NA,NA,NA,NA,NA, -6.57495E-02, -6.12489E-02, -5.71536E-02, -5.34215E-02, -5.00148E-02, -4.69000E-02, -4.40475E-02, -4.14308E-02, -3.90263E-02, -3.68132E-02, -3.47731E-02,
  2.69730E-02,  2.87858E-02,  3.08146E-02,  3.30989E-02,  3.56881E-02,  3.86452E-02,  4.20506E-02,  4.60096E-02,  5.06613E-02,NA,NA,NA,NA,NA,NA,NA,NA,NA,NA,NA,NA,NA,NA,NA,NA,NA,NA,NA,NA,NA,NA,NA,NA,NA,NA,NA,NA,NA,NA,NA,NA,NA,NA,NA,NA,NA,NA,NA,NA,NA,NA,NA,NA,NA,NA,NA,NA,NA,NA,NA,NA,NA,NA,NA,NA, -6.99523E-02, -6.48864E-02, -6.03162E-02, -5.61829E-02, -5.24355E-02, -4.90301E-02, -4.59284E-02, -4.30973E-02, -4.05076E-02, -3.81339E-02, -3.59540E-02,
  2.70993E-02,  2.89333E-02,  3.09880E-02,  3.33042E-02,  3.59333E-02,  3.89410E-02,  4.24119E-02,  4.64571E-02,  5.12246E-02,NA,NA,NA,NA,NA,NA,NA,NA,NA,NA,NA,NA,NA,NA,NA,NA,NA,NA,NA,NA,NA,NA,NA,NA,NA,NA,NA,NA,NA,NA,NA,NA,NA,NA,NA,NA,NA,NA,NA,NA,NA,NA,NA,NA,NA,NA,NA,NA,NA,NA,NA,NA,NA,NA,NA,NA,NA, -6.84258E-02, -6.33802E-02, -5.88478E-02, -5.47633E-02, -5.10718E-02, -4.77261E-02, -4.46858E-02, -4.19161E-02, -3.93870E-02, -3.70722E-02,
  2.71476E-02,  2.89888E-02,  3.10518E-02,  3.33777E-02,  3.60182E-02,  3.90394E-02,  4.25265E-02,  4.65917E-02,  5.13845E-02,NA,NA,NA,NA,NA,NA,NA,NA,NA,NA,NA,NA,NA,NA,NA,NA,NA,NA,NA,NA,NA,NA,NA,NA,NA,NA,NA,NA,NA,NA,NA,NA,NA,NA,NA,NA,NA,NA,NA,NA,NA,NA,NA,NA,NA,NA,NA,NA,NA,NA,NA,NA,NA,NA,NA,NA,NA, -7.18069E-02, -6.62964E-02, -6.13755E-02, -5.69646E-02, -5.29971E-02, -4.94169E-02, -4.61764E-02, -4.32351E-02, -4.05582E-02, -3.81156E-02,
  2.71173E-02,  2.89517E-02,  3.10054E-02,  3.33185E-02,  3.59416E-02,  3.89386E-02,  4.23922E-02,  4.64103E-02,  5.11362E-02,NA,NA,NA,NA,NA,NA,NA,NA,NA,NA,NA,NA,NA,NA,NA,NA,NA,NA,NA,NA,NA,NA,NA,NA,NA,NA,NA,NA,NA,NA,NA,NA,NA,NA,NA,NA,NA,NA,NA,NA,NA,NA,NA,NA,NA,NA,NA,NA,NA,NA,NA,NA,NA,NA,NA,NA,NA,NA, -6.90145E-02, -6.37250E-02, -5.90053E-02, -5.47778E-02, -5.09774E-02, -4.75496E-02, -4.44480E-02, -4.16335E-02, -3.90723E-02,
  2.70099E-02,  2.88239E-02,  3.08514E-02,  3.31304E-02,  3.57087E-02,  3.86461E-02,  4.20194E-02,  4.59278E-02,  5.05016E-02,NA,NA,NA,NA,NA,NA,NA,NA,NA,NA,NA,NA,NA,NA,NA,NA,NA,NA,NA,NA,NA,NA,NA,NA,NA,NA,NA,NA,NA,NA,NA,NA,NA,NA,NA,NA,NA,NA,NA,NA,NA,NA,NA,NA,NA,NA,NA,NA,NA,NA,NA,NA,NA,NA,NA,NA,NA,NA, -7.14850E-02, -6.58558E-02, -6.08525E-02, -5.63866E-02, -5.23850E-02, -4.87863E-02, -4.55390E-02, -4.25996E-02, -3.99310E-02,
  2.68288E-02,  2.86100E-02,  3.05959E-02,  3.28216E-02,  3.53307E-02,  3.81773E-02,  4.14299E-02,  4.51755E-02,  4.95265E-02,NA,NA,NA,NA,NA,NA,NA,NA,NA,NA,NA,NA,NA,NA,NA,NA,NA,NA,NA,NA,NA,NA,NA,NA,NA,NA,NA,NA,NA,NA,NA,NA,NA,NA,NA,NA,NA,NA,NA,NA,NA,NA,NA,NA,NA,NA,NA,NA,NA,NA,NA,NA,NA,NA,NA,NA,NA,NA,NA, -6.77300E-02, -6.24748E-02, -5.77979E-02, -5.36184E-02, -4.98690E-02, -4.64934E-02, -4.34443E-02, -4.06813E-02,
  2.65790E-02,  2.83165E-02,  3.02475E-02,  3.24037E-02,  3.48234E-02,  3.75542E-02,  4.06544E-02,  4.41970E-02,  4.82740E-02,  5.30012E-02,NA,NA,NA,NA,NA,NA,NA,NA,NA,NA,NA,NA,NA,NA,NA,NA,NA,NA,NA,NA,NA,NA,NA,NA,NA,NA,NA,NA,NA,NA,NA,NA,NA,NA,NA,NA,NA,NA,NA,NA,NA,NA,NA,NA,NA,NA,NA,NA,NA,NA,NA,NA,NA,NA,NA,NA,NA,NA, -6.93130E-02, -6.38442E-02, -5.89885E-02, -5.46585E-02, -5.07818E-02, -4.72980E-02, -4.41564E-02, -4.13140E-02,
  2.62666E-02,  2.79516E-02,  2.98172E-02,  3.18911E-02,  3.42064E-02,  3.68031E-02,  3.97292E-02,  4.30432E-02,  4.68160E-02,  5.11335E-02,NA,NA,NA,NA,NA,NA,NA,NA,NA,NA,NA,NA,NA,NA,NA,NA,NA,NA,NA,NA,NA,NA,NA,NA,NA,NA,NA,NA,NA,NA,NA,NA,NA,NA,NA,NA,NA,NA,NA,NA,NA,NA,NA,NA,NA,NA,NA,NA,NA,NA,NA,NA,NA,NA,NA,NA,NA,NA, -7.05752E-02, -6.49364E-02, -5.99385E-02, -5.54889E-02, -5.15112E-02, -4.79415E-02, -4.47266E-02, -4.18212E-02,
  2.58989E-02,  2.75244E-02,  2.93168E-02,  3.12997E-02,  3.35007E-02,  3.59525E-02,  3.86930E-02,  4.17668E-02,  4.52256E-02,  4.91285E-02,  5.35415E-02,NA,NA,NA,NA,NA,NA,NA,NA,NA,NA,NA,NA,NA,NA,NA,NA,NA,NA,NA,NA,NA,NA,NA,NA,NA,NA,NA,NA,NA,NA,NA,NA,NA,NA,NA,NA,NA,NA,NA,NA,NA,NA,NA,NA,NA,NA,NA,NA,NA,NA,NA,NA,NA,NA,NA,NA,NA, -7.14926E-02, -6.57318E-02, -6.06319E-02, -5.60966E-02, -5.20464E-02, -4.84150E-02, -4.51473E-02, -4.21967E-02,
  2.54834E-02,  2.70449E-02,  2.87591E-02,  3.06459E-02,  3.27278E-02,  3.50305E-02,  3.75832E-02,  4.04180E-02,  4.35703E-02,  4.70771E-02,  5.09751E-02,NA,NA,NA,NA,NA,NA,NA,NA,NA,NA,NA,NA,NA,NA,NA,NA,NA,NA,NA,NA,NA,NA,NA,NA,NA,NA,NA,NA,NA,NA,NA,NA,NA,NA,NA,NA,NA,NA,NA,NA,NA,NA,NA,NA,NA,NA,NA,NA,NA,NA,NA,NA,NA,NA,NA,NA,NA, -7.20478E-02, -6.62163E-02, -6.10572E-02, -5.64720E-02, -5.23795E-02, -4.87121E-02, -4.54134E-02, -4.24360E-02,
  2.50279E-02,  2.65225E-02,  2.81562E-02,  2.99453E-02,  3.19078E-02,  3.40635E-02,  3.64338E-02,  3.90410E-02,  4.19075E-02,  4.50537E-02,  4.84951E-02,  5.22372E-02,NA,NA,NA,NA,NA,NA,NA,NA,NA,NA,NA,NA,NA,NA,NA,NA,NA,NA,NA,NA,NA,NA,NA,NA,NA,NA,NA,NA,NA,NA,NA,NA,NA,NA,NA,NA,NA,NA,NA,NA,NA,NA,NA,NA,NA,NA,NA,NA,NA,NA,NA,NA,NA,NA,NA,NA, -7.22304E-02, -6.63815E-02, -6.12076E-02, -5.66097E-02, -5.25061E-02, -4.88289E-02, -4.55216E-02, -4.25365E-02,
  2.45396E-02,  2.59665E-02,  2.75197E-02,  2.92123E-02,  3.10588E-02,  3.30741E-02,  3.52735E-02,  3.76720E-02,  4.02824E-02,  4.31138E-02,  4.61681E-02,  4.94356E-02,  5.28883E-02,NA,NA,NA,NA,NA,NA,NA,NA,NA,NA,NA,NA,NA,NA,NA,NA,NA,NA,NA,NA,NA,NA,NA,NA,NA,NA,NA,NA,NA,NA,NA,NA,NA,NA,NA,NA,NA,NA,NA,NA,NA,NA,NA,NA,NA,NA,NA,NA,NA,NA,NA,NA,NA,NA,NA, -7.20377E-02, -6.62254E-02, -6.10816E-02, -5.65084E-02, -5.24251E-02, -4.87648E-02, -4.54713E-02, -4.24977E-02,
  2.40254E-02,  2.53851E-02,  2.68595E-02,  2.84593E-02,  3.01958E-02,  3.20806E-02,  3.41247E-02,  3.63377E-02,  3.87267E-02,  4.12940E-02,  4.40342E-02,  4.69308E-02,  4.99505E-02,  5.30371E-02,NA,NA,NA,NA,NA,NA,NA,NA,NA,NA,NA,NA,NA,NA,NA,NA,NA,NA,NA,NA,NA,NA,NA,NA,NA,NA,NA,NA,NA,NA,NA,NA,NA,NA,NA,NA,NA,NA,NA,NA,NA,NA,NA,NA,NA,NA,NA,NA,NA,NA,NA,NA,NA,NA, -7.14749E-02, -6.57523E-02, -6.06827E-02, -5.61711E-02, -5.21392E-02, -4.85217E-02, -4.52643E-02, -4.23209E-02,
  2.34912E-02,  2.47855E-02,  2.61841E-02,  2.76961E-02,  2.93307E-02,  3.10970E-02,  3.30032E-02,  3.50562E-02,  3.72599E-02,  3.96140E-02,  4.21111E-02,  4.47342E-02,  4.74521E-02,NA,NA,NA,NA,NA,NA,NA,NA,NA,NA,NA,NA,NA,NA,NA,NA,NA,NA,NA,NA,NA,NA,NA,NA,NA,NA,NA,NA,NA,NA,NA,NA,NA,NA,NA,NA,NA,NA,NA,NA,NA,NA,NA,NA,NA,NA,NA,NA,NA,NA,NA,NA,NA,NA,NA, -7.05548E-02, -6.49728E-02, -6.00198E-02, -5.56051E-02, -5.16542E-02, -4.81047E-02, -4.49046E-02, -4.20097E-02,
  2.29422E-02,  2.41734E-02,  2.55002E-02,  2.69304E-02,  2.84718E-02,  3.01321E-02,  3.19185E-02,  3.38367E-02,  3.58902E-02,  3.80790E-02,  4.03981E-02,  4.28347E-02,NA,NA,NA,NA,NA,NA,NA,NA,NA,NA,NA,NA,NA,NA,NA,NA,NA,NA,NA,NA,NA,NA,NA,NA,NA,NA,NA,NA,NA,NA,NA,NA,NA,NA,NA,NA,NA,NA,NA,NA,NA,NA,NA,NA,NA,NA,NA,NA,NA,NA,NA,NA,NA,NA,NA,NA, -6.92980E-02, -6.39039E-02, -5.91065E-02, -5.48217E-02, -5.09794E-02, -4.75214E-02, -4.43986E-02, -4.15694E-02,
  2.23823E-02,  2.35534E-02,  2.48126E-02,  2.61671E-02,  2.76241E-02,  2.91909E-02,  3.08745E-02,  3.26811E-02,  3.46159E-02,  3.66820E-02,  3.88794E-02,NA,NA,NA,NA,NA,NA,NA,NA,NA,NA,NA,NA,NA,NA,NA,NA,NA,NA,NA,NA,NA,NA,NA,NA,NA,NA,NA,NA,NA,NA,NA,NA,NA,NA,NA,NA,NA,NA,NA,NA,NA,NA,NA,NA,NA,NA,NA,NA,NA,NA,NA,NA,NA,NA,NA,NA, -7.35468E-02, -6.77319E-02, -6.25676E-02, -5.79611E-02, -5.38357E-02, -5.01272E-02, -4.67820E-02, -4.37547E-02, -4.10068E-02,
  2.18149E-02,  2.29287E-02,  2.41246E-02,  2.54093E-02,  2.67901E-02,  2.82744E-02,  2.98701E-02,  3.15853E-02,  3.34280E-02,  3.54062E-02,  3.75279E-02,NA,NA,NA,NA,NA,NA,NA,NA,NA,NA,NA,NA,NA,NA,NA,NA,NA,NA,NA,NA,NA,NA,NA,NA,NA,NA,NA,NA,NA,NA,NA,NA,NA,NA,NA,NA,NA,NA,NA,NA,NA,NA,NA,NA,NA,NA,NA,NA,NA,NA,NA,NA,NA,NA,NA,NA, -7.13839E-02, -6.58899E-02, -6.09911E-02, -5.66056E-02, -5.26651E-02, -4.91123E-02, -4.58987E-02, -4.29832E-02, -4.03307E-02,
  2.12422E-02,  2.23016E-02,  2.34380E-02,  2.46582E-02,  2.59697E-02,  2.73808E-02,  2.89008E-02,  3.05402E-02,  3.23112E-02,  3.42279E-02,NA,NA,NA,NA,NA,NA,NA,NA,NA,NA,NA,NA,NA,NA,NA,NA,NA,NA,NA,NA,NA,NA,NA,NA,NA,NA,NA,NA,NA,NA,NA,NA,NA,NA,NA,NA,NA,NA,NA,NA,NA,NA,NA,NA,NA,NA,NA,NA,NA,NA,NA,NA,NA,NA,NA,NA,NA, -6.89498E-02, -6.38100E-02, -5.92051E-02, -5.50651E-02, -5.13307E-02, -4.79517E-02, -4.48856E-02, -4.20958E-02, -3.95507E-02,
  2.06660E-02,  2.16734E-02,  2.27535E-02,  2.39134E-02,  2.51611E-02,  2.65060E-02,  2.79591E-02,  2.95338E-02,  3.12467E-02,  3.31186E-02,NA,NA,NA,NA,NA,NA,NA,NA,NA,NA,NA,NA,NA,NA,NA,NA,NA,NA,NA,NA,NA,NA,NA,NA,NA,NA,NA,NA,NA,NA,NA,NA,NA,NA,NA,NA,NA,NA,NA,NA,NA,NA,NA,NA,NA,NA,NA,NA,NA,NA,NA,NA,NA,NA,NA,NA, -7.15980E-02, -6.62954E-02, -6.15332E-02, -5.72430E-02, -5.33667E-02, -4.98546E-02, -4.66640E-02, -4.37582E-02, -4.11053E-02, -3.86777E-02,
  2.00874E-02,  2.10447E-02,  2.20711E-02,  2.31739E-02,  2.43616E-02,  2.56449E-02,  2.70364E-02,  2.85525E-02,  3.02139E-02,  3.20481E-02,NA,NA,NA,NA,NA,NA,NA,NA,NA,NA,NA,NA,NA,NA,NA,NA,NA,NA,NA,NA,NA,NA,NA,NA,NA,NA,NA,NA,NA,NA,NA,NA,NA,NA,NA,NA,NA,NA,NA,NA,NA,NA,NA,NA,NA,NA,NA,NA,NA,NA,NA,NA,NA,NA,NA, -7.36624E-02, -6.83061E-02, -6.34730E-02, -5.91018E-02, -5.51393E-02, -5.15390E-02, -4.82606E-02, -4.52687E-02, -4.25326E-02, -4.00253E-02, -3.77232E-02,
  1.95071E-02,  2.04159E-02,  2.13903E-02,  2.24379E-02,  2.35680E-02,  2.47918E-02,  2.61238E-02,  2.75826E-02,  2.91928E-02,NA,NA,NA,NA,NA,NA,NA,NA,NA,NA,NA,NA,NA,NA,NA,NA,NA,NA,NA,NA,NA,NA,NA,NA,NA,NA,NA,NA,NA,NA,NA,NA,NA,NA,NA,NA,NA,NA,NA,NA,NA,NA,NA,NA,NA,NA,NA,NA,NA,NA,NA,NA,NA,NA,NA,NA, -6.96880E-02, -6.48963E-02, -6.05342E-02, -5.65581E-02, -5.29286E-02, -4.96105E-02, -4.65722E-02, -4.37856E-02, -4.12257E-02, -3.88701E-02, -3.66991E-02,
  1.89258E-02,  1.97870E-02,  2.07105E-02,  2.17040E-02,  2.27770E-02,  2.39416E-02,  2.52133E-02,  2.66123E-02,  2.81657E-02,NA,NA,NA,NA,NA,NA,NA,NA,NA,NA,NA,NA,NA,NA,NA,NA,NA,NA,NA,NA,NA,NA,NA,NA,NA,NA,NA,NA,NA,NA,NA,NA,NA,NA,NA,NA,NA,NA,NA,NA,NA,NA,NA,NA,NA,NA,NA,NA,NA,NA,NA,NA,NA,NA,NA, -7.02847E-02, -6.56709E-02, -6.14280E-02, -5.75278E-02, -5.39423E-02, -5.06445E-02, -4.76092E-02, -4.48130E-02, -4.22345E-02, -3.98540E-02, -3.76537E-02, -3.56175E-02,
  1.83440E-02,  1.91583E-02,  2.00314E-02,  2.09708E-02,  2.19863E-02,  2.30902E-02,  2.42984E-02,  2.56320E-02,  2.71191E-02,NA,NA,NA,NA,NA,NA,NA,NA,NA,NA,NA,NA,NA,NA,NA,NA,NA,NA,NA,NA,NA,NA,NA,NA,NA,NA,NA,NA,NA,NA,NA,NA,NA,NA,NA,NA,NA,NA,NA,NA,NA,NA,NA,NA,NA,NA,NA,NA,NA,NA,NA,NA,NA,NA, -6.99547E-02, -6.56727E-02, -6.16752E-02, -5.79546E-02, -5.44985E-02, -5.12918E-02, -4.83183E-02, -4.55616E-02, -4.30055E-02, -4.06344E-02, -3.84338E-02, -3.63900E-02, -3.44902E-02,
  1.77624E-02,  1.85301E-02,  1.93527E-02,  2.02377E-02,  2.11945E-02,  2.22351E-02,  2.33754E-02,  2.46361E-02,  2.60450E-02,NA,NA,NA,NA,NA,NA,NA,NA,NA,NA,NA,NA,NA,NA,NA,NA,NA,NA,NA,NA,NA,NA,NA,NA,NA,NA,NA,NA,NA,NA,NA,NA,NA,NA,NA,NA,NA,NA,NA,NA,NA,NA,NA,NA,NA,NA,NA,NA,NA,NA,NA,NA,NA, -6.85930E-02, -6.48014E-02, -6.11830E-02, -5.77543E-02, -5.45219E-02, -5.14854E-02, -4.86402E-02, -4.59788E-02, -4.34923E-02, -4.11705E-02, -3.90034E-02, -3.69806E-02, -3.50922E-02, -3.33287E-02,
  1.71818E-02,  1.79030E-02,  1.86750E-02,  1.95047E-02,  2.04011E-02,  2.13756E-02,  2.24430E-02,  2.36227E-02,  2.49408E-02,NA,NA,NA,NA,NA,NA,NA,NA,NA,NA,NA,NA,NA,NA,NA,NA,NA,NA,NA,NA,NA,NA,NA,NA,NA,NA,NA,NA,NA,NA,NA,NA,NA,NA,NA,NA,NA,NA,NA,NA,NA,NA,NA,NA,NA,NA,NA,NA,NA,NA,NA, -6.92930E-02, -6.61542E-02, -6.29991E-02, -5.98886E-02, -5.68637E-02, -5.39515E-02, -5.11680E-02, -4.85219E-02, -4.60165E-02, -4.36513E-02, -4.14231E-02, -3.93273E-02, -3.73580E-02, -3.55088E-02, -3.37731E-02, -3.21441E-02,
  1.66033E-02,  1.72781E-02,  1.79992E-02,  1.87729E-02,  1.96073E-02,  2.05127E-02,  2.15025E-02,  2.25939E-02,  2.38100E-02,NA,NA,NA,NA,NA,NA,NA,NA,NA,NA,NA,NA,NA,NA,NA,NA,NA,NA,NA,NA,NA,NA,NA,NA,NA,NA,NA,NA,NA,NA,NA,NA,NA,NA,NA,NA,NA,NA,NA,NA,NA,NA,NA,NA,NA,NA,NA,NA,NA,NA, -6.49014E-02, -6.26700E-02, -6.02654E-02, -5.77715E-02, -5.52509E-02, -5.27494E-02, -5.02993E-02, -4.79231E-02, -4.56355E-02, -4.34454E-02, -4.13575E-02, -3.93735E-02, -3.74927E-02, -3.57132E-02, -3.40316E-02, -3.24440E-02, -3.09463E-02,
  1.60281E-02,  1.66568E-02,  1.73269E-02,  1.80440E-02,  1.88152E-02,  1.96493E-02,  2.05577E-02,  2.15550E-02,  2.26603E-02,  2.38984E-02,NA,NA,NA,NA,NA,NA,NA,NA,NA,NA,NA,NA,NA,NA,NA,NA,NA,NA,NA,NA,NA,NA,NA,NA,NA,NA,NA,NA,NA,NA,NA,NA,NA,NA,NA,NA,NA,NA,NA,NA,NA,NA,NA,NA,NA,NA, -6.06784E-02, -6.03898E-02, -5.95364E-02, -5.82565E-02, -5.66671E-02, -5.48641E-02, -5.29246E-02, -5.09086E-02, -4.88625E-02, -4.68210E-02, -4.48099E-02, -4.28474E-02, -4.09465E-02, -3.91156E-02, -3.73597E-02, -3.56816E-02, -3.40821E-02, -3.25606E-02, -3.11156E-02, -2.97448E-02,
  1.54577E-02,  1.60407E-02,  1.66600E-02,  1.73204E-02,  1.80278E-02,  1.87893E-02,  1.96142E-02,  2.05139E-02,  2.15031E-02,  2.26007E-02,NA,NA,NA,NA,NA,NA,NA,NA,NA,NA,NA,NA,NA,NA,NA,NA,NA,NA,NA,NA,NA,NA,NA,NA,NA,NA,NA,NA,NA,NA,NA,NA,NA,NA,NA,NA,NA,NA,NA,NA,NA,NA, -4.51829E-02, -4.85542E-02, -5.09679E-02, -5.25148E-02, -5.33073E-02, -5.34652E-02, -5.31056E-02, -5.23366E-02, -5.12537E-02, -4.99383E-02, -4.84585E-02, -4.68695E-02, -4.52157E-02, -4.35316E-02, -4.18442E-02, -4.01737E-02, -3.85354E-02, -3.69401E-02, -3.53954E-02, -3.39064E-02, -3.24762E-02, -3.11063E-02, -2.97970E-02, -2.85478E-02,
  1.48938E-02,  1.54317E-02,  1.60009E-02,  1.66051E-02,  1.72489E-02,  1.79378E-02,  1.86786E-02,  1.94798E-02,  2.03516E-02,  2.13067E-02,NA,NA,NA,NA,NA,NA,NA,NA,NA,NA,NA,NA,NA,NA,NA,NA,NA,NA,NA,NA,NA,NA,NA,NA,NA,NA,NA,NA,NA,NA,NA,NA,NA,NA,NA,NA,NA,NA,NA,NA,NA,NA, -3.88997E-02, -4.20002E-02, -4.43472E-02, -4.59902E-02, -4.70008E-02, -4.74620E-02, -4.74597E-02, -4.70767E-02, -4.63894E-02, -4.54656E-02, -4.43636E-02, -4.31326E-02, -4.18134E-02, -4.04391E-02, -3.90361E-02, -3.76255E-02, -3.62234E-02, -3.48423E-02, -3.34913E-02, -3.21773E-02, -3.09050E-02, -2.96773E-02, -2.84963E-02, -2.73628E-02,
  1.43381E-02,  1.48320E-02,  1.53521E-02,  1.59012E-02,  1.64826E-02,  1.71000E-02,  1.77582E-02,  1.84625E-02,  1.92192E-02,  2.00354E-02,  2.09188E-02,NA,NA,NA,NA,NA,NA,NA,NA,NA,NA,NA,NA,NA,NA,NA,NA,NA,NA,NA,NA,NA,NA,NA,NA,NA,NA,NA,NA,NA,NA,NA,NA,NA,NA,NA,NA,NA,NA,NA,NA, -3.03338E-02, -3.37448E-02, -3.65692E-02, -3.87997E-02, -4.04593E-02, -4.15916E-02, -4.22528E-02, -4.25047E-02, -4.24102E-02, -4.20292E-02, -4.14171E-02, -4.06230E-02, -3.96898E-02, -3.86538E-02, -3.75458E-02, -3.63909E-02, -3.52096E-02, -3.40184E-02, -3.28305E-02, -3.16559E-02, -3.05025E-02, -2.93762E-02, -2.82812E-02, -2.72205E-02, -2.61962E-02,
  1.37924E-02,  1.42436E-02,  1.47162E-02,  1.52119E-02,  1.57329E-02,  1.62814E-02,  1.68600E-02,  1.74715E-02,  1.81185E-02,  1.88036E-02,  1.95283E-02,NA,NA,NA,NA,NA,NA,NA,NA,NA,NA,NA,NA,NA,NA,NA,NA,NA,NA,NA,NA,NA,NA,NA,NA,NA,NA,NA,NA,NA,NA,NA,NA,NA,NA,NA,NA,NA,NA,NA,NA, -2.64536E-02, -2.94668E-02, -3.20284E-02, -3.41201E-02, -3.57481E-02, -3.69374E-02, -3.77247E-02, -3.81541E-02, -3.82725E-02, -3.81265E-02, -3.77607E-02, -3.72158E-02, -3.65284E-02, -3.57306E-02, -3.48499E-02, -3.39096E-02, -3.29293E-02, -3.19252E-02, -3.09102E-02, -2.98950E-02, -2.88881E-02, -2.78960E-02, -2.69238E-02, -2.59753E-02,NA,
  1.32583E-02,  1.36685E-02,  1.40956E-02,  1.45403E-02,  1.50038E-02,  1.54869E-02,  1.59904E-02,  1.65149E-02,  1.70602E-02,  1.76252E-02,  1.82069E-02,  1.87996E-02,NA,NA,NA,NA,NA,NA,NA,NA,NA,NA,NA,NA,NA,NA,NA,NA,NA,NA,NA,NA,NA,NA,NA,NA,NA,NA,NA,NA,NA,NA,NA,NA,NA,NA,NA,NA,NA,NA,NA, -2.32063E-02, -2.58785E-02, -2.81999E-02, -3.01466E-02, -3.17155E-02, -3.29189E-02, -3.37802E-02, -3.43301E-02, -3.46034E-02, -3.46359E-02, -3.44631E-02, -3.41184E-02, -3.36328E-02, -3.30339E-02, -3.23460E-02, -3.15905E-02, -3.07853E-02, -2.99458E-02, -2.90848E-02, -2.82129E-02, -2.73387E-02, -2.64692E-02, -2.56099E-02,NA,NA,
  1.27373E-02,  1.31087E-02,  1.34926E-02,  1.38892E-02,  1.42986E-02,  1.47206E-02,  1.51546E-02,  1.55994E-02,  1.60526E-02,  1.65106E-02,  1.69673E-02,  1.74133E-02,  1.78344E-02,NA,NA,NA,NA,NA,NA,NA,NA,NA,NA,NA,NA,NA,NA,NA,NA,NA,NA,NA,NA,NA,NA,NA,NA,NA,NA,NA,NA,NA,NA,NA,NA,NA,NA,NA,NA,NA, -1.78442E-02, -2.04584E-02, -2.28407E-02, -2.49468E-02, -2.67518E-02, -2.82470E-02, -2.94368E-02, -3.03354E-02, -3.09640E-02, -3.13478E-02, -3.15144E-02, -3.14916E-02, -3.13068E-02, -3.09857E-02, -3.05519E-02, -3.00268E-02, -2.94292E-02, -2.87757E-02, -2.80805E-02, -2.73557E-02, -2.66118E-02, -2.58571E-02, -2.50990E-02,NA,NA,NA,
  1.22310E-02,  1.25657E-02,  1.29091E-02,  1.32608E-02,  1.36202E-02,  1.39861E-02,  1.43568E-02,  1.47299E-02,  1.51015E-02,  1.54664E-02,  1.58166E-02,  1.61409E-02,  1.64237E-02,  1.66428E-02,NA,NA,NA,NA,NA,NA,NA,NA,NA,NA,NA,NA,NA,NA,NA,NA,NA,NA,NA,NA,NA,NA,NA,NA,NA,NA,NA,NA,NA,NA,NA,NA,NA,NA,NA,NA, -1.57954E-02, -1.81127E-02, -2.02486E-02, -2.21640E-02, -2.38347E-02, -2.52498E-02, -2.64086E-02, -2.73192E-02, -2.79956E-02, -2.84563E-02, -2.87221E-02, -2.88149E-02, -2.87568E-02, -2.85690E-02, -2.82716E-02, -2.78830E-02, -2.74198E-02, -2.68970E-02, -2.63275E-02, -2.57228E-02, -2.50926E-02, -2.44452E-02,NA,NA,NA,NA,
  1.17404E-02,  1.20408E-02,  1.23466E-02,  1.26570E-02,  1.29705E-02,  1.32856E-02,  1.35997E-02,  1.39094E-02,  1.42103E-02,  1.44959E-02,  1.47575E-02,  1.49837E-02,  1.51585E-02,  1.52614E-02,  1.52651E-02,NA,NA,NA,NA,NA,NA,NA,NA,NA,NA,NA,NA,NA,NA,NA,NA,NA,NA,NA,NA,NA,NA,NA,NA,NA,NA,NA,NA,NA,NA,NA,NA,NA,NA, -1.18570E-02, -1.40264E-02, -1.60969E-02, -1.80225E-02, -1.97695E-02, -2.13156E-02, -2.26489E-02, -2.37662E-02, -2.46711E-02, -2.53731E-02, -2.58851E-02, -2.62229E-02, -2.64037E-02, -2.64451E-02, -2.63647E-02, -2.61793E-02, -2.59046E-02, -2.55553E-02, -2.51446E-02, -2.46842E-02, -2.41847E-02, -2.36550E-02,NA,NA,NA,NA,NA,
  1.12664E-02,  1.15351E-02,  1.18064E-02,  1.20789E-02,  1.23511E-02,  1.26206E-02,  1.28847E-02,  1.31395E-02,  1.33800E-02,  1.35994E-02,  1.37892E-02,  1.39380E-02,  1.40313E-02,  1.40507E-02,  1.39730E-02,  1.37699E-02,  1.34079E-02,NA,NA,NA,NA,NA,NA,NA,NA,NA,NA,NA,NA,NA,NA,NA,NA,NA,NA,NA,NA,NA,NA,NA,NA,NA,NA,NA,NA,NA,NA,NA, -8.57549E-03, -1.05508E-02, -1.24935E-02, -1.43564E-02, -1.61011E-02, -1.76991E-02, -1.91304E-02, -2.03833E-02, -2.14529E-02, -2.23404E-02, -2.30515E-02, -2.35955E-02, -2.39842E-02, -2.42309E-02, -2.43498E-02, -2.43552E-02, -2.42612E-02, -2.40812E-02, -2.38279E-02, -2.35129E-02, -2.31467E-02, -2.27389E-02,NA,NA,NA,NA,NA,NA,
  1.08097E-02,  1.10493E-02,  1.12890E-02,  1.15274E-02,  1.17625E-02,  1.19919E-02,  1.22124E-02,  1.24201E-02,  1.26098E-02,  1.27751E-02,  1.29076E-02,  1.29972E-02,  1.30308E-02,  1.29928E-02,  1.28644E-02,  1.26233E-02,  1.22443E-02,  1.17004E-02,  1.09639E-02,NA,NA,NA,NA,NA,NA,NA,NA,NA,NA,NA,NA,NA,NA,NA,NA,NA,NA,NA,NA,NA,NA,NA,NA,NA,NA,NA,NA, -5.86897E-03, -7.63145E-03, -9.41114E-03, -1.11630E-02, -1.28485E-02, -1.44362E-02, -1.59018E-02, -1.72277E-02, -1.84028E-02, -1.94217E-02, -2.02838E-02, -2.09923E-02, -2.15537E-02, -2.19768E-02, -2.22720E-02, -2.24504E-02, -2.25238E-02, -2.25039E-02, -2.24021E-02, -2.22293E-02, -2.19957E-02,NA,NA,NA,NA,NA,NA,NA,NA,
NA,  1.05837E-02,  1.07949E-02,  1.10027E-02,  1.12050E-02,  1.13992E-02,  1.15822E-02,  1.17501E-02,  1.18978E-02,  1.20194E-02,  1.21074E-02,  1.21526E-02,  1.21441E-02,  1.20690E-02,  1.19123E-02,  1.16573E-02,  1.12856E-02,  1.07789E-02,  1.01199E-02,  9.29475E-03,NA,NA,NA,NA,NA,NA,NA,NA,NA,NA,NA,NA,NA,NA,NA,NA,NA,NA,NA,NA,NA,NA,NA,NA,NA,NA, -3.65712E-03, -5.20568E-03, -6.80658E-03, -8.41924E-03, -1.00073E-02, -1.15393E-02, -1.29892E-02, -1.43364E-02, -1.55655E-02, -1.66664E-02, -1.76334E-02, -1.84648E-02, -1.91623E-02, -1.97301E-02, -2.01749E-02, -2.05046E-02, -2.07280E-02, -2.08548E-02, -2.08945E-02, -2.08570E-02, -2.07514E-02,NA,NA,NA,NA,NA,NA,NA,NA,NA,
NA,  1.01386E-02,  1.03241E-02,  1.05046E-02,  1.06780E-02,  1.08418E-02,  1.09928E-02,  1.11273E-02,  1.12408E-02,  1.13278E-02,  1.13817E-02,  1.13946E-02,  1.13577E-02,  1.12605E-02,  1.10916E-02,  1.08385E-02,  1.04886E-02,  1.00298E-02,  9.45196E-03,  8.74872E-03,  7.91939E-03,NA,NA,NA,NA,NA,NA,NA,NA,NA,NA,NA,NA,NA,NA,NA,NA,NA,NA,NA,NA,NA,NA,NA,NA, -1.86906E-03, -3.21231E-03, -4.63138E-03, -6.09096E-03, -7.55819E-03, -9.00341E-03, -1.04008E-02, -1.17285E-02, -1.29691E-02, -1.41093E-02, -1.51397E-02, -1.60549E-02, -1.68524E-02, -1.75328E-02, -1.80990E-02, -1.85555E-02, -1.89086E-02, -1.91654E-02, -1.93334E-02, -1.94208E-02,NA,NA,NA,NA,NA,NA,NA,NA,NA,NA,NA,
NA,  9.71362E-03,  9.87626E-03,  1.00327E-02,  1.01809E-02,  1.03184E-02,  1.04424E-02,  1.05493E-02,  1.06351E-02,  1.06950E-02,  1.07233E-02,  1.07136E-02,  1.06586E-02,  1.05502E-02,  1.03797E-02,  1.01384E-02,  9.81776E-03,  9.41027E-03,  8.91070E-03,  8.31718E-03,  7.63273E-03,  6.86661E-03,NA,NA,NA,NA,NA,NA,NA,NA,NA,NA,NA,NA,NA,NA,NA,NA,NA,NA,NA,NA,NA,NA, -4.44721E-04, -1.59606E-03, -2.83773E-03, -4.13990E-03, -5.47379E-03, -6.81247E-03, -8.13150E-03, -9.40939E-03, -1.06279E-02, -1.17720E-02, -1.28302E-02, -1.37940E-02, -1.46582E-02, -1.54200E-02, -1.60793E-02, -1.66376E-02, -1.70984E-02, -1.74662E-02, -1.77467E-02, -1.79461E-02,NA,NA,NA,NA,NA,NA,NA,NA,NA,NA,NA,NA,
NA,NA,  9.45081E-03,  9.58605E-03,  9.71236E-03,  9.82746E-03,  9.92870E-03,  1.00130E-02,  1.00767E-02,  1.01156E-02,  1.01252E-02,  1.01001E-02,  1.00345E-02,  9.92237E-03,  9.75734E-03,  9.53330E-03,  9.24477E-03,  8.88756E-03,  8.45955E-03,  7.96159E-03,  7.39843E-03,  6.77961E-03,  6.12000E-03,  5.43998E-03,NA,NA,NA,NA,NA,NA,NA,NA,NA,NA,NA,NA,NA,NA,NA,NA,NA,NA,  1.52238E-03,  6.67866E-04, -3.07515E-04, -1.38072E-03, -2.52740E-03, -3.72304E-03, -4.94391E-03, -6.16772E-03, -7.37413E-03, -8.54510E-03, -9.66517E-03, -1.07215E-02, -1.17040E-02, -1.26051E-02, -1.34197E-02, -1.41450E-02, -1.47803E-02, -1.53263E-02, -1.57854E-02, -1.61612E-02, -1.64579E-02, -1.66806E-02,NA,NA,NA,NA,NA,NA,NA,NA,NA,NA,NA,NA,
NA,NA,NA,  9.16372E-03,  9.27111E-03,  9.36712E-03,  9.44937E-03,  9.51511E-03,  9.56125E-03,  9.58429E-03,  9.58037E-03,  9.54528E-03,  9.47456E-03,  9.36365E-03,  9.20805E-03,  9.00367E-03,  8.74723E-03,  8.43669E-03,  8.07189E-03,  7.65515E-03,  7.19182E-03,  6.69082E-03,  6.16485E-03,  5.63025E-03,  5.10646E-03,  4.61479E-03,NA,NA,NA,NA,NA,NA,NA,NA,NA,NA,NA,NA,NA,NA,  2.78966E-03,  2.21750E-03,  1.51627E-03,  6.98872E-04, -2.18056E-04, -1.21556E-03, -2.27354E-03, -3.37170E-03, -4.49031E-03, -5.61074E-03, -6.71592E-03, -7.79059E-03, -8.82154E-03, -9.79770E-03, -1.07102E-02, -1.15522E-02, -1.23190E-02, -1.30078E-02, -1.36173E-02, -1.41478E-02, -1.46009E-02, -1.49792E-02, -1.52860E-02,NA,NA,NA,NA,NA,NA,NA,NA,NA,NA,NA,NA,NA,
NA,NA,NA,  8.76453E-03,  8.85561E-03,  8.93542E-03,  9.00185E-03,  9.05253E-03,  9.08483E-03,  9.09584E-03,  9.08244E-03,  9.04134E-03,  8.96913E-03,  8.86249E-03,  8.71832E-03,  8.53401E-03,  8.30778E-03,  8.03900E-03,  7.72865E-03,  7.37969E-03,  6.99741E-03,  6.58971E-03,  6.16709E-03,  5.74243E-03,  5.33043E-03,  4.94661E-03,  4.60604E-03,  4.32178E-03,  4.10317E-03,NA,NA,NA,NA,NA,NA,NA,NA,  3.75531E-03,  3.52100E-03,  3.17692E-03,  2.71817E-03,  2.14594E-03,  1.46670E-03,  6.91117E-04, -1.67099E-04, -1.09229E-03, -2.06780E-03, -3.07671E-03, -4.10250E-03, -5.12951E-03, -6.14328E-03, -7.13082E-03, -8.08078E-03, -8.98353E-03, -9.83125E-03, -1.06178E-02, -1.13388E-02, -1.19915E-02, -1.25742E-02, -1.30871E-02, -1.35308E-02, -1.39074E-02, -1.42195E-02,NA,NA,NA,NA,NA,NA,NA,NA,NA,NA,NA,NA,NA,
NA,NA,NA,NA,  8.46427E-03,  8.53036E-03,  8.58364E-03,  8.62210E-03,  8.64352E-03,  8.64553E-03,  8.62564E-03,  8.58130E-03,  8.50997E-03,  8.40927E-03,  8.27714E-03,  8.11203E-03,  7.91316E-03,  7.68078E-03,  7.41642E-03,  7.12321E-03,  6.80601E-03,  6.47154E-03,  6.12832E-03,  5.78632E-03,  5.45652E-03,  5.15009E-03,  4.87744E-03,  4.64702E-03,  4.46425E-03,  4.33045E-03,  4.24212E-03,  4.19069E-03,  4.16279E-03,  4.14113E-03,  4.10585E-03,  4.03627E-03,  3.91270E-03,  3.71805E-03,  3.43921E-03,  3.06777E-03,  2.60032E-03,  2.03815E-03,  1.38676E-03,  6.54960E-04, -1.45918E-04, -1.00290E-03, -1.90211E-03, -2.82940E-03, -3.77086E-03, -4.71326E-03, -5.64427E-03, -6.55276E-03, -7.42892E-03, -8.26435E-03, -9.05212E-03, -9.78672E-03, -1.04641E-02, -1.10814E-02, -1.16371E-02, -1.21307E-02, -1.25627E-02, -1.29344E-02,NA,NA,NA,NA,NA,NA,NA,NA,NA,NA,NA,NA,NA,NA,
NA,NA,NA,NA,NA,  8.14996E-03,  8.19231E-03,  8.22084E-03,  8.23372E-03,  8.22903E-03,  8.20482E-03,  8.15911E-03,  8.09006E-03,  7.99601E-03,  7.87565E-03,  7.72815E-03,  7.55338E-03,  7.35205E-03,  7.12595E-03,  6.87805E-03,  6.61262E-03,  6.33523E-03,  6.05264E-03,  5.77247E-03,  5.50283E-03,  5.25165E-03,  5.02597E-03,  4.83111E-03,  4.66988E-03,  4.54194E-03,  4.44331E-03,  4.36634E-03,  4.29992E-03,  4.23029E-03,  4.14198E-03,  4.01910E-03,  3.84669E-03,  3.61188E-03,  3.30483E-03,  2.91936E-03,  2.45313E-03,  1.90748E-03,  1.28703E-03,  5.99120E-04, -1.46866E-04, -9.40142E-04, -1.76912E-03, -2.62191E-03, -3.48678E-03, -4.35246E-03, -5.20842E-03, -6.04508E-03, -6.85391E-03, -7.62755E-03, -8.35984E-03, -9.04582E-03, -9.68169E-03, -1.02648E-02, -1.07934E-02, -1.12670E-02, -1.16855E-02,NA,NA,NA,NA,NA,NA,NA,NA,NA,NA,NA,NA,NA,NA,NA,
NA,NA,NA,NA,NA,  7.79229E-03,  7.82554E-03,  7.84599E-03,  7.85215E-03,  7.84249E-03,  7.81547E-03,  7.76960E-03,  7.70357E-03,  7.61623E-03,  7.50682E-03,  7.37498E-03,  7.22096E-03,  7.04572E-03,  6.85104E-03,  6.63960E-03,  6.41502E-03,  6.18184E-03,  5.94531E-03,  5.71119E-03,  5.48537E-03,  5.27341E-03,  5.07995E-03,  4.90816E-03,  4.75921E-03,  4.63178E-03,  4.52188E-03,  4.42282E-03,  4.32546E-03,  4.21881E-03,  4.09080E-03,  3.92920E-03,  3.72259E-03,  3.46123E-03,  3.13775E-03,  2.74762E-03,  2.28925E-03,  1.76397E-03,  1.17572E-03,  5.30600E-04, -1.63578E-04, -8.97823E-04, -1.66242E-03, -2.44736E-03, -3.24269E-03, -4.03880E-03, -4.82666E-03, -5.59798E-03, -6.34533E-03, -7.06224E-03, -7.74322E-03, -8.38379E-03, -8.98044E-03, -9.53063E-03, -1.00327E-02, -1.04857E-02, -1.08896E-02,NA,NA,NA,NA,NA,NA,NA,NA,NA,NA,NA,NA,NA,NA,NA,
NA,NA,NA,NA,NA,NA,  7.48118E-03,  7.49502E-03,  7.49587E-03,  7.48249E-03,  7.45370E-03,  7.40840E-03,  7.34563E-03,  7.26467E-03,  7.16509E-03,  7.04685E-03,  6.91041E-03,  6.75678E-03,  6.58763E-03,  6.40528E-03,  6.21274E-03,  6.01359E-03,  5.81189E-03,  5.61192E-03,  5.41790E-03,  5.23363E-03,  5.06209E-03,  4.90498E-03,  4.76243E-03,  4.63267E-03,  4.51191E-03,  4.39438E-03,  4.27259E-03,  4.13780E-03,  3.98053E-03,  3.79136E-03,  3.56153E-03,  3.28367E-03,  2.95226E-03,  2.56397E-03,  2.11779E-03,  1.61502E-03,  1.05899E-03,  4.54826E-04, -1.90947E-04, -8.70805E-04, -1.57659E-03, -2.29983E-03, -3.03208E-03, -3.76511E-03, -4.49115E-03, -5.20301E-03, -5.89421E-03, -6.55903E-03, -7.19258E-03, -7.79082E-03, -8.35051E-03, -8.86922E-03, -9.34531E-03, -9.77779E-03,NA,NA,NA,NA,NA,NA,NA,NA,NA,NA,NA,NA,NA,NA,NA,NA,
NA,NA,NA,NA,NA,NA,NA,  7.16565E-03,  7.16224E-03,  7.14606E-03,  7.11619E-03,  7.07182E-03,  7.01228E-03,  6.93711E-03,  6.84613E-03,  6.73948E-03,  6.61770E-03,  6.48178E-03,  6.33319E-03,  6.17389E-03,  6.00631E-03,  5.83326E-03,  5.65779E-03,  5.48306E-03,  5.31203E-03,  5.14723E-03,  4.99046E-03,  4.84248E-03,  4.70279E-03,  4.56943E-03,  4.43894E-03,  4.30643E-03,  4.16577E-03,  4.00997E-03,  3.83162E-03,  3.62341E-03,  3.37864E-03,  3.09169E-03,  2.75844E-03,  2.37647E-03,  1.94521E-03,  1.46586E-03,  9.41305E-04,  3.75865E-04, -2.24995E-04, -8.54953E-04, -1.50712E-03, -2.17434E-03, -2.84939E-03, -3.52524E-03, -4.19515E-03, -4.85290E-03, -5.49281E-03, -6.10982E-03, -6.69957E-03, -7.25840E-03, -7.78334E-03, -8.27211E-03, -8.72307E-03,NA,NA,NA,NA,NA,NA,NA,NA,NA,NA,NA,NA,NA,NA,NA,NA,NA,
NA,NA,NA,NA,NA,NA,NA,NA,  6.84898E-03,  6.83063E-03,  6.80010E-03,  6.75679E-03,  6.70024E-03,  6.63018E-03,  6.54656E-03,  6.44963E-03,  6.33994E-03,  6.21838E-03,  6.08622E-03,  5.94507E-03,  5.79685E-03,  5.64372E-03,  5.48797E-03,  5.33184E-03,  5.17739E-03,  5.02624E-03,  4.87937E-03,  4.73693E-03,  4.59807E-03,  4.46083E-03,  4.32212E-03,  4.17782E-03,  4.02293E-03,  3.85188E-03,  3.65883E-03,  3.43813E-03,  3.18461E-03,  2.89402E-03,  2.56328E-03,  2.19066E-03,  1.77589E-03,  1.32011E-03,  8.25823E-04,  2.96680E-04, -2.62709E-04, -8.47008E-04, -1.45039E-03, -2.06677E-03, -2.68998E-03, -3.31397E-03, -3.93293E-03, -4.54143E-03, -5.13447E-03, -5.70761E-03, -6.25694E-03, -6.77915E-03, -7.27151E-03, -7.73189E-03,NA,NA,NA,NA,NA,NA,NA,NA,NA,NA,NA,NA,NA,NA,NA,NA,NA,NA,
NA,NA,NA,NA,NA,NA,NA,NA,NA,  6.53399E-03,  6.50304E-03,  6.46077E-03,  6.40687E-03,  6.34119E-03,  6.26377E-03,  6.17488E-03,  6.07504E-03,  5.96504E-03,  5.84592E-03,  5.71899E-03,  5.58572E-03,  5.44777E-03,  5.30679E-03,  5.16437E-03,  5.02188E-03,  4.88030E-03,  4.74005E-03,  4.60091E-03,  4.46185E-03,  4.32102E-03,  4.17570E-03,  4.02245E-03,  3.85720E-03,  3.67548E-03,  3.47273E-03,  3.24453E-03,  2.98692E-03,  2.69667E-03,  2.37151E-03,  2.01022E-03,  1.61274E-03,  1.18016E-03,  7.14662E-04,  2.19352E-04, -3.01859E-04, -8.44449E-04, -1.40347E-03, -1.97373E-03, -2.54996E-03, -3.12692E-03, -3.69960E-03, -4.26325E-03, -4.81349E-03, -5.34638E-03, -5.85843E-03, -6.34664E-03, -6.80853E-03,NA,NA,NA,NA,NA,NA,NA,NA,NA,NA,NA,NA,NA,NA,NA,NA,NA,NA,NA,
NA,NA,NA,NA,NA,NA,NA,NA,NA,NA,  6.22299E-03,  6.18165E-03,  6.13001E-03,  6.06800E-03,  5.99570E-03,  5.91339E-03,  5.82152E-03,  5.72075E-03,  5.61193E-03,  5.49609E-03,  5.37435E-03,  5.24794E-03,  5.11804E-03,  4.98574E-03,  4.85190E-03,  4.71705E-03,  4.58127E-03,  4.44409E-03,  4.30445E-03,  4.16063E-03,  4.01029E-03,  3.85055E-03,  3.67811E-03,  3.48940E-03,  3.28082E-03,  3.04894E-03,  2.79071E-03,  2.50371E-03,  2.18624E-03,  1.83749E-03,  1.45756E-03,  1.04749E-03,  6.09176E-04,  1.45287E-04, -3.40842E-04, -8.45362E-04, -1.36405E-03, -1.89248E-03, -2.42609E-03, -2.96039E-03, -3.49102E-03, -4.01383E-03, -4.52496E-03, -5.02093E-03, -5.49861E-03, -5.95530E-03,NA,NA,NA,NA,NA,NA,NA,NA,NA,NA,NA,NA,NA,NA,NA,NA,NA,NA,NA,NA,
NA,NA,NA,NA,NA,NA,NA,NA,NA,NA,NA,  5.91767E-03,  5.86791E-03,  5.80892E-03,  5.74080E-03,  5.66381E-03,  5.57832E-03,  5.48488E-03,  5.38417E-03,  5.27695E-03,  5.16409E-03,  5.04646E-03,  4.92488E-03,  4.80008E-03,  4.67256E-03,  4.54252E-03,  4.40983E-03,  4.27391E-03,  4.13368E-03,  3.98763E-03,  3.83373E-03,  3.66961E-03,  3.49257E-03,  3.29977E-03,  3.08837E-03,  2.85570E-03,  2.59944E-03,  2.31775E-03,  2.00940E-03,  1.67387E-03,  1.31140E-03,  9.22932E-04,  5.10155E-04,  7.53777E-05, -3.78544E-04, -8.48317E-04, -1.33033E-03, -1.82077E-03, -2.31572E-03, -2.81130E-03, -3.30370E-03, -3.78929E-03, -4.26468E-03, -4.72678E-03, -5.17279E-03,NA,NA,NA,NA,NA,NA,NA,NA,NA,NA,NA,NA,NA,NA,NA,NA,NA,NA,NA,NA,NA,
NA,NA,NA,NA,NA,NA,NA,NA,NA,NA,NA,NA,NA,  5.56257E-03,  5.49783E-03,  5.42510E-03,  5.34470E-03,  5.25706E-03,  5.16269E-03,  5.06218E-03,  4.95616E-03,  4.84523E-03,  4.72996E-03,  4.61077E-03,  4.48793E-03,  4.36143E-03,  4.23099E-03,  4.09599E-03,  3.95542E-03,  3.80792E-03,  3.65179E-03,  3.48504E-03,  3.30551E-03,  3.11091E-03,  2.89902E-03,  2.66776E-03,  2.41534E-03,  2.14041E-03,  1.84210E-03,  1.52009E-03,  1.17470E-03,  8.06839E-04,  4.17981E-04,  1.01409E-05, -4.14218E-04, -8.52266E-04, -1.30090E-03, -1.75683E-03, -2.21667E-03, -2.67706E-03, -3.13467E-03, -3.58633E-03, -4.02905E-03,NA,NA,NA,NA,NA,NA,NA,NA,NA,NA,NA,NA,NA,NA,NA,NA,NA,NA,NA,NA,NA,NA,NA,
NA,NA,NA,NA,NA,NA,NA,NA,NA,NA,NA,NA,NA,NA,  5.26581E-03,  5.19647E-03,  5.12010E-03,  5.03703E-03,  4.94764E-03,  4.85236E-03,  4.75163E-03,  4.64586E-03,  4.53540E-03,  4.42048E-03,  4.30120E-03,  4.17741E-03,  4.04875E-03,  3.91460E-03,  3.77403E-03,  3.62586E-03,  3.46865E-03,  3.30075E-03,  3.12041E-03,  2.92582E-03,  2.71521E-03,  2.48699E-03,  2.23980E-03,  1.97262E-03,  1.68487E-03,  1.37640E-03,  1.04758E-03,  6.99253E-04,  3.32746E-04, -5.01830E-05, -4.47400E-04, -8.56458E-04, -1.27468E-03, -1.69922E-03, -2.12715E-03, -2.55553E-03, -2.98146E-03, -3.40216E-03,NA,NA,NA,NA,NA,NA,NA,NA,NA,NA,NA,NA,NA,NA,NA,NA,NA,NA,NA,NA,NA,NA,NA,NA,
NA,NA,NA,NA,NA,NA,NA,NA,NA,NA,NA,NA,NA,NA,NA,NA,  4.90413E-03,  4.82466E-03,  4.73918E-03,  4.64799E-03,  4.55138E-03,  4.44962E-03,  4.34290E-03,  4.23132E-03,  4.11484E-03,  3.99325E-03,  3.86615E-03,  3.73293E-03,  3.59277E-03,  3.44464E-03,  3.28733E-03,  3.11949E-03,  2.93970E-03,  2.74651E-03,  2.53854E-03,  2.31456E-03,  2.07355E-03,  1.81477E-03,  1.53784E-03,  1.24273E-03,  9.29854E-04,  5.99996E-04,  2.54347E-04, -1.05548E-04, -4.77828E-04, -8.60370E-04, -1.25085E-03, -1.64680E-03, -2.04567E-03, -2.44490E-03,NA,NA,NA,NA,NA,NA,NA,NA,NA,NA,NA,NA,NA,NA,NA,NA,NA,NA,NA,NA,NA,NA,NA,NA,NA,NA,
NA,NA,NA,NA,NA,NA,NA,NA,NA,NA,NA,NA,NA,NA,NA,NA,NA,NA,  4.53745E-03,  4.44949E-03,  4.35614E-03,  4.25755E-03,  4.15381E-03,  4.04491E-03,  3.93075E-03,  3.81106E-03,  3.68545E-03,  3.55334E-03,  3.41400E-03,  3.26655E-03,  3.10997E-03,  2.94317E-03,  2.76498E-03,  2.57427E-03,  2.36996E-03,  2.15110E-03,  1.91693E-03,  1.66693E-03,  1.40086E-03,  1.11881E-03,  8.21190E-04,  5.08746E-04,  1.82545E-04, -1.56044E-04, -5.05392E-04, -8.63647E-04, -1.22878E-03, -1.59865E-03,NA,NA,NA,NA,NA,NA,NA,NA,NA,NA,NA,NA,NA,NA,NA,NA,NA,NA,NA,NA,NA,NA,NA,NA,NA,NA,NA,NA,
NA,NA,NA,NA,NA,NA,NA,NA,NA,NA,NA,NA,NA,NA,NA,NA,NA,NA,NA,NA,  4.16645E-03,  4.07043E-03,  3.96914E-03,  3.86250E-03,  3.75035E-03,  3.63242E-03,  3.50832E-03,  3.37753E-03,  3.23940E-03,  3.09318E-03,  2.93804E-03,  2.77306E-03,  2.59732E-03,  2.40991E-03,  2.21000E-03,  1.99687E-03,  1.76995E-03,  1.52891E-03,  1.27362E-03,  1.00422E-03,  7.21148E-04,  4.25093E-04,  1.17023E-04, -2.01849E-04, -5.30086E-04, -8.66066E-04,NA,NA,NA,NA,NA,NA,NA,NA,NA,NA,NA,NA,NA,NA,NA,NA,NA,NA,NA,NA,NA,NA,NA,NA,NA,NA,NA,NA,NA,NA,
