NA,NA,NA,NA,NA,NA,NA,NA,NA,NA,NA,NA,NA,NA,NA,NA,NA,NA,NA,NA,NA,NA,NA,NA,NA,NA,NA,NA,NA,NA,NA,NA,NA,NA,NA,NA,NA,NA,NA,NA,NA,NA,NA,NA,NA,NA,NA,NA,NA,NA,NA,NA,NA,NA,NA,NA,NA,NA,NA,NA,NA,NA,NA,NA,NA,NA,NA,NA,NA,NA,NA,NA,NA,NA,NA,NA,NA,NA,NA,
NA,NA,NA,NA,NA,NA,NA,NA,NA,NA,NA,NA,NA,NA,NA,NA,NA,NA,NA,NA,NA,NA,NA,NA,NA,NA,NA,NA,NA,NA,NA,NA,NA,NA,NA,NA,NA,NA,NA,NA,NA,NA,NA,NA,NA,NA,NA,NA,NA,NA,NA,NA,NA,NA,NA,NA,NA,NA,NA,NA,NA,NA,NA,NA,NA,NA,NA,NA,NA,NA,NA,NA,NA,NA,NA,NA,NA,NA,NA,
NA,NA,NA,NA,NA,NA,NA,NA,NA,NA,NA,NA,NA,NA,NA,NA,NA,NA,NA,NA,NA,NA,NA,NA,NA,NA,NA,NA,NA,NA,NA,NA,NA,NA,NA,NA,NA,NA,NA,NA,NA,NA,NA,NA,NA,NA,NA,NA,NA,NA,NA,NA,NA,NA,NA,NA,NA,NA,NA,NA,NA,NA,NA,NA,NA,NA,NA,NA,NA,NA,NA,NA,NA,NA,NA,NA,NA,NA,NA,
NA,NA,NA,NA,NA,NA,NA,NA,NA,NA,NA,NA,NA,NA,NA,NA,NA,NA,NA,NA,NA,NA,NA,NA,NA,NA,NA,NA,NA,NA,NA,NA,NA,NA,NA,NA,NA,NA,NA,NA,NA,NA,NA,NA,NA,NA,NA,NA,NA,NA,NA,NA,NA,NA,NA,NA,NA,NA,NA,NA,NA,NA,NA,NA,NA,NA,NA,NA,NA,NA,NA,NA,NA,NA,NA,NA,NA,NA,NA,
NA,NA,NA,NA,NA,NA,NA,NA,NA,NA,NA,NA,NA,NA,NA,NA,NA,NA,NA,NA,NA,NA,NA,NA,NA,NA,NA,NA,NA,NA,NA,NA,NA,NA,NA,NA,NA,NA,NA,NA,NA,NA,NA,NA,NA,NA,NA,NA,NA,NA,NA,NA,NA,NA,NA,NA,NA,NA,NA,NA,NA,NA,NA,NA,NA,NA,NA,NA,NA,NA,NA,NA,NA,NA,NA,NA,NA,NA,NA,
NA,NA,NA,NA,NA,NA,NA,NA,NA,NA,NA,NA,NA,NA,NA,NA,NA,NA,NA,NA,NA,NA,NA,NA,NA,NA,NA,NA,NA,NA,NA,NA,NA,NA,NA,NA,NA,NA,NA,NA,NA,NA,NA,NA,NA,NA,NA,NA,NA,NA,NA,NA,NA,NA,NA,NA,NA,NA,NA,NA,NA,NA,NA,NA,NA,NA,NA,NA,NA,NA,NA,NA,NA,NA,NA,NA,NA,NA,NA,
NA,NA,NA,NA,NA,NA,NA,NA,NA,NA,NA,NA,NA,NA,NA,NA,NA,NA,NA,NA,NA,NA,NA,NA,NA,NA,NA,NA,NA,NA,NA,NA,NA,NA,NA,NA,NA,NA,NA,NA,NA,NA,NA,NA,NA,NA,NA,NA,NA,NA,NA,NA,NA,NA,NA,NA,NA,NA,NA,NA,NA,NA,NA,NA,NA,NA,NA,NA,NA,NA,NA,NA,NA,NA,NA,NA,NA,NA,NA,
NA,NA,NA,NA,NA,NA,NA,NA,NA,NA,NA,NA,NA,NA,NA,NA,NA,NA,NA,NA,NA,NA,NA,NA,NA,NA,NA,NA,NA,NA,NA,NA,NA,NA,NA,NA,NA,NA,NA,NA,NA,NA,NA,NA,NA,NA,NA,NA,NA,NA,NA,NA,NA,NA,NA,NA,NA,NA,NA,NA,NA,NA,NA,NA,NA,NA,NA,NA,NA,NA,NA,NA,NA,NA,NA,NA,NA,NA,NA,
NA,NA,NA,NA,NA,NA,NA,NA,NA,NA,NA,NA,NA,NA,NA,NA,NA,NA,NA,NA,NA,NA,NA,NA,NA,NA,NA,NA,NA,NA,NA,NA,  4.30560E-03,  4.98871E-03,  5.61876E-03,  6.17568E-03,  6.63985E-03,  6.99414E-03,  7.22471E-03,  7.32261E-03,  7.28419E-03,  7.11189E-03,  6.81359E-03,  6.40213E-03,  5.89421E-03,  5.30858E-03,  4.66518E-03,NA,NA,NA,NA,NA,NA,NA,NA,NA,NA,NA,NA,NA,NA,NA,NA,NA,NA,NA,NA,NA,NA,NA,NA,NA,NA,NA,NA,NA,NA,NA,NA,
NA,NA,NA,NA,NA,NA,NA,NA,NA,NA,NA,NA,NA,NA,NA,NA,NA,NA,NA,NA,NA,NA,NA,NA,NA,NA,NA,NA,  1.95904E-03,  2.80839E-03,  3.68266E-03,  4.56586E-03,  5.43829E-03,  6.27679E-03,  7.05588E-03,  7.74875E-03,  8.32916E-03,  8.77317E-03,  9.06189E-03,  9.18247E-03,  9.13024E-03,  8.90822E-03,  8.52785E-03,  8.00698E-03,  7.36837E-03,  6.63788E-03,  5.84219E-03,  5.00679E-03,  4.15515E-03,  3.30733E-03,  2.47985E-03,NA,NA,NA,NA,NA,NA,NA,NA,NA,NA,NA,NA,NA,NA,NA,NA,NA,NA,NA,NA,NA,NA,NA,NA,NA,NA,NA,NA,
NA,NA,NA,NA,NA,NA,NA,NA,NA,NA,NA,NA,NA,NA,NA,NA,NA,NA,NA,NA,NA,NA,NA,NA,NA, -8.74791E-05,  7.35882E-04,  1.62833E-03,  2.58454E-03,  3.59536E-03,  4.64706E-03,  5.72077E-03,  6.79218E-03,  7.83197E-03,  8.80644E-03,  9.67946E-03,  1.04150E-02,  1.09797E-02,  1.13467E-02,  1.14979E-02,  1.14262E-02,  1.11365E-02,  1.06450E-02,  9.97692E-03,  9.16449E-03,  8.24325E-03,  7.24935E-03,  6.21657E-03,  5.17486E-03,  4.14928E-03,  3.15932E-03,  2.21941E-03,  1.33939E-03,  5.25127E-04,NA,NA,NA,NA,NA,NA,NA,NA,NA,NA,NA,NA,NA,NA,NA,NA,NA,NA,NA,NA,NA,NA,NA,NA,NA,
NA,NA,NA,NA,NA,NA,NA,NA,NA,NA,NA,NA,NA,NA,NA,NA,NA,NA,NA,NA,NA,NA,NA, -1.45523E-03, -6.85963E-04,  1.72830E-04,  1.12347E-03,  2.16568E-03,  3.29559E-03,  4.50446E-03,  5.77771E-03,  7.09335E-03,  8.42170E-03,  9.72520E-03,  1.09593E-02,  1.20747E-02,NA,NA,NA,NA,NA,NA,NA,  1.24218E-02,  1.13744E-02,  1.01986E-02,  8.94371E-03,  7.65499E-03,  6.37092E-03,  5.12245E-03,  3.93226E-03,  2.81621E-03,  1.78381E-03,  8.39609E-04, -1.55528E-05, -7.83547E-04,NA,NA,NA,NA,NA,NA,NA,NA,NA,NA,NA,NA,NA,NA,NA,NA,NA,NA,NA,NA,NA,NA,NA,
NA,NA,NA,NA,NA,NA,NA,NA,NA,NA,NA,NA,NA,NA,NA,NA,NA,NA,NA,NA,NA, -2.83377E-03, -2.16692E-03, -1.40340E-03, -5.35062E-04,  4.45494E-04,  1.54405E-03,  2.76373E-03,  4.10352E-03,  5.55664E-03,  7.10814E-03,  8.73361E-03,  1.03970E-02,NA,NA,NA,NA,NA,NA,NA,NA,NA,NA,NA,NA,NA,  1.09989E-02,  9.37501E-03,  7.77933E-03,  6.24946E-03,  4.81160E-03,  3.48179E-03,  2.26806E-03,  1.17225E-03,  1.91857E-04, -6.78445E-04, -1.44569E-03, -2.11775E-03,NA,NA,NA,NA,NA,NA,NA,NA,NA,NA,NA,NA,NA,NA,NA,NA,NA,NA,NA,NA,NA,
NA,NA,NA,NA,NA,NA,NA,NA,NA,NA,NA,NA,NA,NA,NA,NA,NA,NA,NA, -4.12370E-03, -3.58604E-03, -2.95552E-03, -2.22099E-03, -1.37057E-03, -3.92000E-04,  7.26835E-04,  1.99695E-03,  3.42686E-03,  5.02073E-03,  6.77554E-03,  8.67857E-03,NA,NA,NA,NA,NA,NA,NA,NA,NA,NA,NA,NA,NA,NA,NA,NA,NA,  9.44348E-03,  7.55681E-03,  5.81129E-03,  4.22171E-03,  2.79235E-03,  1.51997E-03,  3.96752E-04, -5.87858E-04, -1.44566E-03, -2.18873E-03, -2.82879E-03, -3.37688E-03,NA,NA,NA,NA,NA,NA,NA,NA,NA,NA,NA,NA,NA,NA,NA,NA,NA,NA,NA,
NA,NA,NA,NA,NA,NA,NA,NA,NA,NA,NA,NA,NA,NA,NA,NA,NA,NA, -4.85792E-03, -4.37490E-03, -3.79798E-03, -3.11393E-03, -2.30796E-03, -1.36370E-03, -2.63360E-04,  1.01168E-03,  2.47998E-03,  4.15839E-03,  6.05937E-03,  8.18780E-03,NA,NA,NA,NA,NA,NA,NA,NA,NA,NA,NA,NA,NA,NA,NA,NA,NA,NA,NA,  9.07384E-03,  6.94597E-03,  5.04088E-03,  3.35542E-03,  1.87816E-03,  5.92917E-04, -5.18527E-04, -1.47462E-03, -2.29305E-03, -2.99013E-03, -3.58064E-03, -4.07776E-03, -4.49310E-03,NA,NA,NA,NA,NA,NA,NA,NA,NA,NA,NA,NA,NA,NA,NA,NA,NA,
NA,NA,NA,NA,NA,NA,NA,NA,NA,NA,NA,NA,NA,NA,NA,NA, -5.93437E-03, -5.59618E-03, -5.17866E-03, -4.66939E-03, -4.05396E-03, -3.31570E-03, -2.43534E-03, -1.39080E-03, -1.57204E-04,  1.29294E-03,  2.98881E-03,  4.95951E-03,  7.23086E-03,NA,NA,NA,NA,NA,NA,NA,NA,NA,NA,NA,NA,NA,NA,NA,NA,NA,NA,NA,NA,NA,NA,  5.94174E-03,  3.95384E-03,  2.24030E-03,  7.72589E-04, -4.78342E-04, -1.54000E-03, -2.43739E-03, -3.19271E-03, -3.82527E-03, -4.35185E-03, -4.78687E-03, -5.14274E-03,NA,NA,NA,NA,NA,NA,NA,NA,NA,NA,NA,NA,NA,NA,NA,NA,
NA,NA,NA,NA,NA,NA,NA,NA,NA,NA,NA,NA,NA,NA,NA, -6.59082E-03, -6.32084E-03, -5.97645E-03, -5.54514E-03, -5.01212E-03, -4.35992E-03, -3.56777E-03, -2.61110E-03, -1.46088E-03, -8.30971E-05,  1.56131E-03,  3.51605E-03,  5.82779E-03,NA,NA,NA,NA,NA,NA,NA,NA,NA,NA,NA,NA,NA,NA,NA,NA,NA,NA,NA,NA,NA,NA,NA,NA,  4.58096E-03,  2.59743E-03,  9.26338E-04, -4.76249E-04, -1.64982E-03, -2.62878E-03, -3.44250E-03, -4.11583E-03, -4.66970E-03, -5.12174E-03, -5.48675E-03, -5.77729E-03,NA,NA,NA,NA,NA,NA,NA,NA,NA,NA,NA,NA,NA,NA,NA,
NA,NA,NA,NA,NA,NA,NA,NA,NA,NA,NA,NA,NA,NA, -7.21503E-03, -7.01626E-03, -6.74951E-03, -6.40264E-03, -5.96117E-03, -5.40775E-03, -4.72145E-03, -3.87696E-03, -2.84346E-03, -1.58355E-03, -5.20772E-05,  1.80492E-03,  4.05038E-03,NA,NA,NA,NA,NA,NA,NA,NA,NA,NA,NA,NA,NA,NA,NA,NA,NA,NA,NA,NA,NA,NA,NA,NA,NA,  5.22611E-03,  2.93788E-03,  1.04316E-03, -5.21964E-04, -1.81238E-03, -2.87413E-03, -3.74525E-03, -4.45705E-03, -5.03521E-03, -5.50090E-03, -5.87159E-03, -6.16183E-03, -6.38378E-03, -6.54769E-03,NA,NA,NA,NA,NA,NA,NA,NA,NA,NA,NA,NA,NA,
NA,NA,NA,NA,NA,NA,NA,NA,NA,NA,NA,NA,NA, -7.79610E-03, -7.66930E-03, -7.48188E-03, -7.22243E-03, -6.87728E-03, -6.42989E-03, -5.86018E-03, -5.14350E-03, -4.24944E-03, -3.14017E-03, -1.76861E-03, -7.61770E-05,  2.00938E-03,NA,NA,NA,NA,NA,NA,NA,NA,NA,NA,NA,NA,NA,NA,NA,NA,NA,NA,NA,NA,NA,NA,NA,NA,NA,NA,NA,  3.24708E-03,  1.11077E-03, -6.25492E-04, -2.03568E-03, -3.17980E-03, -4.10605E-03, -4.85301E-03, -5.45168E-03, -5.92706E-03, -6.29945E-03, -6.58551E-03, -6.79901E-03, -6.95136E-03, -7.05217E-03,NA,NA,NA,NA,NA,NA,NA,NA,NA,NA,NA,NA,
NA,NA,NA,NA,NA,NA,NA,NA,NA,NA,NA,NA, -8.32540E-03, -8.26940E-03, -8.16068E-03, -7.98875E-03, -7.74099E-03, -7.40213E-03, -6.95356E-03, -6.37230E-03, -5.62979E-03, -4.69015E-03, -3.50789E-03, -2.02506E-03, -1.67672E-04,NA,NA,NA,NA,NA,NA,NA,NA,NA,NA,NA,NA,NA,NA,NA,NA,NA,NA,NA,NA,NA,NA,NA,NA,NA,NA,NA,NA,NA,  1.11643E-03, -7.96223E-04, -2.32664E-03, -3.55098E-03, -4.52881E-03, -5.30677E-03, -5.92151E-03, -6.40211E-03, -6.77186E-03, -7.04957E-03, -7.25064E-03, -7.38773E-03, -7.47135E-03, -7.51031E-03,NA,NA,NA,NA,NA,NA,NA,NA,NA,NA,NA,
NA,NA,NA,NA,NA,NA,NA,NA,NA,NA,NA, -8.79643E-03, -8.80858E-03, -8.77608E-03, -8.68946E-03, -8.53728E-03, -8.30576E-03, -7.97799E-03, -7.53320E-03, -6.94550E-03, -6.18228E-03, -5.20199E-03, -3.95108E-03, -2.35989E-03, -3.37507E-04,NA,NA,NA,NA,NA,NA,NA,NA,NA,NA,NA,NA,NA,NA,NA,NA,NA,NA,NA,NA,NA,NA,NA,NA,NA,NA,NA,NA,NA,  1.04846E-03, -1.04165E-03, -2.69007E-03, -3.99082E-03, -5.01573E-03, -5.81990E-03, -6.44591E-03, -6.92703E-03, -7.28957E-03, -7.55460E-03, -7.73912E-03, -7.85710E-03, -7.91995E-03, -7.93720E-03, -7.91676E-03,NA,NA,NA,NA,NA,NA,NA,NA,NA,NA,
NA,NA,NA,NA,NA,NA,NA,NA,NA,NA, -9.20465E-03, -9.28114E-03, -9.32098E-03, -9.31575E-03, -9.25526E-03, -9.12716E-03, -8.91641E-03, -8.60447E-03, -8.16838E-03, -7.57930E-03, -6.80058E-03, -5.78499E-03, -4.47078E-03, -2.77634E-03, -5.93014E-04,NA,NA,NA,NA,NA,NA,NA,NA,NA,NA,NA,NA,NA,NA,NA,NA,NA,NA,NA,NA,NA,NA,NA,NA,NA,NA,NA,NA,NA,NA, -1.36564E-03, -3.12744E-03, -4.49962E-03, -5.56662E-03, -6.39211E-03, -7.02462E-03, -7.50161E-03, -7.85245E-03, -8.10044E-03, -8.26431E-03, -8.35924E-03, -8.39769E-03, -8.38985E-03, -8.34422E-03,NA,NA,NA,NA,NA,NA,NA,NA,NA,NA,
NA,NA,NA,NA,NA,NA,NA,NA,NA, -9.54730E-03, -9.68343E-03, -9.79069E-03, -9.86169E-03, -9.88747E-03, -9.85709E-03, -9.75726E-03, -9.57160E-03, -9.27990E-03, -8.85698E-03, -8.27106E-03, -7.48148E-03, -6.43545E-03, -5.06330E-03, -3.27181E-03,NA,NA,NA,NA,NA,NA,NA,NA,NA,NA,NA,NA,NA,NA,NA,NA,NA,NA,NA,NA,NA,NA,NA,NA,NA,NA,NA,NA,NA,NA,NA, -1.76614E-03, -3.63538E-03, -5.07392E-03, -6.17846E-03, -7.02096E-03, -7.65574E-03, -8.12440E-03, -8.45936E-03, -8.68620E-03, -8.82540E-03, -8.89346E-03, -8.90385E-03, -8.86754E-03, -8.79359E-03, -8.68943E-03,NA,NA,NA,NA,NA,NA,NA,NA,NA,
NA,NA,NA,NA,NA,NA,NA,NA, -9.82315E-03, -1.00136E-02, -1.01826E-02, -1.03238E-02, -1.04293E-02, -1.04897E-02, -1.04933E-02, -1.04256E-02, -1.02689E-02, -1.00013E-02, -9.59518E-03, -9.01579E-03, -8.21853E-03, -7.14531E-03, -5.71903E-03,NA,NA,NA,NA,NA,NA,NA,NA,NA,NA,NA,NA,NA,NA,NA,NA,NA,NA,NA,NA,NA,NA,NA,NA,NA,NA,NA,NA,NA,NA,NA,NA,NA, -4.20444E-03, -5.70578E-03, -6.84494E-03, -7.70162E-03, -8.33562E-03, -8.79264E-03, -9.10817E-03, -9.31017E-03, -9.42097E-03, -9.45850E-03, -9.43729E-03, -9.36918E-03, -9.26380E-03, -9.12904E-03, -8.97135E-03,NA,NA,NA,NA,NA,NA,NA,NA,
NA,NA,NA,NA,NA,NA,NA, -1.00324E-02, -1.02713E-02, -1.04958E-02, -1.07004E-02, -1.08786E-02, -1.10220E-02, -1.11205E-02, -1.11615E-02, -1.11295E-02, -1.10051E-02, -1.07645E-02, -1.03775E-02, -9.80623E-03, -9.00210E-03, -7.90184E-03,NA,NA,NA,NA,NA,NA,NA,NA,NA,NA,NA,NA,NA,NA,NA,NA,NA,NA,NA,NA,NA,NA,NA,NA,NA,NA,NA,NA,NA,NA,NA,NA,NA,NA,NA, -6.38249E-03, -7.55650E-03, -8.42697E-03, -9.05899E-03, -9.50237E-03, -9.79583E-03, -9.96991E-03, -1.00490E-02, -1.00525E-02, -9.99638E-03, -9.89324E-03, -9.75341E-03, -9.58527E-03, -9.39557E-03, -9.18981E-03,NA,NA,NA,NA,NA,NA,NA,
NA,NA,NA,NA,NA,NA,NA, -1.04576E-02, -1.07310E-02, -1.09920E-02, -1.12350E-02, -1.14530E-02, -1.16374E-02, -1.17772E-02, -1.18589E-02, -1.18655E-02, -1.17760E-02, -1.15642E-02, -1.11970E-02, -1.06332E-02, -9.81968E-03,NA,NA,NA,NA,NA,NA,NA,NA,NA,NA,NA,NA,NA,NA,NA,NA,NA,NA,NA,NA,NA,NA,NA,NA,NA,NA,NA,NA,NA,NA,NA,NA,NA,NA,NA,NA,NA, -8.30066E-03, -9.18798E-03, -9.81925E-03, -1.02486E-02, -1.05185E-02, -1.06623E-02, -1.07068E-02, -1.06733E-02, -1.05791E-02, -1.04378E-02, -1.02606E-02, -1.00564E-02, -9.83226E-03, -9.59389E-03,NA,NA,NA,NA,NA,NA,NA,
NA,NA,NA,NA,NA,NA, -1.05749E-02, -1.08903E-02, -1.12002E-02, -1.14999E-02, -1.17838E-02, -1.20445E-02, -1.22727E-02, -1.24568E-02, -1.25819E-02, -1.26297E-02, -1.25769E-02, -1.23944E-02, -1.20461E-02, -1.14862E-02, -1.06568E-02,NA,NA,NA,NA,NA,NA,NA,NA,NA,NA,NA,NA,NA,NA,NA,NA,NA,NA,NA,NA,NA,NA,NA,NA,NA,NA,NA,NA,NA,NA,NA,NA,NA,NA,NA,NA,NA, -9.06294E-03, -9.97441E-03, -1.06089E-02, -1.10259E-02, -1.12718E-02, -1.13838E-02, -1.13914E-02, -1.13181E-02, -1.11828E-02, -1.10006E-02, -1.07832E-02, -1.05404E-02, -1.02795E-02, -1.00064E-02, -9.72585E-03,NA,NA,NA,NA,NA,NA,
NA,NA,NA,NA,NA, -1.06264E-02, -1.09770E-02, -1.13281E-02, -1.16763E-02, -1.20169E-02, -1.23440E-02, -1.26499E-02, -1.29247E-02, -1.31557E-02, -1.33268E-02, -1.34177E-02, -1.34025E-02, -1.32491E-02, -1.29168E-02, -1.23546E-02,NA,NA,NA,NA,NA,NA,NA,NA,NA,NA,NA,NA,NA,NA,NA,NA,NA,NA,NA,NA,NA,NA,NA,NA,NA,NA,NA,NA,NA,NA,NA,NA,NA,NA,NA,NA,NA,NA,NA, -1.07758E-02, -1.14205E-02, -1.18283E-02, -1.20512E-02, -1.21305E-02, -1.20993E-02, -1.19838E-02, -1.18048E-02, -1.15788E-02, -1.13188E-02, -1.10348E-02, -1.07350E-02, -1.04253E-02, -1.01105E-02, -9.79435E-03,NA,NA,NA,NA,NA,
NA,NA,NA,NA,NA, -1.09952E-02, -1.13802E-02, -1.17685E-02, -1.21567E-02, -1.25401E-02, -1.29125E-02, -1.32659E-02, -1.35897E-02, -1.38701E-02, -1.40894E-02, -1.42249E-02, -1.42479E-02, -1.41221E-02, -1.38015E-02,NA,NA,NA,NA,NA,NA,NA,NA,NA,NA,NA,NA,NA,NA,NA,NA,NA,NA,NA,NA,NA,NA,NA,NA,NA,NA,NA,NA,NA,NA,NA,NA,NA,NA,NA,NA,NA,NA,NA,NA,NA, -1.22471E-02, -1.26504E-02, -1.28519E-02, -1.28983E-02, -1.28268E-02, -1.26668E-02, -1.24417E-02, -1.21694E-02, -1.18642E-02, -1.15370E-02, -1.11962E-02, -1.08481E-02, -1.04976E-02, -1.01484E-02,NA,NA,NA,NA,NA,
NA,NA,NA,NA, -1.09501E-02, -1.13616E-02, -1.17819E-02, -1.22085E-02, -1.26381E-02, -1.30660E-02, -1.34857E-02, -1.38887E-02, -1.42637E-02, -1.45956E-02, -1.48650E-02, -1.50467E-02, -1.51081E-02, -1.50080E-02, -1.46942E-02,NA,NA,NA,NA,NA,NA,NA,NA,NA,NA,NA,NA,NA,NA,NA,NA,NA,NA,NA,NA,NA,NA,NA,NA,NA,NA,NA,NA,NA,NA,NA,NA,NA,NA,NA,NA,NA,NA,NA,NA,NA, -1.30831E-02, -1.34876E-02, -1.36697E-02, -1.36830E-02, -1.35698E-02, -1.33634E-02, -1.30898E-02, -1.27689E-02, -1.24163E-02, -1.20438E-02, -1.16602E-02, -1.12721E-02, -1.08846E-02, -1.05012E-02, -1.01246E-02,NA,NA,NA,NA,
NA,NA,NA,NA, -1.12784E-02, -1.17228E-02, -1.21791E-02, -1.26451E-02, -1.31173E-02, -1.35909E-02, -1.40595E-02, -1.45140E-02, -1.49422E-02, -1.53277E-02, -1.56491E-02, -1.58781E-02, -1.59782E-02, -1.59023E-02,NA,NA,NA,NA,NA,NA,NA,NA,NA,NA,NA,NA,NA,NA,NA,NA,NA,NA,NA,NA,NA,NA,NA,NA,NA,NA,NA,NA,NA,NA,NA,NA,NA,NA,NA,NA,NA,NA,NA,NA,NA,NA,NA, -1.43361E-02, -1.45006E-02, -1.44805E-02, -1.43242E-02, -1.40694E-02, -1.37450E-02, -1.33734E-02, -1.29714E-02, -1.25517E-02, -1.21238E-02, -1.16945E-02, -1.12688E-02, -1.08504E-02, -1.04417E-02,NA,NA,NA,NA,
NA,NA,NA, -1.11371E-02, -1.15984E-02, -1.20761E-02, -1.25689E-02, -1.30748E-02, -1.35903E-02, -1.41109E-02, -1.46296E-02, -1.51371E-02, -1.56202E-02, -1.60613E-02, -1.64365E-02, -1.67145E-02, -1.68540E-02, -1.68015E-02,NA,NA,NA,NA,NA,NA,NA,NA,NA,NA,NA,NA,NA,NA,NA,NA,NA,NA,NA,NA,NA,NA,NA,NA,NA,NA,NA,NA,NA,NA,NA,NA,NA,NA,NA,NA,NA,NA,NA,NA,NA,NA,NA, -1.51935E-02, -1.53411E-02, -1.52867E-02, -1.50855E-02, -1.47800E-02, -1.44028E-02, -1.39784E-02, -1.35252E-02, -1.30569E-02, -1.25834E-02, -1.21118E-02, -1.16473E-02, -1.11933E-02, -1.07521E-02, -1.03253E-02,NA,NA,NA,
NA,NA,NA, -1.14160E-02, -1.19074E-02, -1.24184E-02, -1.29479E-02, -1.34939E-02, -1.40533E-02, -1.46214E-02, -1.51913E-02, -1.57529E-02, -1.62924E-02, -1.67907E-02, -1.72217E-02, -1.75506E-02, -1.77312E-02, -1.77027E-02,NA,NA,NA,NA,NA,NA,NA,NA,NA,NA,NA,NA,NA,NA,NA,NA,NA,NA,NA,NA,NA,NA,NA,NA,NA,NA,NA,NA,NA,NA,NA,NA,NA,NA,NA,NA,NA,NA,NA,NA,NA,NA,NA, -1.60581E-02, -1.61878E-02, -1.60971E-02, -1.58487E-02, -1.54903E-02, -1.50582E-02, -1.45792E-02, -1.40734E-02, -1.35552E-02, -1.30352E-02, -1.25207E-02, -1.20168E-02, -1.15268E-02, -1.10530E-02, -1.05966E-02,NA,NA,NA,
NA,NA,NA, -1.16816E-02, -1.22028E-02, -1.27467E-02, -1.33125E-02, -1.38985E-02, -1.45018E-02, -1.51177E-02, -1.57391E-02, -1.63557E-02, -1.69528E-02, -1.75099E-02, -1.79986E-02, -1.83808E-02, -1.86051E-02,NA,NA,NA,NA,NA,NA,NA,NA,NA,NA,NA,NA,NA,NA,NA,NA,NA,NA,NA,NA,NA,NA,NA,NA,NA,NA,NA,NA,NA,NA,NA,NA,NA,NA,NA,NA,NA,NA,NA,NA,NA,NA,NA,NA,NA, -1.70370E-02, -1.69067E-02, -1.66082E-02, -1.61945E-02, -1.57055E-02, -1.51704E-02, -1.46107E-02, -1.40420E-02, -1.34750E-02, -1.29173E-02, -1.23739E-02, -1.18481E-02, -1.13418E-02, -1.08561E-02,NA,NA,NA,
NA,NA, -1.14070E-02, -1.19312E-02, -1.24814E-02, -1.30576E-02, -1.36591E-02, -1.42846E-02, -1.49313E-02, -1.55947E-02, -1.62677E-02, -1.69395E-02, -1.75949E-02, -1.82120E-02, -1.87604E-02, -1.91986E-02, -1.94705E-02,NA,NA,NA,NA,NA,NA,NA,NA,NA,NA,NA,NA,NA,NA,NA,NA,NA,NA,NA,NA,NA,NA,NA,NA,NA,NA,NA,NA,NA,NA,NA,NA,NA,NA,NA,NA,NA,NA,NA,NA,NA,NA,NA,NA,NA, -1.78844E-02, -1.77099E-02, -1.73577E-02, -1.68862E-02, -1.63384E-02, -1.57460E-02, -1.51319E-02, -1.45122E-02, -1.38982E-02, -1.32975E-02, -1.27150E-02, -1.21538E-02, -1.16156E-02, -1.11012E-02, -1.06106E-02,NA,NA,
NA,NA, -1.16130E-02, -1.21623E-02, -1.27405E-02, -1.33477E-02, -1.39839E-02, -1.46478E-02, -1.53370E-02, -1.60470E-02, -1.67709E-02, -1.74977E-02, -1.82115E-02, -1.88894E-02, -1.94992E-02, -1.99966E-02, -2.03209E-02,NA,NA,NA,NA,NA,NA,NA,NA,NA,NA,NA,NA,NA,NA,NA,NA,NA,NA,NA,NA,NA,NA,NA,NA,NA,NA,NA,NA,NA,NA,NA,NA,NA,NA,NA,NA,NA,NA,NA,NA,NA,NA,NA,NA,NA, -1.87242E-02, -1.84996E-02, -1.80898E-02, -1.75579E-02, -1.69500E-02, -1.62997E-02, -1.56310E-02, -1.49606E-02, -1.43002E-02, -1.36572E-02, -1.30364E-02, -1.24407E-02, -1.18715E-02, -1.13293E-02, -1.08137E-02,NA,NA,
NA,NA, -1.17993E-02, -1.23723E-02, -1.29769E-02, -1.36138E-02, -1.42831E-02, -1.49838E-02, -1.57139E-02, -1.64691E-02, -1.72424E-02, -1.80231E-02, -1.87947E-02, -1.95337E-02, -2.02063E-02, -2.07658E-02, -2.11477E-02,NA,NA,NA,NA,NA,NA,NA,NA,NA,NA,NA,NA,NA,NA,NA,NA,NA,NA,NA,NA,NA,NA,NA,NA,NA,NA,NA,NA,NA,NA,NA,NA,NA,NA,NA,NA,NA,NA,NA,NA,NA,NA,NA,NA,NA, -1.95483E-02, -1.92671E-02, -1.87959E-02, -1.82015E-02, -1.75326E-02, -1.68244E-02, -1.61017E-02, -1.53817E-02, -1.46760E-02, -1.39920E-02, -1.33343E-02, -1.27055E-02, -1.21066E-02, -1.15377E-02, -1.09985E-02,NA,NA,
NA, -1.14014E-02, -1.19634E-02, -1.25585E-02, -1.31878E-02, -1.38524E-02, -1.45527E-02, -1.52882E-02, -1.60569E-02, -1.68551E-02, -1.76759E-02, -1.85085E-02, -1.93365E-02, -2.01358E-02, -2.08716E-02, -2.14956E-02, -2.19404E-02,NA,NA,NA,NA,NA,NA,NA,NA,NA,NA,NA,NA,NA,NA,NA,NA,NA,NA,NA,NA,NA,NA,NA,NA,NA,NA,NA,NA,NA,NA,NA,NA,NA,NA,NA,NA,NA,NA,NA,NA,NA,NA,NA,NA,NA, -2.03465E-02, -2.00022E-02, -1.94660E-02, -1.88078E-02, -1.80781E-02, -1.73129E-02, -1.65377E-02, -1.57697E-02, -1.50206E-02, -1.42975E-02, -1.36048E-02, -1.29446E-02, -1.23177E-02, -1.17240E-02, -1.11626E-02, -1.06323E-02,NA,
NA, -1.15235E-02, -1.21034E-02, -1.27185E-02, -1.33704E-02, -1.40603E-02, -1.47891E-02, -1.55566E-02, -1.63612E-02, -1.71993E-02, -1.80646E-02, -1.89464E-02, -1.98283E-02, -2.06859E-02, -2.14844E-02, -2.21740E-02, -2.26861E-02,NA,NA,NA,NA,NA,NA,NA,NA,NA,NA,NA,NA,NA,NA,NA,NA,NA,NA,NA,NA,NA,NA,NA,NA,NA,NA,NA,NA,NA,NA,NA,NA,NA,NA,NA,NA,NA,NA,NA,NA,NA,NA,NA,NA,NA,NA, -2.06927E-02, -2.00893E-02, -1.93671E-02, -1.85776E-02, -1.77575E-02, -1.69321E-02, -1.61188E-02, -1.53289E-02, -1.45693E-02, -1.38441E-02, -1.31549E-02, -1.25022E-02, -1.18856E-02, -1.13038E-02, -1.07555E-02,NA,
NA, -1.16215E-02, -1.22171E-02, -1.28499E-02, -1.35218E-02, -1.42344E-02, -1.49887E-02, -1.57849E-02, -1.66218E-02, -1.74963E-02, -1.84021E-02, -1.93291E-02, -2.02612E-02, -2.11741E-02, -2.20329E-02, -2.27879E-02, -2.33698E-02,NA,NA,NA,NA,NA,NA,NA,NA,NA,NA,NA,NA,NA,NA,NA,NA,NA,NA,NA,NA,NA,NA,NA,NA,NA,NA,NA,NA,NA,NA,NA,NA,NA,NA,NA,NA,NA,NA,NA,NA,NA,NA,NA,NA,NA,NA, -2.13251E-02, -2.06538E-02, -1.98690E-02, -1.90224E-02, -1.81505E-02, -1.72785E-02, -1.64234E-02, -1.55961E-02, -1.48033E-02, -1.40485E-02, -1.33331E-02, -1.26573E-02, -1.20201E-02, -1.14202E-02, -1.08558E-02,NA,
NA, -1.16937E-02, -1.23027E-02, -1.29506E-02, -1.36397E-02, -1.43718E-02, -1.51481E-02, -1.59692E-02, -1.68343E-02, -1.77406E-02, -1.86822E-02, -1.96496E-02, -2.06268E-02, -2.15903E-02, -2.25055E-02, -2.33233E-02, -2.39750E-02,NA,NA,NA,NA,NA,NA,NA,NA,NA,NA,NA,NA,NA,NA,NA,NA,NA,NA,NA,NA,NA,NA,NA,NA,NA,NA,NA,NA,NA,NA,NA,NA,NA,NA,NA,NA,NA,NA,NA,NA,NA,NA,NA,NA,NA,NA, -2.18848E-02, -2.11473E-02, -2.03032E-02, -1.94036E-02, -1.84843E-02, -1.75703E-02, -1.66778E-02, -1.58174E-02, -1.49953E-02, -1.42146E-02, -1.34764E-02, -1.27804E-02, -1.21254E-02, -1.15097E-02, -1.09315E-02,NA,
NA, -1.17387E-02, -1.23584E-02, -1.30187E-02, -1.37218E-02, -1.44698E-02, -1.52643E-02, -1.61060E-02, -1.69945E-02, -1.79274E-02, -1.88993E-02, -1.99008E-02, -2.09170E-02, -2.19248E-02, -2.28905E-02, -2.37662E-02, -2.44849E-02,NA,NA,NA,NA,NA,NA,NA,NA,NA,NA,NA,NA,NA,NA,NA,NA,NA,NA,NA,NA,NA,NA,NA,NA,NA,NA,NA,NA,NA,NA,NA,NA,NA,NA,NA,NA,NA,NA,NA,NA,NA,NA,NA,NA,NA, -2.29893E-02, -2.23573E-02, -2.15576E-02, -2.06595E-02, -1.97126E-02, -1.87520E-02, -1.78016E-02, -1.68771E-02, -1.59886E-02, -1.51418E-02, -1.43393E-02, -1.35819E-02, -1.28691E-02, -1.21993E-02, -1.15708E-02, -1.09811E-02,NA,
NA, -1.17552E-02, -1.23829E-02, -1.30525E-02, -1.37662E-02, -1.45263E-02, -1.53347E-02, -1.61923E-02, -1.70989E-02, -1.80525E-02, -1.90481E-02, -2.00770E-02, -2.11247E-02, -2.21690E-02, -2.31775E-02, -2.41037E-02, -2.48830E-02,NA,NA,NA,NA,NA,NA,NA,NA,NA,NA,NA,NA,NA,NA,NA,NA,NA,NA,NA,NA,NA,NA,NA,NA,NA,NA,NA,NA,NA,NA,NA,NA,NA,NA,NA,NA,NA,NA,NA,NA,NA,NA,NA,NA,NA, -2.34271E-02, -2.27285E-02, -2.18734E-02, -2.09286E-02, -1.99420E-02, -1.89471E-02, -1.79670E-02, -1.70169E-02, -1.61059E-02, -1.52394E-02, -1.44198E-02, -1.36475E-02, -1.29215E-02, -1.22403E-02, -1.16017E-02, -1.10034E-02, -1.04428E-02,
 -1.11492E-02, -1.17422E-02, -1.23751E-02, -1.30506E-02, -1.37713E-02, -1.45395E-02, -1.53572E-02, -1.62255E-02, -1.71445E-02, -1.81125E-02, -1.91248E-02, -2.01732E-02, -2.12438E-02, -2.23156E-02, -2.33572E-02, -2.43242E-02, -2.51548E-02,NA,NA,NA,NA,NA,NA,NA,NA,NA,NA,NA,NA,NA,NA,NA,NA,NA,NA,NA,NA,NA,NA,NA,NA,NA,NA,NA,NA,NA,NA,NA,NA,NA,NA,NA,NA,NA,NA,NA,NA,NA,NA,NA,NA,NA, -2.37421E-02, -2.29859E-02, -2.20849E-02, -2.11027E-02, -2.00852E-02, -1.90644E-02, -1.80623E-02, -1.70933E-02, -1.61662E-02, -1.52857E-02, -1.44539E-02, -1.36710E-02, -1.29360E-02, -1.22468E-02, -1.16014E-02, -1.09972E-02, -1.04316E-02,
 -1.11043E-02, -1.16990E-02, -1.23341E-02, -1.30122E-02, -1.37360E-02, -1.45080E-02, -1.53302E-02, -1.62039E-02, -1.71293E-02, -1.81048E-02, -1.91262E-02, -2.01857E-02, -2.12700E-02, -2.23589E-02, -2.34226E-02, -2.44188E-02, -2.52885E-02,NA,NA,NA,NA,NA,NA,NA,NA,NA,NA,NA,NA,NA,NA,NA,NA,NA,NA,NA,NA,NA,NA,NA,NA,NA,NA,NA,NA,NA,NA,NA,NA,NA,NA,NA,NA,NA,NA,NA,NA,NA,NA,NA,NA,NA, -2.39214E-02, -2.31195E-02, -2.21842E-02, -2.11756E-02, -2.01372E-02, -1.90997E-02, -1.80840E-02, -1.71036E-02, -1.61670E-02, -1.52785E-02, -1.44399E-02, -1.36512E-02, -1.29112E-02, -1.22179E-02, -1.15689E-02, -1.09617E-02, -1.03937E-02,
 -1.10315E-02, -1.16251E-02, -1.22593E-02, -1.29365E-02, -1.36597E-02, -1.44311E-02, -1.52528E-02, -1.61263E-02, -1.70518E-02, -1.80279E-02, -1.90505E-02, -2.01122E-02, -2.12003E-02, -2.22955E-02, -2.33693E-02, -2.43814E-02, -2.52761E-02,NA,NA,NA,NA,NA,NA,NA,NA,NA,NA,NA,NA,NA,NA,NA,NA,NA,NA,NA,NA,NA,NA,NA,NA,NA,NA,NA,NA,NA,NA,NA,NA,NA,NA,NA,NA,NA,NA,NA,NA,NA,NA,NA,NA,NA, -2.39557E-02, -2.31225E-02, -2.21661E-02, -2.11431E-02, -2.00949E-02, -1.90505E-02, -1.80299E-02, -1.70461E-02, -1.61069E-02, -1.52165E-02, -1.43766E-02, -1.35870E-02, -1.28463E-02, -1.21527E-02, -1.15036E-02, -1.08965E-02, -1.03288E-02,
 -1.09307E-02, -1.15205E-02, -1.21505E-02, -1.28235E-02, -1.35419E-02, -1.43083E-02, -1.51247E-02, -1.59924E-02, -1.69117E-02, -1.78812E-02, -1.88970E-02, -1.99519E-02, -2.10338E-02, -2.21241E-02, -2.31954E-02, -2.42096E-02, -2.51138E-02, -2.58368E-02,NA,NA,NA,NA,NA,NA,NA,NA,NA,NA,NA,NA,NA,NA,NA,NA,NA,NA,NA,NA,NA,NA,NA,NA,NA,NA,NA,NA,NA,NA,NA,NA,NA,NA,NA,NA,NA,NA,NA,NA,NA,NA,NA, -2.45016E-02, -2.38401E-02, -2.29916E-02, -2.20281E-02, -2.10034E-02, -1.99566E-02, -1.89155E-02, -1.78991E-02, -1.69198E-02, -1.59852E-02, -1.50993E-02, -1.42636E-02, -1.34779E-02, -1.27410E-02, -1.20509E-02, -1.14052E-02, -1.08013E-02, -1.02366E-02,
 -1.08019E-02, -1.13851E-02, -1.20080E-02, -1.26731E-02, -1.33830E-02, -1.41401E-02, -1.49461E-02, -1.58025E-02, -1.67094E-02, -1.76653E-02, -1.86664E-02, -1.97057E-02, -2.07714E-02, -2.18454E-02, -2.29020E-02, -2.39041E-02, -2.48019E-02, -2.55286E-02,NA,NA,NA,NA,NA,NA,NA,NA,NA,NA,NA,NA,NA,NA,NA,NA,NA,NA,NA,NA,NA,NA,NA,NA,NA,NA,NA,NA,NA,NA,NA,NA,NA,NA,NA,NA,NA,NA,NA,NA,NA,NA,NA, -2.42461E-02, -2.35743E-02, -2.27265E-02, -2.17706E-02, -2.07569E-02, -1.97229E-02, -1.86951E-02, -1.76918E-02, -1.67250E-02, -1.58020E-02, -1.49268E-02, -1.41009E-02, -1.33242E-02, -1.25954E-02, -1.19127E-02, -1.12737E-02, -1.06761E-02, -1.01171E-02,
 -1.06456E-02, -1.12195E-02, -1.18321E-02, -1.24860E-02, -1.31836E-02, -1.39270E-02, -1.47180E-02, -1.55577E-02, -1.64461E-02, -1.73816E-02, -1.83605E-02, -1.93757E-02, -2.04156E-02, -2.14628E-02, -2.24923E-02, -2.34690E-02, -2.43454E-02, -2.50584E-02,NA,NA,NA,NA,NA,NA,NA,NA,NA,NA,NA,NA,NA,NA,NA,NA,NA,NA,NA,NA,NA,NA,NA,NA,NA,NA,NA,NA,NA,NA,NA,NA,NA,NA,NA,NA,NA,NA,NA,NA,NA,NA,NA, -2.38262E-02, -2.31622E-02, -2.23311E-02, -2.13965E-02, -2.04063E-02, -1.93960E-02, -1.83913E-02, -1.74097E-02, -1.64631E-02, -1.55585E-02, -1.47001E-02, -1.38893E-02, -1.31263E-02, -1.24099E-02, -1.17384E-02, -1.11096E-02, -1.05212E-02, -9.97070E-03,
 -1.04623E-02, -1.10242E-02, -1.16237E-02, -1.22631E-02, -1.29447E-02, -1.36704E-02, -1.44417E-02, -1.52596E-02, -1.61238E-02, -1.70327E-02, -1.79822E-02, -1.89653E-02, -1.99705E-02, -2.09810E-02, -2.19725E-02, -2.29113E-02, -2.37523E-02, -2.44357E-02, -2.48847E-02,NA,NA,NA,NA,NA,NA,NA,NA,NA,NA,NA,NA,NA,NA,NA,NA,NA,NA,NA,NA,NA,NA,NA,NA,NA,NA,NA,NA,NA,NA,NA,NA,NA,NA,NA,NA,NA,NA,NA,NA,NA, -2.36522E-02, -2.32509E-02, -2.26116E-02, -2.18118E-02, -2.09113E-02, -1.99560E-02, -1.89797E-02, -1.80072E-02, -1.70555E-02, -1.61362E-02, -1.52566E-02, -1.44206E-02, -1.36301E-02, -1.28854E-02, -1.21854E-02, -1.15288E-02, -1.09135E-02, -1.03373E-02, -9.79787E-03,
 -1.02530E-02, -1.08003E-02, -1.13839E-02, -1.20057E-02, -1.26678E-02, -1.33719E-02, -1.41193E-02, -1.49106E-02, -1.57454E-02, -1.66217E-02, -1.75353E-02, -1.84791E-02, -1.94416E-02, -2.04065E-02, -2.13502E-02, -2.22402E-02, -2.30334E-02, -2.36736E-02, -2.40884E-02,NA,NA,NA,NA,NA,NA,NA,NA,NA,NA,NA,NA,NA,NA,NA,NA,NA,NA,NA,NA,NA,NA,NA,NA,NA,NA,NA,NA,NA,NA,NA,NA,NA,NA,NA,NA,NA,NA,NA,NA,NA, -2.29048E-02, -2.25333E-02, -2.19332E-02, -2.11775E-02, -2.03228E-02, -1.94125E-02, -1.84793E-02, -1.75471E-02, -1.66327E-02, -1.57475E-02, -1.48987E-02, -1.40906E-02, -1.33252E-02, -1.26030E-02, -1.19234E-02, -1.12851E-02, -1.06864E-02, -1.01252E-02, -9.59939E-03,
NA, -1.05490E-02, -1.11140E-02, -1.17153E-02, -1.23547E-02, -1.30336E-02, -1.37532E-02, -1.45136E-02, -1.53142E-02, -1.61526E-02, -1.70245E-02, -1.79225E-02, -1.88355E-02, -1.97470E-02, -2.06344E-02, -2.14664E-02, -2.22019E-02, -2.27874E-02, -2.31552E-02, -2.32207E-02,NA,NA,NA,NA,NA,NA,NA,NA,NA,NA,NA,NA,NA,NA,NA,NA,NA,NA,NA,NA,NA,NA,NA,NA,NA,NA,NA,NA,NA,NA,NA,NA,NA,NA,NA,NA,NA,NA,NA, -2.20392E-02, -2.20164E-02, -2.16883E-02, -2.11398E-02, -2.04389E-02, -1.96395E-02, -1.87831E-02, -1.79011E-02, -1.70165E-02, -1.61459E-02, -1.53006E-02, -1.44881E-02, -1.37127E-02, -1.29768E-02, -1.22812E-02, -1.16256E-02, -1.10089E-02, -1.04296E-02, -9.88603E-03, -9.37625E-03,
NA, -1.02717E-02, -1.08156E-02, -1.13937E-02, -1.20075E-02, -1.26581E-02, -1.33462E-02, -1.40719E-02, -1.48340E-02, -1.56299E-02, -1.64550E-02, -1.73018E-02, -1.81592E-02, -1.90111E-02, -1.98352E-02, -2.06018E-02, -2.12714E-02, -2.17937E-02, -2.21048E-02, -2.21261E-02, -2.17621E-02,NA,NA,NA,NA,NA,NA,NA,NA,NA,NA,NA,NA,NA,NA,NA,NA,NA,NA,NA,NA,NA,NA,NA,NA,NA,NA,NA,NA,NA,NA,NA,NA,NA,NA,NA,NA,NA,NA, -2.09882E-02, -2.10069E-02, -2.07329E-02, -2.02452E-02, -1.96079E-02, -1.88717E-02, -1.80764E-02, -1.72521E-02, -1.64213E-02, -1.56002E-02, -1.48000E-02, -1.40285E-02, -1.32902E-02, -1.25878E-02, -1.19223E-02, -1.12939E-02, -1.07017E-02, -1.01447E-02, -9.62119E-03,NA,
NA, -9.96996E-03, -1.04906E-02, -1.10431E-02, -1.16286E-02, -1.22479E-02, -1.29015E-02, -1.35890E-02, -1.43089E-02, -1.50584E-02, -1.58325E-02, -1.66236E-02, -1.74206E-02, -1.82076E-02, -1.89632E-02, -1.96586E-02, -2.02564E-02, -2.07089E-02, -2.09565E-02, -2.09260E-02, -2.05297E-02,NA,NA,NA,NA,NA,NA,NA,NA,NA,NA,NA,NA,NA,NA,NA,NA,NA,NA,NA,NA,NA,NA,NA,NA,NA,NA,NA,NA,NA,NA,NA,NA,NA,NA,NA,NA,NA, -1.93899E-02, -1.98275E-02, -1.98961E-02, -1.96838E-02, -1.92640E-02, -1.86966E-02, -1.80297E-02, -1.73012E-02, -1.65401E-02, -1.57681E-02, -1.50011E-02, -1.42505E-02, -1.35240E-02, -1.28266E-02, -1.21611E-02, -1.15290E-02, -1.09307E-02, -1.03658E-02, -9.83336E-03, -9.33221E-03,NA,
NA, -9.64566E-03, -1.01411E-02, -1.06658E-02, -1.12207E-02, -1.18062E-02, -1.24226E-02, -1.30690E-02, -1.37436E-02, -1.44433E-02, -1.51629E-02, -1.58947E-02, -1.66275E-02, -1.73458E-02, -1.80288E-02, -1.86489E-02, -1.91707E-02, -1.95493E-02, -1.97288E-02, -1.96417E-02, -1.92074E-02, -1.83320E-02,NA,NA,NA,NA,NA,NA,NA,NA,NA,NA,NA,NA,NA,NA,NA,NA,NA,NA,NA,NA,NA,NA,NA,NA,NA,NA,NA,NA,NA,NA,NA,NA,NA,NA,NA, -1.71851E-02, -1.81045E-02, -1.85792E-02, -1.87032E-02, -1.85575E-02, -1.82102E-02, -1.77173E-02, -1.71242E-02, -1.64668E-02, -1.57729E-02, -1.50636E-02, -1.43546E-02, -1.36572E-02, -1.29791E-02, -1.23257E-02, -1.17001E-02, -1.11042E-02, -1.05386E-02, -1.00033E-02, -9.49766E-03, -9.02083E-03,NA,
NA, -9.30070E-03, -9.76921E-03, -1.02643E-02, -1.07865E-02, -1.13362E-02, -1.19130E-02, -1.25158E-02, -1.31427E-02, -1.37900E-02, -1.44525E-02, -1.51221E-02, -1.57878E-02, -1.64346E-02, -1.70423E-02, -1.75845E-02, -1.80277E-02, -1.83297E-02, -1.84386E-02, -1.82921E-02, -1.78165E-02, -1.69267E-02,NA,NA,NA,NA,NA,NA,NA,NA,NA,NA,NA,NA,NA,NA,NA,NA,NA,NA,NA,NA,NA,NA,NA,NA,NA,NA,NA,NA,NA,NA,NA,NA,NA,NA,NA, -1.58139E-02, -1.67474E-02, -1.72629E-02, -1.74455E-02, -1.73694E-02, -1.70974E-02, -1.66819E-02, -1.61655E-02, -1.55821E-02, -1.49584E-02, -1.43148E-02, -1.36667E-02, -1.30253E-02, -1.23984E-02, -1.17916E-02, -1.12084E-02, -1.06509E-02, -1.01202E-02, -9.61658E-03, -9.13970E-03, -8.68895E-03,NA,
NA, -8.93717E-03, -9.37724E-03, -9.84110E-03, -1.03290E-02, -1.08410E-02, -1.13764E-02, -1.19339E-02, -1.25110E-02, -1.31040E-02, -1.37072E-02, -1.43127E-02, -1.49095E-02, -1.54830E-02, -1.60137E-02, -1.64765E-02, -1.68397E-02, -1.70638E-02, -1.71009E-02, -1.68935E-02, -1.63745E-02, -1.54673E-02, -1.40866E-02,NA,NA,NA,NA,NA,NA,NA,NA,NA,NA,NA,NA,NA,NA,NA,NA,NA,NA,NA,NA,NA,NA,NA,NA,NA,NA,NA,NA,NA,NA,NA,NA,NA, -1.29576E-02, -1.43866E-02, -1.53375E-02, -1.58959E-02, -1.61387E-02, -1.61335E-02, -1.59384E-02, -1.56018E-02, -1.51636E-02, -1.46561E-02, -1.41046E-02, -1.35288E-02, -1.29436E-02, -1.23602E-02, -1.17866E-02, -1.12285E-02, -1.06897E-02, -1.01726E-02, -9.67858E-03, -9.20827E-03, -8.76173E-03, -8.33857E-03,NA,
NA,NA, -8.96765E-03, -9.39900E-03, -9.85132E-03, -1.03242E-02, -1.08168E-02, -1.13274E-02, -1.18533E-02, -1.23905E-02, -1.29332E-02, -1.34733E-02, -1.40002E-02, -1.44994E-02, -1.49523E-02, -1.53351E-02, -1.56179E-02, -1.57640E-02, -1.57289E-02, -1.54600E-02, -1.48963E-02, -1.39687E-02, -1.26014E-02, -1.07137E-02,NA,NA,NA,NA,NA,NA,NA,NA,NA,NA,NA,NA,NA,NA,NA,NA,NA,NA,NA,NA,NA,NA,NA,NA,NA,NA,NA,NA,NA,NA,NA,NA, -1.15039E-02, -1.29194E-02, -1.38902E-02, -1.44927E-02, -1.47963E-02, -1.48625E-02, -1.47445E-02, -1.44873E-02, -1.41281E-02, -1.36973E-02, -1.32190E-02, -1.27121E-02, -1.21912E-02, -1.16673E-02, -1.11485E-02, -1.06406E-02, -1.01477E-02, -9.67244E-03, -9.21658E-03, -8.78102E-03, -8.36612E-03,NA,NA,
NA,NA, -8.54289E-03, -8.94075E-03, -9.35642E-03, -9.78925E-03, -1.02380E-02, -1.07008E-02, -1.11745E-02, -1.16550E-02, -1.21364E-02, -1.26106E-02, -1.30670E-02, -1.34918E-02, -1.38669E-02, -1.41700E-02, -1.43728E-02, -1.44412E-02, -1.43342E-02, -1.40035E-02, -1.33938E-02, -1.24429E-02, -1.10831E-02, -9.24333E-03,NA,NA,NA,NA,NA,NA,NA,NA,NA,NA,NA,NA,NA,NA,NA,NA,NA,NA,NA,NA,NA,NA,NA,NA,NA,NA,NA,NA,NA,NA,NA, -8.12557E-03, -1.00177E-02, -1.14248E-02, -1.24183E-02, -1.30660E-02, -1.34304E-02, -1.35676E-02, -1.35263E-02, -1.33482E-02, -1.30678E-02, -1.27138E-02, -1.23090E-02, -1.18715E-02, -1.14156E-02, -1.09521E-02, -1.04889E-02, -1.00322E-02, -9.58622E-03, -9.15392E-03, -8.73729E-03, -8.33754E-03, -7.95531E-03,NA,NA,
NA,NA, -8.10548E-03, -8.46915E-03, -8.84747E-03, -9.23952E-03, -9.64382E-03, -1.00581E-02, -1.04792E-02, -1.09028E-02, -1.13226E-02, -1.17309E-02, -1.21171E-02, -1.24678E-02, -1.27658E-02, -1.29899E-02, -1.31137E-02, -1.31053E-02, -1.29270E-02, -1.25344E-02, -1.18772E-02, -1.08994E-02, -9.54030E-03, -7.73670E-03,NA,NA,NA,NA,NA,NA,NA,NA,NA,NA,NA,NA,NA,NA,NA,NA,NA,NA,NA,NA,NA,NA,NA,NA,NA,NA,NA,NA,NA,NA,NA,NA, -8.50795E-03, -9.91311E-03, -1.09322E-02, -1.16261E-02, -1.20514E-02, -1.22590E-02, -1.22935E-02, -1.21934E-02, -1.19911E-02, -1.17132E-02, -1.13815E-02, -1.10134E-02, -1.06226E-02, -1.02196E-02, -9.81257E-03, -9.40760E-03, -9.00917E-03, -8.62048E-03, -8.24380E-03, -7.88059E-03, -7.53179E-03,NA,NA,
NA,NA,NA, -7.98698E-03, -8.32757E-03, -8.67850E-03, -9.03806E-03, -9.40376E-03, -9.77221E-03, -1.01388E-02, -1.04975E-02, -1.08403E-02, -1.11570E-02, -1.14345E-02, -1.16567E-02, -1.18031E-02, -1.18492E-02, -1.17652E-02, -1.15163E-02, -1.10617E-02, -1.03555E-02, -9.34670E-03, -7.98050E-03, -6.19995E-03,NA,NA,NA,NA,NA,NA,NA,NA,NA,NA,NA,NA,NA,NA,NA,NA,NA,NA,NA,NA,NA,NA,NA,NA,NA,NA,NA,NA,NA,NA,NA,NA, -6.98221E-03, -8.39261E-03, -9.44104E-03, -1.01826E-02, -1.06686E-02, -1.09456E-02, -1.10546E-02, -1.10313E-02, -1.09056E-02, -1.07028E-02, -1.04433E-02, -1.01439E-02, -9.81764E-03, -9.47501E-03, -9.12405E-03, -8.77092E-03, -8.42026E-03, -8.07553E-03, -7.73917E-03, -7.41295E-03, -7.09805E-03,NA,NA,
NA,NA,NA, -7.49705E-03, -7.79977E-03, -8.10956E-03, -8.42445E-03, -8.74175E-03, -9.05788E-03, -9.36811E-03, -9.66630E-03, -9.94459E-03, -1.01930E-02, -1.03988E-02, -1.05466E-02, -1.06171E-02, -1.05872E-02, -1.04292E-02, -1.01106E-02, -9.59387E-03, -8.83681E-03, -7.79259E-03, -6.41090E-03, -4.63939E-03,NA,NA,NA,NA,NA,NA,NA,NA,NA,NA,NA,NA,NA,NA,NA,NA,NA,NA,NA,NA,NA,NA,NA,NA,NA,NA,NA,NA,NA,NA,NA,NA, -5.44725E-03, -6.87094E-03, -7.95290E-03, -8.74365E-03, -9.29032E-03, -9.63571E-03, -9.81774E-03, -9.86937E-03, -9.81871E-03, -9.68934E-03, -9.50073E-03, -9.26876E-03, -9.00621E-03, -8.72325E-03, -8.42787E-03, -8.12628E-03, -7.82325E-03, -7.52240E-03, -7.22645E-03, -6.93737E-03,NA,NA,NA,
NA,NA,NA, -7.00206E-03, -7.26709E-03, -7.53601E-03, -7.80663E-03, -8.07609E-03, -8.34061E-03, -8.59539E-03, -8.83424E-03, -9.04937E-03, -9.23103E-03, -9.36704E-03, -9.44249E-03, -9.43919E-03, -9.33529E-03, -9.10490E-03, -8.71772E-03, -8.13894E-03, -7.32919E-03, -6.24499E-03, -4.83928E-03, -3.06256E-03,NA,NA,NA,NA,NA,NA,NA,NA,NA,NA,NA,NA,NA,NA,NA,NA,NA,NA,NA,NA,NA,NA,NA,NA,NA,NA,NA,NA,NA,NA,NA,NA, -3.91021E-03, -5.35566E-03, -6.47559E-03, -7.31726E-03, -7.92453E-03, -8.33713E-03, -8.59036E-03, -8.71492E-03, -8.73715E-03, -8.67924E-03, -8.55966E-03, -8.39360E-03, -8.19342E-03, -7.96904E-03, -7.72835E-03, -7.47762E-03, -7.22172E-03, -6.96442E-03, -6.70864E-03, -6.45656E-03,NA,NA,NA,
NA,NA,NA,NA, -6.73244E-03, -6.96104E-03, -7.18810E-03, -7.41056E-03, -7.62456E-03, -7.82514E-03, -8.00617E-03, -8.15992E-03, -8.27684E-03, -8.34520E-03, -8.35067E-03, -8.27599E-03, -8.10048E-03, -7.79978E-03, -7.34544E-03, -6.70478E-03, -5.84083E-03, -4.71241E-03, -3.27456E-03, -1.47912E-03,NA,NA,NA,NA,NA,NA,NA,NA,NA,NA,NA,NA,NA,NA,NA,NA,NA,NA,NA,NA,NA,NA,NA,NA,NA,NA,NA,NA,NA,NA,NA, -5.42369E-04, -2.37937E-03, -3.85484E-03, -5.01701E-03, -5.91115E-03, -6.57873E-03, -7.05717E-03, -7.37953E-03, -7.57467E-03, -7.66734E-03, -7.67854E-03, -7.62581E-03, -7.52371E-03, -7.38417E-03, -7.21690E-03, -7.02968E-03, -6.82878E-03, -6.61916E-03, -6.40476E-03, -6.18863E-03,NA,NA,NA,NA,
NA,NA,NA,NA, -6.19864E-03, -6.38774E-03, -6.57221E-03, -6.74885E-03, -6.91368E-03, -7.06169E-03, -7.18674E-03, -7.28120E-03, -7.33573E-03, -7.33900E-03, -7.27724E-03, -7.13398E-03, -6.88957E-03, -6.52097E-03, -6.00124E-03, -5.29945E-03, -4.38033E-03, -3.20428E-03, -1.72733E-03,  9.87119E-05,NA,NA,NA,NA,NA,NA,NA,NA,NA,NA,NA,NA,NA,NA,NA,NA,NA,NA,NA,NA,NA,NA,NA,NA,NA,NA,NA,NA,NA,NA,NA,  1.00111E-03, -8.64761E-04, -2.37747E-03, -3.58550E-03, -4.53315E-03, -5.26041E-03, -5.80290E-03, -6.19202E-03, -6.45503E-03, -6.61536E-03, -6.69294E-03, -6.70453E-03, -6.66408E-03, -6.58311E-03, -6.47112E-03, -6.33580E-03, -6.18339E-03, -6.01895E-03, -5.84648E-03, -5.66923E-03,NA,NA,NA,NA,
NA,NA,NA,NA,NA, -5.81900E-03, -5.96212E-03, -6.09439E-03, -6.21173E-03, -6.30908E-03, -6.38031E-03, -6.41790E-03, -6.41275E-03, -6.35383E-03, -6.22792E-03, -6.01924E-03, -5.70909E-03, -5.27545E-03, -4.69268E-03, -3.93115E-03, -2.95685E-03, -1.73105E-03, -2.09954E-04,  1.65574E-03,NA,NA,NA,NA,NA,NA,NA,NA,NA,NA,NA,NA,NA,NA,NA,NA,NA,NA,NA,NA,NA,NA,NA,NA,NA,NA,NA,NA,NA,NA,NA,  2.52599E-03,  6.21638E-04, -9.33775E-04, -2.19002E-03, -3.19136E-03, -3.97697E-03, -4.58127E-03, -5.03430E-03, -5.36209E-03, -5.58695E-03, -5.72786E-03, -5.80087E-03, -5.81939E-03, -5.79461E-03, -5.73578E-03, -5.65047E-03, -5.54493E-03, -5.42423E-03, -5.29251E-03,NA,NA,NA,NA,NA,
NA,NA,NA,NA,NA, -5.25761E-03, -5.36085E-03, -5.45043E-03, -5.52219E-03, -5.57108E-03, -5.59095E-03, -5.57442E-03, -5.51257E-03, -5.39472E-03, -5.20813E-03, -4.93762E-03, -4.56528E-03, -4.07003E-03, -3.42725E-03, -2.60832E-03, -1.58007E-03, -3.04203E-04,  1.26350E-03,  3.17411E-03,  5.48671E-03,NA,NA,NA,NA,NA,NA,NA,NA,NA,NA,NA,NA,NA,NA,NA,NA,NA,NA,NA,NA,NA,NA,NA,NA,NA,NA,NA,NA,NA,NA,  4.01445E-03,  2.06584E-03,  4.64917E-04, -8.40118E-04, -1.89411E-03, -2.73587E-03, -3.39904E-03, -3.91265E-03, -4.30167E-03, -4.58751E-03, -4.78833E-03, -4.91954E-03, -4.99407E-03, -5.02277E-03, -5.01465E-03, -4.97720E-03, -4.91662E-03, -4.83802E-03, -4.74559E-03,NA,NA,NA,NA,NA,
NA,NA,NA,NA,NA,NA, -4.77117E-03, -4.81999E-03, -4.84835E-03, -4.85119E-03, -4.82244E-03, -4.75480E-03, -4.63957E-03, -4.46638E-03, -4.22291E-03, -3.89457E-03, -3.46412E-03, -2.91129E-03, -2.21233E-03, -1.33943E-03, -2.60020E-04,  1.06405E-03,  2.67764E-03,  4.63384E-03,  6.99566E-03,NA,NA,NA,NA,NA,NA,NA,NA,NA,NA,NA,NA,NA,NA,NA,NA,NA,NA,NA,NA,NA,NA,NA,NA,NA,NA,NA,NA,NA,  7.85222E-03,  5.44623E-03,  3.45235E-03,  1.80633E-03,  4.54147E-04, -6.49871E-04, -1.54450E-03, -2.26279E-03, -2.83300E-03, -3.27925E-03, -3.62211E-03, -3.87906E-03, -4.06492E-03, -4.19218E-03, -4.27135E-03, -4.31126E-03, -4.31926E-03, -4.30151E-03, -4.26310E-03,NA,NA,NA,NA,NA,NA,
NA,NA,NA,NA,NA,NA,NA, -4.20582E-03, -4.19317E-03, -4.15264E-03, -4.07822E-03, -3.96274E-03, -3.79772E-03, -3.57308E-03, -3.27691E-03, -2.89515E-03, -2.41119E-03, -1.80550E-03, -1.05508E-03, -1.32828E-04,  9.93270E-04,  2.36125E-03,  4.01658E-03,  6.01400E-03,  8.41991E-03,  1.13149E-02,NA,NA,NA,NA,NA,NA,NA,NA,NA,NA,NA,NA,NA,NA,NA,NA,NA,NA,NA,NA,NA,NA,NA,NA,NA,NA,NA,NA,  9.25048E-03,  6.79985E-03,  4.76493E-03,  3.07785E-03,  1.68264E-03,  5.32917E-04, -4.10033E-04, -1.17882E-03, -1.80099E-03, -2.29991E-03, -2.69542E-03, -3.00435E-03, -3.24100E-03, -3.41743E-03, -3.54384E-03, -3.62883E-03, -3.67964E-03, -3.70234E-03, -3.70204E-03,NA,NA,NA,NA,NA,NA,
NA,NA,NA,NA,NA,NA,NA, -3.61043E-03, -3.55933E-03, -3.47830E-03, -3.36138E-03, -3.20157E-03, -2.99059E-03, -2.71868E-03, -2.37432E-03, -1.94396E-03, -1.41160E-03, -7.58424E-04,  3.78419E-05,  1.00357E-03,  2.17019E-03,  3.57541E-03,  5.26483E-03,  7.29419E-03,  9.73198E-03,  1.26624E-02,NA,NA,NA,NA,NA,NA,NA,NA,NA,NA,NA,NA,NA,NA,NA,NA,NA,NA,NA,NA,NA,NA,NA,NA,NA,NA,NA,NA,  1.05369E-02,  8.05420E-03,  5.98766E-03,  4.26713E-03,  2.83555E-03,  1.64626E-03,  6.60772E-04, -1.52960E-04, -8.21770E-04, -1.36829E-03, -1.81166E-03, -2.16811E-03, -2.45139E-03, -2.67316E-03, -2.84333E-03, -2.97025E-03, -3.06103E-03, -3.12165E-03,NA,NA,NA,NA,NA,NA,NA,
NA,NA,NA,NA,NA,NA,NA,NA, -2.94922E-03, -2.83070E-03, -2.67465E-03, -2.47420E-03, -2.22133E-03, -1.90656E-03, -1.51882E-03, -1.04505E-03, -4.69879E-04,  2.24812E-04,  1.06049E-03,  2.06270E-03,  3.26207E-03,  4.69560E-03,  6.40844E-03,  8.45614E-03,  1.09075E-02,  1.38478E-02,NA,NA,NA,NA,NA,NA,NA,NA,NA,NA,NA,NA,NA,NA,NA,NA,NA,NA,NA,NA,NA,NA,NA,NA,NA,NA,NA,NA,  1.16863E-02,  9.19035E-03,  7.10607E-03,  5.36297E-03,  3.90399E-03,  2.68289E-03,  1.66184E-03,  8.09586E-04,  1.00090E-04, -4.88481E-04, -9.74556E-04, -1.37372E-03, -1.69923E-03, -1.96232E-03, -2.17256E-03, -2.33809E-03, -2.46582E-03,NA,NA,NA,NA,NA,NA,NA,NA,
NA,NA,NA,NA,NA,NA,NA,NA,NA, -2.21204E-03, -2.02033E-03, -1.78311E-03, -1.49256E-03, -1.13958E-03, -7.13499E-04, -2.01811E-04,  4.10193E-04,  1.13988E-03,  2.00782E-03,  3.03856E-03,  4.26162E-03,  5.71280E-03,  7.43595E-03,  9.48520E-03,  1.19277E-02,  1.48467E-02,NA,NA,NA,NA,NA,NA,NA,NA,NA,NA,NA,NA,NA,NA,NA,NA,NA,NA,NA,NA,NA,NA,NA,NA,NA,NA,NA,NA,  1.26789E-02,  1.01930E-02,  8.10831E-03,  6.35601E-03,  4.88045E-03,  3.63668E-03,  2.58805E-03,  1.70441E-03,  9.60738E-04,  3.36065E-04, -1.87229E-04, -6.24092E-04, -9.87213E-04, -1.28740E-03, -1.53389E-03, -1.73453E-03,NA,NA,NA,NA,NA,NA,NA,NA,NA,
NA,NA,NA,NA,NA,NA,NA,NA,NA,NA, -1.40037E-03, -1.13031E-03, -8.06435E-04, -4.20014E-04,  3.91791E-05,  5.83068E-04,  1.22566E-03,  1.98346E-03,  2.87600E-03,  3.92663E-03,  5.16342E-03,  6.62040E-03,  8.33929E-03,  1.03714E-02,  1.27804E-02,  1.56446E-02,NA,NA,NA,NA,NA,NA,NA,NA,NA,NA,NA,NA,NA,NA,NA,NA,NA,NA,NA,NA,NA,NA,NA,NA,NA,NA,NA,  1.64176E-02,  1.35021E-02,  1.10518E-02,  8.98597E-03,  7.23940E-03,  5.75931E-03,  4.50295E-03,  3.43543E-03,  2.52809E-03,  1.75712E-03,  1.10263E-03,  5.47821E-04,  7.84816E-05, -3.17500E-04, -6.50452E-04, -9.29232E-04, -1.16143E-03,NA,NA,NA,NA,NA,NA,NA,NA,NA,
NA,NA,NA,NA,NA,NA,NA,NA,NA,NA,NA, -5.17354E-04, -1.64575E-04,  2.50457E-04,  7.37452E-04,  1.30770E-03,  1.97445E-03,  2.75326E-03,  3.66249E-03,  4.72402E-03,  5.96414E-03,  7.41461E-03,  9.11413E-03,  1.11103E-02,  1.34612E-02,  1.62381E-02,NA,NA,NA,NA,NA,NA,NA,NA,NA,NA,NA,NA,NA,NA,NA,NA,NA,NA,NA,NA,NA,NA,NA,NA,NA,NA,NA,  1.69757E-02,  1.41514E-02,  1.17620E-02,  9.73461E-03,  8.00916E-03,  6.53711E-03,  5.27867E-03,  4.20135E-03,  3.27828E-03,  2.48716E-03,  1.80926E-03,  1.22877E-03,  7.32271E-04,  3.08272E-04, -5.30381E-05, -3.60116E-04,NA,NA,NA,NA,NA,NA,NA,NA,NA,NA,
NA,NA,NA,NA,NA,NA,NA,NA,NA,NA,NA,  5.46830E-05,  4.31960E-04,  8.70754E-04,  1.38023E-03,  1.97101E-03,  2.65550E-03,  3.44819E-03,  4.36613E-03,  5.42959E-03,  6.66270E-03,  8.09451E-03,  9.76015E-03,  1.17023E-02,  1.39726E-02,  1.66335E-02,NA,NA,NA,NA,NA,NA,NA,NA,NA,NA,NA,NA,NA,NA,NA,NA,NA,NA,NA,NA,NA,NA,NA,NA,NA,NA,NA,  1.73329E-02,  1.46295E-02,  1.23244E-02,  1.03537E-02,  8.66435E-03,  7.21267E-03,  5.96265E-03,  4.88460E-03,  3.95382E-03,  3.14970E-03,  2.45484E-03,  1.85452E-03,  1.33617E-03,  8.89000E-04,  5.03743E-04,NA,NA,NA,NA,NA,NA,NA,NA,NA,NA,NA,
NA,NA,NA,NA,NA,NA,NA,NA,NA,NA,NA,NA,  9.82615E-04,  1.44041E-03,  1.96715E-03,  2.57274E-03,  3.26865E-03,  4.06827E-03,  4.98722E-03,  6.04393E-03,  7.26020E-03,  8.66203E-03,  1.02805E-02,  1.21529E-02,  1.43237E-02,  1.68456E-02,  1.97794E-02,NA,NA,NA,NA,NA,NA,NA,NA,NA,NA,NA,NA,NA,NA,NA,NA,NA,NA,NA,NA,NA,NA,NA,NA,NA,  2.04830E-02,  1.75048E-02,  1.49459E-02,  1.27444E-02,  1.08466E-02,  9.20691E-03,  7.78712E-03,  6.55549E-03,  5.48544E-03,  4.55472E-03,  3.74458E-03,  3.03909E-03,  2.42469E-03,  1.88971E-03,  1.42413E-03,NA,NA,NA,NA,NA,NA,NA,NA,NA,NA,NA,NA,
NA,NA,NA,NA,NA,NA,NA,NA,NA,NA,NA,NA,NA,NA,  2.49852E-03,  3.11341E-03,  3.81474E-03,  4.61468E-03,  5.52736E-03,  6.56928E-03,  7.75975E-03,  9.12154E-03,  1.06815E-02,  1.24713E-02,  1.45280E-02,  1.68944E-02,  1.96188E-02,NA,NA,NA,NA,NA,NA,NA,NA,NA,NA,NA,NA,NA,NA,NA,NA,NA,NA,NA,NA,NA,NA,NA,NA,NA,  2.02736E-02,  1.75124E-02,  1.51148E-02,  1.30318E-02,  1.12200E-02,  9.64133E-03,  8.26361E-03,  7.05939E-03,  6.00547E-03,  5.08214E-03,  4.27261E-03,  3.56253E-03,  2.93956E-03,  2.39301E-03,NA,NA,NA,NA,NA,NA,NA,NA,NA,NA,NA,NA,NA,
NA,NA,NA,NA,NA,NA,NA,NA,NA,NA,NA,NA,NA,NA,NA,  3.59429E-03,  4.29540E-03,  5.08957E-03,  5.98937E-03,  7.00930E-03,  8.16617E-03,  9.47949E-03,  1.09719E-02,  1.26694E-02,  1.46020E-02,  1.68034E-02,  1.93098E-02,  2.21591E-02,NA,NA,NA,NA,NA,NA,NA,NA,NA,NA,NA,NA,NA,NA,NA,NA,NA,NA,NA,NA,NA,NA,NA,  2.27988E-02,  1.99162E-02,  1.73802E-02,  1.51534E-02,  1.31988E-02,  1.14826E-02,  9.97422E-03,  8.64704E-03,  7.47810E-03,  6.44753E-03,  5.53823E-03,  4.73545E-03,  4.02643E-03,NA,NA,NA,NA,NA,NA,NA,NA,NA,NA,NA,NA,NA,NA,NA,
NA,NA,NA,NA,NA,NA,NA,NA,NA,NA,NA,NA,NA,NA,NA,NA,  4.71308E-03,  5.49598E-03,  6.37703E-03,  7.36879E-03,  8.48559E-03,  9.74372E-03,  1.11619E-02,  1.27608E-02,  1.45640E-02,  1.65966E-02,  1.88850E-02,  2.14547E-02,  2.43269E-02,NA,NA,NA,NA,NA,NA,NA,NA,NA,NA,NA,NA,NA,NA,NA,NA,NA,NA,NA,NA,NA,NA,  2.20386E-02,  1.94441E-02,  1.71331E-02,  1.50803E-02,  1.32594E-02,  1.16451E-02,  1.02135E-02,  8.94367E-03,  7.81650E-03,  6.81549E-03,  5.92608E-03,  5.13554E-03,NA,NA,NA,NA,NA,NA,NA,NA,NA,NA,NA,NA,NA,NA,NA,NA,
NA,NA,NA,NA,NA,NA,NA,NA,NA,NA,NA,NA,NA,NA,NA,NA,NA,  5.83765E-03,  6.69497E-03,  7.65346E-03,  8.72508E-03,  9.92318E-03,  1.12627E-02,  1.27598E-02,  1.44320E-02,  1.62975E-02,  1.83740E-02,  2.06773E-02,  2.32182E-02,NA,NA,NA,NA,NA,NA,NA,NA,NA,NA,NA,NA,NA,NA,NA,NA,NA,NA,NA,NA,NA,  2.37675E-02,  2.12090E-02,  1.88881E-02,  1.67950E-02,  1.49142E-02,  1.32283E-02,  1.17190E-02,  1.03685E-02,  9.16073E-03,  8.08038E-03,  7.11400E-03,  6.24947E-03,NA,NA,NA,NA,NA,NA,NA,NA,NA,NA,NA,NA,NA,NA,NA,NA,NA,
NA,NA,NA,NA,NA,NA,NA,NA,NA,NA,NA,NA,NA,NA,NA,NA,NA,NA,NA,  7.86959E-03,  8.89231E-03,  1.00272E-02,  1.12858E-02,  1.26803E-02,  1.42234E-02,  1.59271E-02,  1.78026E-02,  1.98581E-02,  2.20968E-02,  2.45135E-02,NA,NA,NA,NA,NA,NA,NA,NA,NA,NA,NA,NA,NA,NA,NA,NA,NA,NA,NA,  2.50158E-02,  2.25908E-02,  2.03415E-02,  1.82746E-02,  1.63876E-02,  1.46729E-02,  1.31197E-02,  1.17158E-02,  1.04486E-02,  9.30598E-03,  8.27613E-03,NA,NA,NA,NA,NA,NA,NA,NA,NA,NA,NA,NA,NA,NA,NA,NA,NA,NA,NA,
NA,NA,NA,NA,NA,NA,NA,NA,NA,NA,NA,NA,NA,NA,NA,NA,NA,NA,NA,NA,NA,  1.00651E-02,  1.12424E-02,  1.25358E-02,  1.39539E-02,  1.55041E-02,  1.71924E-02,  1.90215E-02,  2.09892E-02,  2.30861E-02,  2.52931E-02,  2.75787E-02,NA,NA,NA,NA,NA,NA,NA,NA,NA,NA,NA,NA,NA,NA,NA,  2.80164E-02,  2.57383E-02,  2.35329E-02,  2.14335E-02,  1.94609E-02,  1.76254E-02,  1.59300E-02,  1.43725E-02,  1.29474E-02,  1.16471E-02,  1.04634E-02,NA,NA,NA,NA,NA,NA,NA,NA,NA,NA,NA,NA,NA,NA,NA,NA,NA,NA,NA,NA,NA,
NA,NA,NA,NA,NA,NA,NA,NA,NA,NA,NA,NA,NA,NA,NA,NA,NA,NA,NA,NA,NA,NA,NA,  1.23386E-02,  1.36376E-02,  1.50443E-02,  1.65606E-02,  1.81856E-02,  1.99133E-02,  2.17325E-02,  2.36234E-02,  2.55570E-02,  2.74932E-02,  2.93811E-02,NA,NA,NA,NA,NA,NA,NA,NA,NA,NA,NA,NA,  2.78569E-02,  2.59383E-02,  2.40158E-02,  2.21307E-02,  2.03137E-02,  1.85852E-02,  1.69579E-02,  1.54380E-02,  1.40271E-02,  1.27236E-02,  1.15238E-02,NA,NA,NA,NA,NA,NA,NA,NA,NA,NA,NA,NA,NA,NA,NA,NA,NA,NA,NA,NA,NA,NA,
NA,NA,NA,NA,NA,NA,NA,NA,NA,NA,NA,NA,NA,NA,NA,NA,NA,NA,NA,NA,NA,NA,NA,NA,NA,  1.45607E-02,  1.59207E-02,  1.73632E-02,  1.88806E-02,  2.04604E-02,  2.20837E-02,  2.37244E-02,  2.53487E-02,  2.69151E-02,  2.83754E-02,  2.96770E-02,  3.07668E-02,NA,NA,NA,NA,NA,NA,  2.98947E-02,  2.86329E-02,  2.72051E-02,  2.56640E-02,  2.40585E-02,  2.24310E-02,  2.08166E-02,  1.92420E-02,  1.77272E-02,  1.62853E-02,  1.49246E-02,NA,NA,NA,NA,NA,NA,NA,NA,NA,NA,NA,NA,NA,NA,NA,NA,NA,NA,NA,NA,NA,NA,NA,NA,NA,
NA,NA,NA,NA,NA,NA,NA,NA,NA,NA,NA,NA,NA,NA,NA,NA,NA,NA,NA,NA,NA,NA,NA,NA,NA,NA,NA,NA,  1.78975E-02,  1.92719E-02,  2.06695E-02,  2.20673E-02,  2.34368E-02,  2.47445E-02,  2.59525E-02,  2.70205E-02,  2.79088E-02,  2.85808E-02,  2.90073E-02,  2.91687E-02,  2.90577E-02,  2.86800E-02,  2.80534E-02,  2.72061E-02,  2.61737E-02,  2.49956E-02,  2.37122E-02,  2.23617E-02,  2.09786E-02,  1.95916E-02,  1.82247E-02,NA,NA,NA,NA,NA,NA,NA,NA,NA,NA,NA,NA,NA,NA,NA,NA,NA,NA,NA,NA,NA,NA,NA,NA,NA,NA,NA,NA,
NA,NA,NA,NA,NA,NA,NA,NA,NA,NA,NA,NA,NA,NA,NA,NA,NA,NA,NA,NA,NA,NA,NA,NA,NA,NA,NA,NA,NA,NA,NA,NA,  2.17306E-02,  2.28296E-02,  2.38366E-02,  2.47206E-02,  2.54513E-02,  2.60018E-02,  2.63502E-02,  2.64825E-02,  2.63932E-02,  2.60864E-02,  2.55753E-02,  2.48804E-02,  2.40283E-02,  2.30487E-02,  2.19728E-02,  2.08305E-02,NA,NA,NA,NA,NA,NA,NA,NA,NA,NA,NA,NA,NA,NA,NA,NA,NA,NA,NA,NA,NA,NA,NA,NA,NA,NA,NA,NA,NA,NA,NA,
NA,NA,NA,NA,NA,NA,NA,NA,NA,NA,NA,NA,NA,NA,NA,NA,NA,NA,NA,NA,NA,NA,NA,NA,NA,NA,NA,NA,NA,NA,NA,NA,NA,NA,NA,NA,NA,NA,NA,NA,NA,NA,NA,NA,NA,NA,NA,NA,NA,NA,NA,NA,NA,NA,NA,NA,NA,NA,NA,NA,NA,NA,NA,NA,NA,NA,NA,NA,NA,NA,NA,NA,NA,NA,NA,NA,NA,NA,NA,
NA,NA,NA,NA,NA,NA,NA,NA,NA,NA,NA,NA,NA,NA,NA,NA,NA,NA,NA,NA,NA,NA,NA,NA,NA,NA,NA,NA,NA,NA,NA,NA,NA,NA,NA,NA,NA,NA,NA,NA,NA,NA,NA,NA,NA,NA,NA,NA,NA,NA,NA,NA,NA,NA,NA,NA,NA,NA,NA,NA,NA,NA,NA,NA,NA,NA,NA,NA,NA,NA,NA,NA,NA,NA,NA,NA,NA,NA,NA,
NA,NA,NA,NA,NA,NA,NA,NA,NA,NA,NA,NA,NA,NA,NA,NA,NA,NA,NA,NA,NA,NA,NA,NA,NA,NA,NA,NA,NA,NA,NA,NA,NA,NA,NA,NA,NA,NA,NA,NA,NA,NA,NA,NA,NA,NA,NA,NA,NA,NA,NA,NA,NA,NA,NA,NA,NA,NA,NA,NA,NA,NA,NA,NA,NA,NA,NA,NA,NA,NA,NA,NA,NA,NA,NA,NA,NA,NA,NA,
NA,NA,NA,NA,NA,NA,NA,NA,NA,NA,NA,NA,NA,NA,NA,NA,NA,NA,NA,NA,NA,NA,NA,NA,NA,NA,NA,NA,NA,NA,NA,NA,NA,NA,NA,NA,NA,NA,NA,NA,NA,NA,NA,NA,NA,NA,NA,NA,NA,NA,NA,NA,NA,NA,NA,NA,NA,NA,NA,NA,NA,NA,NA,NA,NA,NA,NA,NA,NA,NA,NA,NA,NA,NA,NA,NA,NA,NA,NA,
NA,NA,NA,NA,NA,NA,NA,NA,NA,NA,NA,NA,NA,NA,NA,NA,NA,NA,NA,NA,NA,NA,NA,NA,NA,NA,NA,NA,NA,NA,NA,NA,NA,NA,NA,NA,NA,NA,NA,NA,NA,NA,NA,NA,NA,NA,NA,NA,NA,NA,NA,NA,NA,NA,NA,NA,NA,NA,NA,NA,NA,NA,NA,NA,NA,NA,NA,NA,NA,NA,NA,NA,NA,NA,NA,NA,NA,NA,NA,
NA,NA,NA,NA,NA,NA,NA,NA,NA,NA,NA,NA,NA,NA,NA,NA,NA,NA,NA,NA,NA,NA,NA,NA,NA,NA,NA,NA,NA,NA,NA,NA,NA,NA,NA,NA,NA,NA,NA,NA,NA,NA,NA,NA,NA,NA,NA,NA,NA,NA,NA,NA,NA,NA,NA,NA,NA,NA,NA,NA,NA,NA,NA,NA,NA,NA,NA,NA,NA,NA,NA,NA,NA,NA,NA,NA,NA,NA,NA,
NA,NA,NA,NA,NA,NA,NA,NA,NA,NA,NA,NA,NA,NA,NA,NA,NA,NA,NA,NA,NA,NA,NA,NA,NA,NA,NA,NA,NA,NA,NA,NA,NA,NA,NA,NA,NA,NA,NA,NA,NA,NA,NA,NA,NA,NA,NA,NA,NA,NA,NA,NA,NA,NA,NA,NA,NA,NA,NA,NA,NA,NA,NA,NA,NA,NA,NA,NA,NA,NA,NA,NA,NA,NA,NA,NA,NA,NA,NA,
NA,NA,NA,NA,NA,NA,NA,NA,NA,NA,NA,NA,NA,NA,NA,NA,NA,NA,NA,NA,NA,NA,NA,NA,NA,NA,NA,NA,NA,NA,NA,NA,NA,NA,NA,NA,NA,NA,NA,NA,NA,NA,NA,NA,NA,NA,NA,NA,NA,NA,NA,NA,NA,NA,NA,NA,NA,NA,NA,NA,NA,NA,NA,NA,NA,NA,NA,NA,NA,NA,NA,NA,NA,NA,NA,NA,NA,NA,NA,
NA,NA,NA,NA,NA,NA,NA,NA,NA,NA,NA,NA,NA,NA,NA,NA,NA,NA,NA,NA,NA,NA,NA,NA,NA,NA,NA,NA,NA,NA,NA,NA,NA,NA,NA,NA,NA,NA,NA,NA,NA,NA,NA,NA,NA,NA,NA,NA,NA,NA,NA,NA,NA,NA,NA,NA,NA,NA,NA,NA,NA,NA,NA,NA,NA,NA,NA,NA,NA,NA,NA,NA,NA,NA,NA,NA,NA,NA,NA,
NA,NA,NA,NA,NA,NA,NA,NA,NA,NA,NA,NA,NA,NA,NA,NA,NA,NA,NA,NA,NA,NA,NA,NA,NA,NA,NA,NA,NA,NA,NA,NA,NA,NA,NA,NA,NA,NA,NA,NA,NA,NA,NA,NA,NA,NA,NA,NA,NA,NA,NA,NA,NA,NA,NA,NA,NA,NA,NA,NA,NA,NA,NA,NA,NA,NA,NA,NA,NA,NA,NA,NA,NA,NA,NA,NA,NA,NA,NA,
NA,NA,NA,NA,NA,NA,NA,NA,NA,NA,NA,NA,NA,NA,NA,NA,NA,NA,NA,NA,NA,NA,NA,NA,NA,NA,NA,NA,NA,NA,NA,NA,NA,NA,NA,NA,NA,NA,NA,NA,NA,NA,NA,NA,NA,NA,NA,NA,NA,NA,NA,NA,NA,NA,NA,NA,NA,NA,NA,NA,NA,NA,NA,NA,NA,NA,NA,NA,NA,NA,NA,NA,NA,NA,NA,NA,NA,NA,NA,
NA,NA,NA,NA,NA,NA,NA,NA,NA,NA,NA,NA,NA,NA,NA,NA,NA,NA,NA,NA,NA,NA,NA,NA,NA,NA,NA,NA,NA,NA,NA,NA,NA,NA,NA,NA,NA,NA,NA,NA,NA,NA,NA,NA,NA,NA,NA,NA,NA,NA,NA,NA,NA,NA,NA,NA,NA,NA,NA,NA,NA,NA,NA,NA,NA,NA,NA,NA,NA,NA,NA,NA,NA,NA,NA,NA,NA,NA,NA,
NA,NA,NA,NA,NA,NA,NA,NA,NA,NA,NA,NA,NA,NA,NA,NA,NA,NA,NA,NA,NA,NA,NA,NA,NA,NA,NA,NA,NA,NA,NA,NA,NA,NA,NA,NA,NA,NA,NA,NA,NA,NA,NA,NA,NA,NA,NA,NA,NA,NA,NA,NA,NA,NA,NA,NA,NA,NA,NA,NA,NA,NA,NA,NA,NA,NA,NA,NA,NA,NA,NA,NA,NA,NA,NA,NA,NA,NA,NA,
NA,NA,NA,NA,NA,NA,NA,NA,NA,NA,NA,NA,NA,NA,NA,NA,NA,NA,NA,NA,NA,NA,NA,NA,NA,NA,NA,NA,NA,NA,NA,NA,NA,NA,NA,NA,NA,NA,NA,NA,NA,NA,NA,NA,NA,NA,NA,NA,NA,NA,NA,NA,NA,NA,NA,NA,NA,NA,NA,NA,NA,NA,NA,NA,NA,NA,NA,NA,NA,NA,NA,NA,NA,NA,NA,NA,NA,NA,NA,
