NA,NA,NA,NA,NA,NA,NA,NA,NA,NA,NA,NA,NA,NA,NA,NA,NA,NA,NA,NA,NA,NA,NA,NA,NA,NA,NA,NA,NA,NA,NA,NA,NA,NA,NA,NA,NA,NA,NA,NA,NA,NA,NA,NA,NA,NA,NA,NA,NA,NA,NA,NA,NA,NA,NA,NA,NA,NA,NA,NA,NA,NA,NA,NA,NA,NA,NA,NA,NA,NA,NA,NA,NA,NA,NA,NA,NA,NA,NA,NA,
NA,NA,NA,NA,NA,NA,NA,NA,NA,NA,NA,NA,NA,NA,NA,NA,NA,NA,NA,NA,NA,NA,NA,NA,NA,NA,NA,NA,NA,NA,NA,NA,NA,NA,NA,NA,NA,NA,NA,NA,NA,NA,NA,NA,NA,NA,NA,NA,NA,NA,NA,NA,NA,NA,NA,NA,NA,NA,NA,NA,NA,NA,NA,NA,NA,NA,NA,NA,NA,NA,NA,NA,NA,NA,NA,NA,NA,NA,NA,NA,
NA,NA,NA,NA,NA,NA,NA,NA,NA,NA,NA,NA,NA,NA,NA,NA,NA,NA,NA,NA,NA,NA,NA,NA,NA,NA,  4.16090E-02,  4.16884E-02,  4.17452E-02,  4.17793E-02,  4.17907E-02,  4.17794E-02,  4.17456E-02,  4.16896E-02,  4.16117E-02,  4.15124E-02,NA,NA,NA,NA,NA,NA,NA,NA,NA,NA,NA,NA,NA,NA,NA,NA,NA,NA,NA,NA,NA,NA,NA,NA,NA,NA,NA,NA,NA,NA,NA,NA,NA,NA,NA,NA,NA,NA,NA,NA,NA,NA,NA,NA,
NA,NA,NA,NA,NA,NA,NA,NA,NA,NA,NA,NA,NA,NA,NA,NA,NA,NA,NA,NA,NA,  4.17724E-02,  4.19703E-02,  4.21467E-02,  4.23007E-02,  4.24318E-02,  4.25395E-02,  4.26234E-02,  4.26833E-02,  4.27189E-02,  4.27304E-02,  4.27177E-02,  4.26811E-02,  4.26209E-02,  4.25375E-02,  4.24313E-02,  4.23030E-02,  4.21530E-02,  4.19822E-02,  4.17913E-02,  4.15811E-02,NA,NA,NA,NA,NA,NA,NA,NA,NA,NA,NA,NA,NA,NA,NA,NA,NA,NA,NA,NA,NA,NA,NA,NA,NA,NA,NA,NA,NA,NA,NA,NA,NA,NA,NA,NA,NA,NA,NA,
NA,NA,NA,NA,NA,NA,NA,NA,NA,NA,NA,NA,NA,NA,NA,NA,NA,NA,  4.19336E-02,  4.22072E-02,  4.24608E-02,  4.26933E-02,  4.29036E-02,  4.30909E-02,  4.32544E-02,  4.33935E-02,  4.35075E-02,  4.35962E-02,  4.36592E-02,  4.36965E-02,  4.37079E-02,  4.36936E-02,  4.36539E-02,  4.35891E-02,  4.34997E-02,  4.33861E-02,  4.32490E-02,  4.30891E-02,  4.29072E-02,  4.27040E-02,  4.24806E-02,  4.22377E-02,  4.19763E-02,  4.16974E-02,NA,NA,NA,NA,NA,NA,NA,NA,NA,NA,NA,NA,NA,NA,NA,NA,NA,NA,NA,NA,NA,NA,NA,NA,NA,NA,NA,NA,NA,NA,NA,NA,NA,NA,NA,NA,
NA,NA,NA,NA,NA,NA,NA,NA,NA,NA,NA,NA,NA,NA,NA,NA,  4.22020E-02,  4.25316E-02,  4.28425E-02,  4.31334E-02,  4.34030E-02,  4.36502E-02,  4.38738E-02,  4.40728E-02,  4.42465E-02,  4.43940E-02,  4.45149E-02,  4.46086E-02,  4.46750E-02,  4.47138E-02,  4.47251E-02,  4.47090E-02,  4.46658E-02,  4.45960E-02,  4.44999E-02,  4.43782E-02,  4.42317E-02,  4.40610E-02,  4.38671E-02,  4.36508E-02,  4.34131E-02,  4.31550E-02,  4.28774E-02,  4.25816E-02,  4.22686E-02,  4.19394E-02,  4.15953E-02,NA,NA,NA,NA,NA,NA,NA,NA,NA,NA,NA,NA,NA,NA,NA,NA,NA,NA,NA,NA,NA,NA,NA,NA,NA,NA,NA,NA,NA,NA,NA,NA,NA,
NA,NA,NA,NA,NA,NA,NA,NA,NA,NA,NA,NA,NA,NA,  4.23506E-02,  4.27358E-02,  4.31043E-02,  4.34547E-02,  4.37854E-02,  4.40948E-02,  4.43817E-02,  4.46447E-02,  4.48826E-02,  4.50943E-02,  4.52788E-02,  4.54355E-02,  4.55636E-02,  4.56627E-02,  4.57325E-02,  4.57729E-02,  4.57839E-02,  4.57657E-02,  4.57186E-02,  4.56431E-02,  4.55398E-02,  4.54094E-02,  4.52526E-02,  4.50703E-02,  4.48635E-02,  4.46330E-02,  4.43800E-02,  4.41056E-02,  4.38108E-02,  4.34968E-02,  4.31648E-02,  4.28160E-02,  4.24516E-02,  4.20729E-02,  4.16810E-02,NA,NA,NA,NA,NA,NA,NA,NA,NA,NA,NA,NA,NA,NA,NA,NA,NA,NA,NA,NA,NA,NA,NA,NA,NA,NA,NA,NA,NA,NA,NA,
NA,NA,NA,NA,NA,NA,NA,NA,NA,NA,NA,NA,  4.23741E-02,  4.28129E-02,  4.32378E-02,  4.36471E-02,  4.40389E-02,  4.44117E-02,  4.47636E-02,  4.50932E-02,  4.53987E-02,  4.56787E-02,  4.59320E-02,  4.61573E-02,  4.63535E-02,  4.65199E-02,  4.66557E-02,  4.67604E-02,  4.68338E-02,  4.68757E-02,  4.68862E-02,  4.68656E-02,  4.68141E-02,  4.67325E-02,  4.66213E-02,  4.64813E-02,  4.63134E-02,  4.61185E-02,  4.58977E-02,  4.56520E-02,  4.53826E-02,  4.50906E-02,  4.47773E-02,  4.44439E-02,  4.40917E-02,  4.37220E-02,  4.33360E-02,  4.29351E-02,  4.25207E-02,  4.20940E-02,  4.16564E-02,NA,NA,NA,NA,NA,NA,NA,NA,NA,NA,NA,NA,NA,NA,NA,NA,NA,NA,NA,NA,NA,NA,NA,NA,NA,NA,NA,NA,NA,
NA,NA,NA,NA,NA,NA,NA,NA,NA,NA,  4.22704E-02,  4.27593E-02,  4.32376E-02,  4.37034E-02,  4.41548E-02,  4.45900E-02,  4.50070E-02,  4.54039E-02,  4.57788E-02,  4.61300E-02,  4.64556E-02,  4.67541E-02,  4.70239E-02,  4.72638E-02,  4.74726E-02,  4.76493E-02,  4.77933E-02,  4.79039E-02,  4.79810E-02,  4.80243E-02,  4.80341E-02,  4.80106E-02,  4.79543E-02,  4.78658E-02,  4.77459E-02,  4.75954E-02,  4.74155E-02,  4.72070E-02,  4.69711E-02,  4.67091E-02,  4.64221E-02,  4.61114E-02,  4.57784E-02,  4.54242E-02,  4.50504E-02,  4.46583E-02,  4.42493E-02,  4.38249E-02,  4.33864E-02,  4.29353E-02,  4.24731E-02,  4.20010E-02,NA,NA,NA,NA,NA,NA,NA,NA,NA,NA,NA,NA,NA,NA,NA,NA,NA,NA,NA,NA,NA,NA,NA,NA,NA,NA,NA,NA,
NA,NA,NA,NA,NA,NA,NA,NA,NA,  4.25751E-02,  4.31021E-02,  4.36203E-02,  4.41278E-02,  4.46225E-02,  4.51025E-02,  4.55656E-02,  4.60097E-02,  4.64327E-02,  4.68324E-02,  4.72069E-02,  4.75543E-02,  4.78726E-02,  4.81603E-02,  4.84160E-02,  4.86382E-02,  4.88260E-02,  4.89786E-02,  4.90954E-02,  4.91762E-02,  4.92208E-02,  4.92295E-02,  4.92027E-02,  4.91408E-02,  4.90448E-02,  4.89153E-02,  4.87535E-02,  4.85604E-02,  4.83372E-02,  4.80852E-02,  4.78056E-02,  4.74998E-02,  4.71691E-02,  4.68149E-02,  4.64386E-02,  4.60418E-02,  4.56259E-02,  4.51925E-02,  4.47429E-02,  4.42789E-02,  4.38018E-02,  4.33134E-02,  4.28149E-02,  4.23081E-02,  4.17942E-02,NA,NA,NA,NA,NA,NA,NA,NA,NA,NA,NA,NA,NA,NA,NA,NA,NA,NA,NA,NA,NA,NA,NA,NA,NA,NA,
NA,NA,NA,NA,NA,NA,NA,NA,  4.28337E-02,  4.33986E-02,  4.39569E-02,  4.45064E-02,  4.50452E-02,  4.55711E-02,  4.60817E-02,  4.65749E-02,  4.70482E-02,  4.74994E-02,  4.79259E-02,  4.83257E-02,  4.86965E-02,  4.90364E-02,  4.93433E-02,  4.96158E-02,  4.98525E-02,  5.00520E-02,  5.02138E-02,  5.03370E-02,  5.04215E-02,  5.04673E-02,  5.04745E-02,  5.04438E-02,  5.03757E-02,  5.02711E-02,  5.01312E-02,  4.99569E-02,  4.97496E-02,  4.95106E-02,  4.92412E-02,  4.89427E-02,  4.86167E-02,  4.82646E-02,  4.78879E-02,  4.74882E-02,  4.70669E-02,  4.66257E-02,  4.61661E-02,  4.56899E-02,  4.51987E-02,  4.46941E-02,  4.41777E-02,  4.36513E-02,  4.31164E-02,  4.25746E-02,  4.20274E-02,NA,NA,NA,NA,NA,NA,NA,NA,NA,NA,NA,NA,NA,NA,NA,NA,NA,NA,NA,NA,NA,NA,NA,NA,NA,
NA,NA,NA,NA,NA,NA,  4.24386E-02,  4.30433E-02,  4.36454E-02,  4.42433E-02,  4.48348E-02,  4.54179E-02,  4.59903E-02,  4.65496E-02,  4.70933E-02,  4.76189E-02,  4.81238E-02,  4.86053E-02,  4.90609E-02,  4.94880E-02,  4.98842E-02,  5.02472E-02,  5.05750E-02,  5.08656E-02,  5.11176E-02,  5.13298E-02,  5.15011E-02,  5.16309E-02,  5.17191E-02,  5.17657E-02,  5.17710E-02,  5.17356E-02,  5.16604E-02,  5.15465E-02,  5.13950E-02,  5.12071E-02,  5.09844E-02,  5.07283E-02,  5.04401E-02,  5.01215E-02,  4.97740E-02,  4.93992E-02,  4.89985E-02,  4.85737E-02,  4.81264E-02,  4.76583E-02,  4.71711E-02,  4.66666E-02,  4.61465E-02,  4.56125E-02,  4.50666E-02,  4.45105E-02,  4.39459E-02,  4.33744E-02,  4.27978E-02,  4.22175E-02,NA,NA,NA,NA,NA,NA,NA,NA,NA,NA,NA,NA,NA,NA,NA,NA,NA,NA,NA,NA,NA,NA,NA,NA,
NA,NA,NA,NA,NA,  4.25629E-02,  4.32012E-02,  4.38395E-02,  4.44760E-02,  4.51089E-02,  4.57360E-02,  4.63549E-02,  4.69633E-02,  4.75585E-02,  4.81378E-02,  4.86984E-02,  4.92374E-02,  4.97518E-02,  5.02388E-02,  5.06955E-02,  5.11191E-02,  5.15072E-02,  5.18573E-02,  5.21675E-02,  5.24360E-02,  5.26614E-02,  5.28427E-02,  5.29794E-02,  5.30711E-02,  5.31181E-02,  5.31208E-02,  5.30800E-02,  5.29967E-02,  5.28722E-02,  5.27079E-02,  5.25053E-02,  5.22659E-02,  5.19913E-02,  5.16831E-02,  5.13430E-02,  5.09726E-02,  5.05736E-02,  5.01475E-02,  4.96962E-02,  4.92213E-02,  4.87246E-02,  4.82081E-02,  4.76734E-02,  4.71227E-02,  4.65577E-02,  4.59804E-02,  4.53927E-02,  4.47965E-02,  4.41937E-02,  4.35859E-02,  4.29749E-02,  4.23623E-02,NA,NA,NA,NA,NA,NA,NA,NA,NA,NA,NA,NA,NA,NA,NA,NA,NA,NA,NA,NA,NA,NA,NA,
NA,NA,NA,NA,  4.26353E-02,  4.33054E-02,  4.39781E-02,  4.46520E-02,  4.53250E-02,  4.59952E-02,  4.66601E-02,  4.73175E-02,  4.79645E-02,  4.85983E-02,  4.92159E-02,  4.98143E-02,  5.03901E-02,  5.09401E-02,  5.14611E-02,  5.19497E-02,  5.24031E-02,  5.28182E-02,  5.31925E-02,  5.35237E-02,  5.38097E-02,  5.40492E-02,  5.42409E-02,  5.43844E-02,  5.44794E-02,  5.45262E-02,  5.45255E-02,  5.44783E-02,  5.43858E-02,NA,NA,NA,NA,NA,NA,NA,NA,NA,NA,NA,NA,NA,NA,  4.87111E-02,  4.81278E-02,  4.75298E-02,  4.69192E-02,  4.62981E-02,  4.56685E-02,  4.50324E-02,  4.43916E-02,  4.37481E-02,  4.31036E-02,  4.24596E-02,NA,NA,NA,NA,NA,NA,NA,NA,NA,NA,NA,NA,NA,NA,NA,NA,NA,NA,NA,NA,NA,NA,
NA,NA,NA,  4.26547E-02,  4.33543E-02,  4.40595E-02,  4.47687E-02,  4.54801E-02,  4.61919E-02,  4.69016E-02,  4.76070E-02,  4.83054E-02,  4.89937E-02,  4.96690E-02,  5.03280E-02,  5.09670E-02,  5.15826E-02,  5.21712E-02,  5.27289E-02,  5.32523E-02,  5.37379E-02,  5.41823E-02,  5.45826E-02,  5.49362E-02,  5.52410E-02,  5.54952E-02,  5.56977E-02,  5.58479E-02,  5.59458E-02,  5.59917E-02,NA,NA,NA,NA,NA,NA,NA,NA,NA,NA,NA,NA,NA,NA,NA,NA,NA,NA,NA,NA,  4.78834E-02,  4.72268E-02,  4.65617E-02,  4.58903E-02,  4.52148E-02,  4.45369E-02,  4.38587E-02,  4.31818E-02,  4.25078E-02,NA,NA,NA,NA,NA,NA,NA,NA,NA,NA,NA,NA,NA,NA,NA,NA,NA,NA,NA,NA,NA,
NA,NA,  4.26206E-02,  4.33473E-02,  4.40823E-02,  4.48244E-02,  4.55719E-02,  4.63231E-02,  4.70757E-02,  4.78276E-02,  4.85761E-02,  4.93182E-02,  5.00509E-02,  5.07708E-02,  5.14741E-02,  5.21571E-02,  5.28158E-02,  5.34460E-02,  5.40437E-02,  5.46047E-02,  5.51251E-02,  5.56011E-02,  5.60295E-02,  5.64072E-02,  5.67318E-02,  5.70015E-02,  5.72150E-02,  5.73718E-02,NA,NA,NA,NA,NA,NA,NA,NA,NA,NA,NA,NA,NA,NA,NA,NA,NA,NA,NA,NA,NA,NA,NA,NA,  4.74761E-02,  4.67674E-02,  4.60549E-02,  4.53408E-02,  4.46270E-02,  4.39155E-02,  4.32078E-02,  4.25056E-02,NA,NA,NA,NA,NA,NA,NA,NA,NA,NA,NA,NA,NA,NA,NA,NA,NA,NA,NA,NA,
NA,NA,  4.32839E-02,  4.40459E-02,  4.48180E-02,  4.55988E-02,  4.63866E-02,  4.71796E-02,  4.79756E-02,  4.87721E-02,  4.95664E-02,  5.03553E-02,  5.11355E-02,  5.19031E-02,  5.26543E-02,  5.33847E-02,  5.40900E-02,  5.47653E-02,  5.54062E-02,  5.60080E-02,  5.65661E-02,  5.70764E-02,  5.75350E-02,  5.79385E-02,  5.82842E-02,  5.85700E-02,NA,NA,NA,NA,NA,NA,NA,NA,NA,NA,NA,NA,NA,NA,NA,NA,NA,NA,NA,NA,NA,NA,NA,NA,NA,NA,NA,NA,  4.69115E-02,  4.61591E-02,  4.54079E-02,  4.46598E-02,  4.39168E-02,  4.31805E-02,  4.24521E-02,NA,NA,NA,NA,NA,NA,NA,NA,NA,NA,NA,NA,NA,NA,NA,NA,NA,NA,NA,
NA,  4.31649E-02,  4.39506E-02,  4.47494E-02,  4.55600E-02,  4.63813E-02,  4.72114E-02,  4.80484E-02,  4.88902E-02,  4.97340E-02,  5.05769E-02,  5.14157E-02,  5.22466E-02,  5.30656E-02,  5.38682E-02,  5.46498E-02,  5.54053E-02,  5.61295E-02,  5.68173E-02,  5.74633E-02,  5.80624E-02,  5.86096E-02,  5.91007E-02,  5.95318E-02,NA,NA,NA,NA,NA,NA,NA,NA,NA,NA,NA,NA,NA,NA,NA,NA,NA,NA,NA,NA,NA,NA,NA,NA,NA,NA,NA,NA,NA,NA,NA,NA,  4.62004E-02,  4.54140E-02,  4.46339E-02,  4.38618E-02,  4.30991E-02,  4.23472E-02,NA,NA,NA,NA,NA,NA,NA,NA,NA,NA,NA,NA,NA,NA,NA,NA,NA,NA,
  4.29914E-02,  4.37973E-02,  4.46190E-02,  4.54559E-02,  4.63067E-02,  4.71701E-02,  4.80445E-02,  4.89278E-02,  4.98177E-02,  5.07116E-02,  5.16062E-02,  5.24980E-02,  5.33831E-02,  5.42571E-02,  5.51150E-02,  5.59516E-02,  5.67615E-02,  5.75387E-02,  5.82773E-02,  5.89712E-02,  5.96146E-02,  6.02019E-02,  6.07280E-02,NA,NA,NA,NA,NA,NA,NA,NA,NA,NA,NA,NA,NA,NA,NA,NA,NA,NA,NA,NA,NA,NA,NA,NA,NA,NA,NA,NA,NA,NA,NA,NA,NA,NA,  4.61768E-02,  4.53578E-02,  4.45483E-02,  4.37499E-02,  4.29638E-02,NA,NA,NA,NA,NA,NA,NA,NA,NA,NA,NA,NA,NA,NA,NA,NA,NA,NA,
  4.35875E-02,  4.44284E-02,  4.52874E-02,  4.61637E-02,  4.70561E-02,  4.79635E-02,  4.88840E-02,  4.98158E-02,  5.07564E-02,  5.17030E-02,  5.26523E-02,  5.36005E-02,  5.45434E-02,  5.54761E-02,  5.63934E-02,  5.72894E-02,  5.81579E-02,  5.89924E-02,  5.97860E-02,  6.05320E-02,  6.12234E-02,  6.18539E-02,NA,NA,NA,NA,NA,NA,NA,NA,NA,NA,NA,NA,NA,NA,NA,NA,NA,NA,NA,NA,NA,NA,NA,NA,NA,NA,NA,NA,NA,NA,NA,NA,NA,NA,NA,NA,  4.60872E-02,  4.52387E-02,  4.44030E-02,  4.35815E-02,  4.27751E-02,NA,NA,NA,NA,NA,NA,NA,NA,NA,NA,NA,NA,NA,NA,NA,NA,NA,
  4.41797E-02,  4.50566E-02,  4.59538E-02,  4.68707E-02,  4.78061E-02,  4.87590E-02,  4.97276E-02,  5.07100E-02,  5.17037E-02,  5.27057E-02,  5.37128E-02,  5.47208E-02,  5.57252E-02,  5.67207E-02,  5.77016E-02,  5.86614E-02,  5.95932E-02,  6.04896E-02,  6.13429E-02,  6.21452E-02,  6.28887E-02,NA,NA,NA,NA,NA,NA,NA,NA,NA,NA,NA,NA,NA,NA,NA,NA,NA,NA,NA,NA,NA,NA,NA,NA,NA,NA,NA,NA,NA,NA,NA,NA,NA,NA,NA,NA,NA,NA,  4.59313E-02,  4.50569E-02,  4.41987E-02,  4.33576E-02,  4.25345E-02,NA,NA,NA,NA,NA,NA,NA,NA,NA,NA,NA,NA,NA,NA,NA,NA,
  4.47661E-02,  4.56797E-02,  4.66160E-02,  4.75745E-02,  4.85543E-02,  4.95542E-02,  5.05726E-02,  5.16076E-02,  5.26568E-02,  5.37170E-02,  5.47849E-02,  5.58560E-02,  5.69257E-02,  5.79881E-02,  5.90370E-02,  6.00653E-02,  6.10653E-02,  6.20286E-02,  6.29464E-02,  6.38098E-02,NA,NA,NA,NA,NA,NA,NA,NA,NA,NA,NA,NA,NA,NA,NA,NA,NA,NA,NA,NA,NA,NA,NA,NA,NA,NA,NA,NA,NA,NA,NA,NA,NA,NA,NA,NA,NA,NA,NA,NA,  4.57097E-02,  4.48135E-02,  4.39367E-02,  4.30799E-02,NA,NA,NA,NA,NA,NA,NA,NA,NA,NA,NA,NA,NA,NA,NA,NA,
  4.53445E-02,  4.62953E-02,  4.72715E-02,  4.82725E-02,  4.92978E-02,  5.03461E-02,  5.14160E-02,  5.25056E-02,  5.36124E-02,  5.47335E-02,  5.58651E-02,  5.70028E-02,  5.81414E-02,  5.92749E-02,  6.03964E-02,  6.14981E-02,  6.25713E-02,  6.36067E-02,  6.45943E-02,NA,NA,NA,NA,NA,NA,NA,NA,NA,NA,NA,NA,NA,NA,NA,NA,NA,NA,NA,NA,NA,NA,NA,NA,NA,NA,NA,NA,NA,NA,NA,NA,NA,NA,NA,NA,NA,NA,NA,NA,NA,NA,  4.54241E-02,  4.45106E-02,  4.36194E-02,  4.27510E-02,NA,NA,NA,NA,NA,NA,NA,NA,NA,NA,NA,NA,NA,NA,NA,
  4.59127E-02,  4.69012E-02,  4.79177E-02,  4.89620E-02,  5.00336E-02,  5.11315E-02,  5.22543E-02,  5.34002E-02,  5.45668E-02,  5.57511E-02,  5.69493E-02,  5.81568E-02,  5.93681E-02,  6.05769E-02,  6.17755E-02,  6.29555E-02,  6.41072E-02,  6.52202E-02,NA,NA,NA,NA,NA,NA,NA,NA,NA,NA,NA,NA,NA,NA,NA,NA,NA,NA,NA,NA,NA,NA,NA,NA,NA,NA,NA,NA,NA,NA,NA,NA,NA,NA,NA,NA,NA,NA,NA,NA,NA,NA,NA,NA,  4.50771E-02,  4.41509E-02,  4.32498E-02,NA,NA,NA,NA,NA,NA,NA,NA,NA,NA,NA,NA,NA,NA,NA,
  4.64683E-02,  4.74945E-02,  4.85517E-02,  4.96399E-02,  5.07585E-02,  5.19068E-02,  5.30837E-02,  5.42873E-02,  5.55155E-02,  5.67652E-02,  5.80326E-02,  5.93130E-02,  6.06007E-02,  6.18887E-02,  6.31690E-02,  6.44322E-02,  6.56678E-02,NA,NA,NA,NA,NA,NA,NA,NA,NA,NA,NA,NA,NA,NA,NA,NA,NA,NA,NA,NA,NA,NA,NA,NA,NA,NA,NA,NA,NA,NA,NA,NA,NA,NA,NA,NA,NA,NA,NA,NA,NA,NA,NA,NA,NA,NA,  4.46722E-02,  4.37381E-02,  4.28315E-02,NA,NA,NA,NA,NA,NA,NA,NA,NA,NA,NA,NA,NA,NA,
  4.70085E-02,  4.80725E-02,  4.91705E-02,  5.03027E-02,  5.14687E-02,  5.26681E-02,  5.38999E-02,  5.51625E-02,  5.64538E-02,  5.77707E-02,  5.91097E-02,  6.04657E-02,  6.18329E-02,  6.32040E-02,  6.45703E-02,  6.59217E-02,  6.72465E-02,NA,NA,NA,NA,NA,NA,NA,NA,NA,NA,NA,NA,NA,NA,NA,NA,NA,NA,NA,NA,NA,NA,NA,NA,NA,NA,NA,NA,NA,NA,NA,NA,NA,NA,NA,NA,NA,NA,NA,NA,NA,NA,NA,NA,NA,NA,  4.51810E-02,  4.42137E-02,  4.32763E-02,NA,NA,NA,NA,NA,NA,NA,NA,NA,NA,NA,NA,NA,NA,
  4.75308E-02,  4.86323E-02,  4.97709E-02,  5.09469E-02,  5.21605E-02,  5.34112E-02,  5.46984E-02,  5.60206E-02,  5.73760E-02,  5.87617E-02,  6.01740E-02,  6.16080E-02,  6.30576E-02,  6.45152E-02,  6.59716E-02,  6.74157E-02,NA,NA,NA,NA,NA,NA,NA,NA,NA,NA,NA,NA,NA,NA,NA,NA,NA,NA,NA,NA,NA,NA,NA,NA,NA,NA,NA,NA,NA,NA,NA,NA,NA,NA,NA,NA,NA,NA,NA,NA,NA,NA,NA,NA,NA,NA,NA,NA,  4.46744E-02,  4.37064E-02,  4.27705E-02,NA,NA,NA,NA,NA,NA,NA,NA,NA,NA,NA,NA,NA,
  4.80324E-02,  4.91707E-02,  5.03494E-02,  5.15689E-02,  5.28296E-02,  5.41315E-02,  5.54741E-02,  5.68563E-02,  5.82763E-02,  5.97316E-02,  6.12186E-02,  6.27323E-02,  6.42667E-02,  6.58136E-02,  6.73635E-02,  6.89045E-02,NA,NA,NA,NA,NA,NA,NA,NA,NA,NA,NA,NA,NA,NA,NA,NA,NA,NA,NA,NA,NA,NA,NA,NA,NA,NA,NA,NA,NA,NA,NA,NA,NA,NA,NA,NA,NA,NA,NA,NA,NA,NA,NA,NA,NA,NA,NA,NA,  4.51176E-02,  4.41195E-02,  4.31558E-02,NA,NA,NA,NA,NA,NA,NA,NA,NA,NA,NA,NA,NA,
  4.85103E-02,  4.96846E-02,  5.09024E-02,  5.21646E-02,  5.34717E-02,  5.48242E-02,  5.62216E-02,  5.76635E-02,  5.91481E-02,  6.06733E-02,  6.22355E-02,  6.38301E-02,  6.54507E-02,  6.70892E-02,  6.87354E-02,NA,NA,NA,NA,NA,NA,NA,NA,NA,NA,NA,NA,NA,NA,NA,NA,NA,NA,NA,NA,NA,NA,NA,NA,NA,NA,NA,NA,NA,NA,NA,NA,NA,NA,NA,NA,NA,NA,NA,NA,NA,NA,NA,NA,NA,NA,NA,NA,NA,NA,  4.45133E-02,  4.35224E-02,NA,NA,NA,NA,NA,NA,NA,NA,NA,NA,NA,NA,NA,
  4.89617E-02,  5.01707E-02,  5.14264E-02,  5.27300E-02,  5.40824E-02,  5.54842E-02,  5.69355E-02,  5.84360E-02,  5.99846E-02,  6.15791E-02,  6.32164E-02,  6.48919E-02,  6.65994E-02,  6.83305E-02,  7.00748E-02,NA,NA,NA,NA,NA,NA,NA,NA,NA,NA,NA,NA,NA,NA,NA,NA,NA,NA,NA,NA,NA,NA,NA,NA,NA,NA,NA,NA,NA,NA,NA,NA,NA,NA,NA,NA,NA,NA,NA,NA,NA,NA,NA,NA,NA,NA,NA,NA,NA,NA,  4.48854E-02,  4.38684E-02,  4.28893E-02,NA,NA,NA,NA,NA,NA,NA,NA,NA,NA,NA,NA,
  4.93836E-02,  5.06258E-02,  5.19177E-02,  5.32610E-02,  5.46569E-02,  5.61063E-02,  5.76098E-02,  5.91674E-02,  6.07782E-02,  6.24407E-02,  6.41519E-02,  6.59075E-02,  6.77013E-02,  6.95251E-02,NA,NA,NA,NA,NA,NA,NA,NA,NA,NA,NA,NA,NA,NA,NA,NA,NA,NA,NA,NA,NA,NA,NA,NA,NA,NA,NA,NA,NA,NA,NA,NA,NA,NA,NA,NA,NA,NA,NA,NA,NA,NA,NA,NA,NA,NA,NA,NA,NA,NA,NA,NA,  4.41914E-02,  4.31895E-02,NA,NA,NA,NA,NA,NA,NA,NA,NA,NA,NA,NA,
  4.97733E-02,  5.10466E-02,  5.23727E-02,  5.37536E-02,  5.51907E-02,  5.66854E-02,  5.82387E-02,  5.98509E-02,  6.15217E-02,  6.32497E-02,  6.50326E-02,  6.68661E-02,  6.87445E-02,  7.06594E-02,NA,NA,NA,NA,NA,NA,NA,NA,NA,NA,NA,NA,NA,NA,NA,NA,NA,NA,NA,NA,NA,NA,NA,NA,NA,NA,NA,NA,NA,NA,NA,NA,NA,NA,NA,NA,NA,NA,NA,NA,NA,NA,NA,NA,NA,NA,NA,NA,NA,NA,NA,NA,  4.44895E-02,  4.34662E-02,NA,NA,NA,NA,NA,NA,NA,NA,NA,NA,NA,NA,
  5.01277E-02,  5.14299E-02,  5.27878E-02,  5.42036E-02,  5.56792E-02,  5.72163E-02,  5.88163E-02,  6.04799E-02,  6.22072E-02,  6.39974E-02,  6.58484E-02,  6.77566E-02,  6.97161E-02,  7.17190E-02,NA,NA,NA,NA,NA,NA,NA,NA,NA,NA,NA,NA,NA,NA,NA,NA,NA,NA,NA,NA,NA,NA,NA,NA,NA,NA,NA,NA,NA,NA,NA,NA,NA,NA,NA,NA,NA,NA,NA,NA,NA,NA,NA,NA,NA,NA,NA,NA,NA,NA,NA,NA,  4.47606E-02,  4.37174E-02,NA,NA,NA,NA,NA,NA,NA,NA,NA,NA,NA,NA,
  5.04445E-02,  5.17728E-02,  5.31595E-02,  5.46071E-02,  5.61179E-02,  5.76938E-02,  5.93367E-02,  6.10477E-02,  6.28273E-02,  6.46752E-02,  6.65897E-02,  6.85675E-02,  7.06033E-02,NA,NA,NA,NA,NA,NA,NA,NA,NA,NA,NA,NA,NA,NA,NA,NA,NA,NA,NA,NA,NA,NA,NA,NA,NA,NA,NA,NA,NA,NA,NA,NA,NA,NA,NA,NA,NA,NA,NA,NA,NA,NA,NA,NA,NA,NA,NA,NA,NA,NA,NA,NA,NA,NA,  4.39416E-02,NA,NA,NA,NA,NA,NA,NA,NA,NA,NA,NA,NA,
  5.07210E-02,  5.20725E-02,  5.34848E-02,  5.49607E-02,  5.65027E-02,  5.81133E-02,  5.97945E-02,  6.15480E-02,  6.33746E-02,  6.52746E-02,  6.72465E-02,  6.92877E-02,  7.13931E-02,NA,NA,NA,NA,NA,NA,NA,NA,NA,NA,NA,NA,NA,NA,NA,NA,NA,NA,NA,NA,NA,NA,NA,NA,NA,NA,NA,NA,NA,NA,NA,NA,NA,NA,NA,NA,NA,NA,NA,NA,NA,NA,NA,NA,NA,NA,NA,NA,NA,NA,NA,NA,NA,NA,  4.41370E-02,  4.31054E-02,NA,NA,NA,NA,NA,NA,NA,NA,NA,NA,NA,
  5.09551E-02,  5.23264E-02,  5.37607E-02,  5.52608E-02,  5.68298E-02,  5.84703E-02,  6.01846E-02,  6.19749E-02,  6.38425E-02,  6.57877E-02,  6.78099E-02,  6.99067E-02,  7.20734E-02,NA,NA,NA,NA,NA,NA,NA,NA,NA,NA,NA,NA,NA,NA,NA,NA,NA,NA,NA,NA,NA,NA,NA,NA,NA,NA,NA,NA,NA,NA,NA,NA,NA,NA,NA,NA,NA,NA,NA,NA,NA,NA,NA,NA,NA,NA,NA,NA,NA,NA,NA,NA,NA,NA,  4.43022E-02,  4.32583E-02,NA,NA,NA,NA,NA,NA,NA,NA,NA,NA,NA,
  5.11448E-02,  5.25324E-02,  5.39846E-02,  5.55047E-02,  5.70958E-02,  5.87608E-02,  6.05026E-02,  6.23233E-02,  6.42247E-02,  6.62076E-02,  6.82716E-02,  7.04147E-02,  7.26327E-02,NA,NA,NA,NA,NA,NA,NA,NA,NA,NA,NA,NA,NA,NA,NA,NA,NA,NA,NA,NA,NA,NA,NA,NA,NA,NA,NA,NA,NA,NA,NA,NA,NA,NA,NA,NA,NA,NA,NA,NA,NA,NA,NA,NA,NA,NA,NA,NA,NA,NA,NA,NA,NA,NA,  4.44360E-02,  4.33821E-02,NA,NA,NA,NA,NA,NA,NA,NA,NA,NA,NA,
  5.12885E-02,  5.26885E-02,  5.41545E-02,  5.56898E-02,  5.72979E-02,  5.89818E-02,  6.07445E-02,  6.25886E-02,  6.45161E-02,  6.65281E-02,  6.86245E-02,  7.08036E-02,  7.30614E-02,NA,NA,NA,NA,NA,NA,NA,NA,NA,NA,NA,NA,NA,NA,NA,NA,NA,NA,NA,NA,NA,NA,NA,NA,NA,NA,NA,NA,NA,NA,NA,NA,NA,NA,NA,NA,NA,NA,NA,NA,NA,NA,NA,NA,NA,NA,NA,NA,NA,NA,NA,NA,NA,NA,  4.45373E-02,  4.34757E-02,NA,NA,NA,NA,NA,NA,NA,NA,NA,NA,NA,
  5.13851E-02,  5.27934E-02,  5.42687E-02,  5.58143E-02,  5.74339E-02,  5.91306E-02,  6.09075E-02,  6.27676E-02,  6.47128E-02,  6.67446E-02,  6.88630E-02,  7.10667E-02,  7.33518E-02,NA,NA,NA,NA,NA,NA,NA,NA,NA,NA,NA,NA,NA,NA,NA,NA,NA,NA,NA,NA,NA,NA,NA,NA,NA,NA,NA,NA,NA,NA,NA,NA,NA,NA,NA,NA,NA,NA,NA,NA,NA,NA,NA,NA,NA,NA,NA,NA,NA,NA,NA,NA,NA,NA,  4.46053E-02,  4.35385E-02,NA,NA,NA,NA,NA,NA,NA,NA,NA,NA,NA,
  5.14336E-02,  5.28461E-02,  5.43260E-02,  5.58769E-02,  5.75022E-02,  5.92054E-02,  6.09896E-02,  6.28576E-02,  6.48118E-02,  6.68536E-02,  6.89833E-02,  7.11994E-02,  7.34983E-02,NA,NA,NA,NA,NA,NA,NA,NA,NA,NA,NA,NA,NA,NA,NA,NA,NA,NA,NA,NA,NA,NA,NA,NA,NA,NA,NA,NA,NA,NA,NA,NA,NA,NA,NA,NA,NA,NA,NA,NA,NA,NA,NA,NA,NA,NA,NA,NA,NA,NA,NA,NA,NA,NA,  4.46395E-02,  4.35701E-02,NA,NA,NA,NA,NA,NA,NA,NA,NA,NA,NA,
  5.14336E-02,  5.28461E-02,  5.43260E-02,  5.58769E-02,  5.75022E-02,  5.92054E-02,  6.09895E-02,  6.28576E-02,  6.48118E-02,  6.68536E-02,  6.89832E-02,  7.11993E-02,  7.34983E-02,NA,NA,NA,NA,NA,NA,NA,NA,NA,NA,NA,NA,NA,NA,NA,NA,NA,NA,NA,NA,NA,NA,NA,NA,NA,NA,NA,NA,NA,NA,NA,NA,NA,NA,NA,NA,NA,NA,NA,NA,NA,NA,NA,NA,NA,NA,NA,NA,NA,NA,NA,NA,NA,NA,  4.46395E-02,  4.35701E-02,NA,NA,NA,NA,NA,NA,NA,NA,NA,NA,NA,
  5.13851E-02,  5.27934E-02,  5.42686E-02,  5.58143E-02,  5.74338E-02,  5.91305E-02,  6.09075E-02,  6.27675E-02,  6.47128E-02,  6.67445E-02,  6.88630E-02,  7.10666E-02,  7.33517E-02,NA,NA,NA,NA,NA,NA,NA,NA,NA,NA,NA,NA,NA,NA,NA,NA,NA,NA,NA,NA,NA,NA,NA,NA,NA,NA,NA,NA,NA,NA,NA,NA,NA,NA,NA,NA,NA,NA,NA,NA,NA,NA,NA,NA,NA,NA,NA,NA,NA,NA,NA,NA,NA,NA,  4.46053E-02,  4.35386E-02,NA,NA,NA,NA,NA,NA,NA,NA,NA,NA,NA,
  5.12885E-02,  5.26885E-02,  5.41544E-02,  5.56898E-02,  5.72978E-02,  5.89818E-02,  6.07445E-02,  6.25886E-02,  6.45161E-02,  6.65281E-02,  6.86245E-02,  7.08035E-02,  7.30613E-02,NA,NA,NA,NA,NA,NA,NA,NA,NA,NA,NA,NA,NA,NA,NA,NA,NA,NA,NA,NA,NA,NA,NA,NA,NA,NA,NA,NA,NA,NA,NA,NA,NA,NA,NA,NA,NA,NA,NA,NA,NA,NA,NA,NA,NA,NA,NA,NA,NA,NA,NA,NA,NA,NA,  4.45373E-02,  4.34757E-02,NA,NA,NA,NA,NA,NA,NA,NA,NA,NA,NA,
  5.11448E-02,  5.25323E-02,  5.39846E-02,  5.55047E-02,  5.70958E-02,  5.87608E-02,  6.05025E-02,  6.23232E-02,  6.42246E-02,  6.62075E-02,  6.82715E-02,  7.04146E-02,  7.26326E-02,NA,NA,NA,NA,NA,NA,NA,NA,NA,NA,NA,NA,NA,NA,NA,NA,NA,NA,NA,NA,NA,NA,NA,NA,NA,NA,NA,NA,NA,NA,NA,NA,NA,NA,NA,NA,NA,NA,NA,NA,NA,NA,NA,NA,NA,NA,NA,NA,NA,NA,NA,NA,NA,NA,  4.44360E-02,  4.33821E-02,NA,NA,NA,NA,NA,NA,NA,NA,NA,NA,NA,
  5.09550E-02,  5.23264E-02,  5.37606E-02,  5.52608E-02,  5.68297E-02,  5.84702E-02,  6.01846E-02,  6.19748E-02,  6.38424E-02,  6.57876E-02,  6.78098E-02,  6.99066E-02,  7.20732E-02,NA,NA,NA,NA,NA,NA,NA,NA,NA,NA,NA,NA,NA,NA,NA,NA,NA,NA,NA,NA,NA,NA,NA,NA,NA,NA,NA,NA,NA,NA,NA,NA,NA,NA,NA,NA,NA,NA,NA,NA,NA,NA,NA,NA,NA,NA,NA,NA,NA,NA,NA,NA,NA,NA,  4.43023E-02,  4.32583E-02,NA,NA,NA,NA,NA,NA,NA,NA,NA,NA,NA,
  5.07210E-02,  5.20724E-02,  5.34848E-02,  5.49606E-02,  5.65026E-02,  5.81132E-02,  5.97944E-02,  6.15479E-02,  6.33745E-02,  6.52744E-02,  6.72464E-02,  6.92876E-02,  7.13930E-02,NA,NA,NA,NA,NA,NA,NA,NA,NA,NA,NA,NA,NA,NA,NA,NA,NA,NA,NA,NA,NA,NA,NA,NA,NA,NA,NA,NA,NA,NA,NA,NA,NA,NA,NA,NA,NA,NA,NA,NA,NA,NA,NA,NA,NA,NA,NA,NA,NA,NA,NA,NA,NA,NA,  4.41370E-02,  4.31054E-02,NA,NA,NA,NA,NA,NA,NA,NA,NA,NA,NA,
  5.04444E-02,  5.17727E-02,  5.31595E-02,  5.46071E-02,  5.61178E-02,  5.76937E-02,  5.93366E-02,  6.10476E-02,  6.28272E-02,  6.46750E-02,  6.65895E-02,  6.85673E-02,  7.06031E-02,NA,NA,NA,NA,NA,NA,NA,NA,NA,NA,NA,NA,NA,NA,NA,NA,NA,NA,NA,NA,NA,NA,NA,NA,NA,NA,NA,NA,NA,NA,NA,NA,NA,NA,NA,NA,NA,NA,NA,NA,NA,NA,NA,NA,NA,NA,NA,NA,NA,NA,NA,NA,NA,NA,  4.39416E-02,NA,NA,NA,NA,NA,NA,NA,NA,NA,NA,NA,NA,
  5.01277E-02,  5.14298E-02,  5.27877E-02,  5.42035E-02,  5.56791E-02,  5.72162E-02,  5.88161E-02,  6.04798E-02,  6.22071E-02,  6.39973E-02,  6.58483E-02,  6.77564E-02,  6.97159E-02,  7.17188E-02,NA,NA,NA,NA,NA,NA,NA,NA,NA,NA,NA,NA,NA,NA,NA,NA,NA,NA,NA,NA,NA,NA,NA,NA,NA,NA,NA,NA,NA,NA,NA,NA,NA,NA,NA,NA,NA,NA,NA,NA,NA,NA,NA,NA,NA,NA,NA,NA,NA,NA,NA,NA,  4.47606E-02,  4.37175E-02,NA,NA,NA,NA,NA,NA,NA,NA,NA,NA,NA,NA,
  4.97732E-02,  5.10465E-02,  5.23726E-02,  5.37535E-02,  5.51906E-02,  5.66853E-02,  5.82386E-02,  5.98508E-02,  6.15215E-02,  6.32496E-02,  6.50324E-02,  6.68659E-02,  6.87442E-02,  7.06591E-02,NA,NA,NA,NA,NA,NA,NA,NA,NA,NA,NA,NA,NA,NA,NA,NA,NA,NA,NA,NA,NA,NA,NA,NA,NA,NA,NA,NA,NA,NA,NA,NA,NA,NA,NA,NA,NA,NA,NA,NA,NA,NA,NA,NA,NA,NA,NA,NA,NA,NA,NA,NA,  4.44895E-02,  4.34662E-02,NA,NA,NA,NA,NA,NA,NA,NA,NA,NA,NA,NA,
  4.93836E-02,  5.06257E-02,  5.19177E-02,  5.32609E-02,  5.46568E-02,  5.61062E-02,  5.76097E-02,  5.91672E-02,  6.07781E-02,  6.24405E-02,  6.41517E-02,  6.59073E-02,  6.77011E-02,  6.95248E-02,NA,NA,NA,NA,NA,NA,NA,NA,NA,NA,NA,NA,NA,NA,NA,NA,NA,NA,NA,NA,NA,NA,NA,NA,NA,NA,NA,NA,NA,NA,NA,NA,NA,NA,NA,NA,NA,NA,NA,NA,NA,NA,NA,NA,NA,NA,NA,NA,NA,NA,NA,NA,  4.41915E-02,  4.31895E-02,NA,NA,NA,NA,NA,NA,NA,NA,NA,NA,NA,NA,
  4.89616E-02,  5.01706E-02,  5.14263E-02,  5.27299E-02,  5.40823E-02,  5.54840E-02,  5.69354E-02,  5.84359E-02,  5.99844E-02,  6.15789E-02,  6.32161E-02,  6.48916E-02,  6.65991E-02,  6.83302E-02,  7.00744E-02,NA,NA,NA,NA,NA,NA,NA,NA,NA,NA,NA,NA,NA,NA,NA,NA,NA,NA,NA,NA,NA,NA,NA,NA,NA,NA,NA,NA,NA,NA,NA,NA,NA,NA,NA,NA,NA,NA,NA,NA,NA,NA,NA,NA,NA,NA,NA,NA,NA,NA,  4.48854E-02,  4.38684E-02,  4.28893E-02,NA,NA,NA,NA,NA,NA,NA,NA,NA,NA,NA,NA,
  4.85102E-02,  4.96845E-02,  5.09023E-02,  5.21645E-02,  5.34716E-02,  5.48240E-02,  5.62215E-02,  5.76633E-02,  5.91479E-02,  6.06731E-02,  6.22353E-02,  6.38298E-02,  6.54504E-02,  6.70888E-02,  6.87350E-02,NA,NA,NA,NA,NA,NA,NA,NA,NA,NA,NA,NA,NA,NA,NA,NA,NA,NA,NA,NA,NA,NA,NA,NA,NA,NA,NA,NA,NA,NA,NA,NA,NA,NA,NA,NA,NA,NA,NA,NA,NA,NA,NA,NA,NA,NA,NA,NA,NA,NA,  4.45133E-02,  4.35225E-02,NA,NA,NA,NA,NA,NA,NA,NA,NA,NA,NA,NA,NA,
  4.80323E-02,  4.91706E-02,  5.03493E-02,  5.15688E-02,  5.28295E-02,  5.41313E-02,  5.54739E-02,  5.68561E-02,  5.82761E-02,  5.97314E-02,  6.12183E-02,  6.27320E-02,  6.42663E-02,  6.58133E-02,  6.73631E-02,  6.89041E-02,NA,NA,NA,NA,NA,NA,NA,NA,NA,NA,NA,NA,NA,NA,NA,NA,NA,NA,NA,NA,NA,NA,NA,NA,NA,NA,NA,NA,NA,NA,NA,NA,NA,NA,NA,NA,NA,NA,NA,NA,NA,NA,NA,NA,NA,NA,NA,NA,  4.51177E-02,  4.41195E-02,  4.31558E-02,NA,NA,NA,NA,NA,NA,NA,NA,NA,NA,NA,NA,NA,
  4.75307E-02,  4.86322E-02,  4.97708E-02,  5.09468E-02,  5.21603E-02,  5.34111E-02,  5.46982E-02,  5.60204E-02,  5.73758E-02,  5.87615E-02,  6.01737E-02,  6.16077E-02,  6.30573E-02,  6.45148E-02,  6.59711E-02,  6.74152E-02,NA,NA,NA,NA,NA,NA,NA,NA,NA,NA,NA,NA,NA,NA,NA,NA,NA,NA,NA,NA,NA,NA,NA,NA,NA,NA,NA,NA,NA,NA,NA,NA,NA,NA,NA,NA,NA,NA,NA,NA,NA,NA,NA,NA,NA,NA,NA,NA,  4.46744E-02,  4.37065E-02,  4.27705E-02,NA,NA,NA,NA,NA,NA,NA,NA,NA,NA,NA,NA,NA,
  4.70084E-02,  4.80724E-02,  4.91704E-02,  5.03025E-02,  5.14686E-02,  5.26680E-02,  5.38997E-02,  5.51623E-02,  5.64535E-02,  5.77705E-02,  5.91094E-02,  6.04654E-02,  6.18325E-02,  6.32036E-02,  6.45698E-02,  6.59212E-02,  6.72459E-02,NA,NA,NA,NA,NA,NA,NA,NA,NA,NA,NA,NA,NA,NA,NA,NA,NA,NA,NA,NA,NA,NA,NA,NA,NA,NA,NA,NA,NA,NA,NA,NA,NA,NA,NA,NA,NA,NA,NA,NA,NA,NA,NA,NA,NA,NA,  4.51811E-02,  4.42137E-02,  4.32764E-02,NA,NA,NA,NA,NA,NA,NA,NA,NA,NA,NA,NA,NA,NA,
  4.64681E-02,  4.74944E-02,  4.85516E-02,  4.96397E-02,  5.07583E-02,  5.19066E-02,  5.30835E-02,  5.42871E-02,  5.55153E-02,  5.67650E-02,  5.80324E-02,  5.93127E-02,  6.06003E-02,  6.18883E-02,  6.31685E-02,  6.44317E-02,  6.56672E-02,NA,NA,NA,NA,NA,NA,NA,NA,NA,NA,NA,NA,NA,NA,NA,NA,NA,NA,NA,NA,NA,NA,NA,NA,NA,NA,NA,NA,NA,NA,NA,NA,NA,NA,NA,NA,NA,NA,NA,NA,NA,NA,NA,NA,NA,NA,  4.46722E-02,  4.37381E-02,  4.28315E-02,NA,NA,NA,NA,NA,NA,NA,NA,NA,NA,NA,NA,NA,NA,
  4.59126E-02,  4.69010E-02,  4.79175E-02,  4.89619E-02,  5.00334E-02,  5.11313E-02,  5.22541E-02,  5.34000E-02,  5.45665E-02,  5.57508E-02,  5.69490E-02,  5.81565E-02,  5.93678E-02,  6.05765E-02,  6.17751E-02,  6.29550E-02,  6.41066E-02,  6.52195E-02,NA,NA,NA,NA,NA,NA,NA,NA,NA,NA,NA,NA,NA,NA,NA,NA,NA,NA,NA,NA,NA,NA,NA,NA,NA,NA,NA,NA,NA,NA,NA,NA,NA,NA,NA,NA,NA,NA,NA,NA,NA,NA,NA,NA,  4.50771E-02,  4.41509E-02,  4.32498E-02,NA,NA,NA,NA,NA,NA,NA,NA,NA,NA,NA,NA,NA,NA,NA,
  4.53444E-02,  4.62952E-02,  4.72713E-02,  4.82724E-02,  4.92976E-02,  5.03459E-02,  5.14158E-02,  5.25053E-02,  5.36122E-02,  5.47332E-02,  5.58648E-02,  5.70025E-02,  5.81411E-02,  5.92745E-02,  6.03960E-02,  6.14976E-02,  6.25707E-02,  6.36061E-02,  6.45936E-02,NA,NA,NA,NA,NA,NA,NA,NA,NA,NA,NA,NA,NA,NA,NA,NA,NA,NA,NA,NA,NA,NA,NA,NA,NA,NA,NA,NA,NA,NA,NA,NA,NA,NA,NA,NA,NA,NA,NA,NA,NA,NA,  4.54241E-02,  4.45106E-02,  4.36194E-02,  4.27510E-02,NA,NA,NA,NA,NA,NA,NA,NA,NA,NA,NA,NA,NA,NA,NA,
  4.47660E-02,  4.56795E-02,  4.66158E-02,  4.75743E-02,  4.85541E-02,  4.95540E-02,  5.05724E-02,  5.16074E-02,  5.26565E-02,  5.37168E-02,  5.47846E-02,  5.58557E-02,  5.69253E-02,  5.79877E-02,  5.90366E-02,  6.00648E-02,  6.10647E-02,  6.20280E-02,  6.29457E-02,  6.38090E-02,NA,NA,NA,NA,NA,NA,NA,NA,NA,NA,NA,NA,NA,NA,NA,NA,NA,NA,NA,NA,NA,NA,NA,NA,NA,NA,NA,NA,NA,NA,NA,NA,NA,NA,NA,NA,NA,NA,NA,NA,  4.57097E-02,  4.48135E-02,  4.39367E-02,  4.30799E-02,NA,NA,NA,NA,NA,NA,NA,NA,NA,NA,NA,NA,NA,NA,NA,NA,
  4.41796E-02,  4.50565E-02,  4.59537E-02,  4.68705E-02,  4.78060E-02,  4.87588E-02,  4.97274E-02,  5.07097E-02,  5.17034E-02,  5.27055E-02,  5.37125E-02,  5.47204E-02,  5.57248E-02,  5.67203E-02,  5.77011E-02,  5.86609E-02,  5.95926E-02,  6.04890E-02,  6.13422E-02,  6.21444E-02,  6.28879E-02,NA,NA,NA,NA,NA,NA,NA,NA,NA,NA,NA,NA,NA,NA,NA,NA,NA,NA,NA,NA,NA,NA,NA,NA,NA,NA,NA,NA,NA,NA,NA,NA,NA,NA,NA,NA,NA,NA,  4.59313E-02,  4.50569E-02,  4.41987E-02,  4.33576E-02,  4.25344E-02,NA,NA,NA,NA,NA,NA,NA,NA,NA,NA,NA,NA,NA,NA,NA,NA,
  4.35874E-02,  4.44283E-02,  4.52873E-02,  4.61635E-02,  4.70560E-02,  4.79633E-02,  4.88838E-02,  4.98155E-02,  5.07561E-02,  5.17027E-02,  5.26520E-02,  5.36002E-02,  5.45430E-02,  5.54757E-02,  5.63929E-02,  5.72889E-02,  5.81574E-02,  5.89918E-02,  5.97854E-02,  6.05313E-02,  6.12226E-02,  6.18531E-02,NA,NA,NA,NA,NA,NA,NA,NA,NA,NA,NA,NA,NA,NA,NA,NA,NA,NA,NA,NA,NA,NA,NA,NA,NA,NA,NA,NA,NA,NA,NA,NA,NA,NA,NA,NA,  4.60871E-02,  4.52387E-02,  4.44030E-02,  4.35815E-02,  4.27751E-02,NA,NA,NA,NA,NA,NA,NA,NA,NA,NA,NA,NA,NA,NA,NA,NA,NA,
  4.29913E-02,  4.37971E-02,  4.46189E-02,  4.54557E-02,  4.63065E-02,  4.71699E-02,  4.80443E-02,  4.89276E-02,  4.98175E-02,  5.07113E-02,  5.16059E-02,  5.24977E-02,  5.33828E-02,  5.42567E-02,  5.51146E-02,  5.59512E-02,  5.67610E-02,  5.75381E-02,  5.82767E-02,  5.89705E-02,  5.96139E-02,  6.02011E-02,  6.07271E-02,NA,NA,NA,NA,NA,NA,NA,NA,NA,NA,NA,NA,NA,NA,NA,NA,NA,NA,NA,NA,NA,NA,NA,NA,NA,NA,NA,NA,NA,NA,NA,NA,NA,NA,  4.61767E-02,  4.53578E-02,  4.45483E-02,  4.37499E-02,  4.29638E-02,NA,NA,NA,NA,NA,NA,NA,NA,NA,NA,NA,NA,NA,NA,NA,NA,NA,NA,
NA,  4.31648E-02,  4.39505E-02,  4.47492E-02,  4.55599E-02,  4.63811E-02,  4.72111E-02,  4.80482E-02,  4.88899E-02,  4.97337E-02,  5.05766E-02,  5.14154E-02,  5.22463E-02,  5.30652E-02,  5.38678E-02,  5.46493E-02,  5.54048E-02,  5.61290E-02,  5.68167E-02,  5.74626E-02,  5.80617E-02,  5.86089E-02,  5.90999E-02,  5.95309E-02,NA,NA,NA,NA,NA,NA,NA,NA,NA,NA,NA,NA,NA,NA,NA,NA,NA,NA,NA,NA,NA,NA,NA,NA,NA,NA,NA,NA,NA,NA,NA,NA,  4.62003E-02,  4.54139E-02,  4.46338E-02,  4.38617E-02,  4.30991E-02,  4.23471E-02,NA,NA,NA,NA,NA,NA,NA,NA,NA,NA,NA,NA,NA,NA,NA,NA,NA,NA,
NA,NA,  4.32838E-02,  4.40458E-02,  4.48178E-02,  4.55986E-02,  4.63864E-02,  4.71794E-02,  4.79754E-02,  4.87719E-02,  4.95661E-02,  5.03550E-02,  5.11351E-02,  5.19028E-02,  5.26539E-02,  5.33843E-02,  5.40895E-02,  5.47648E-02,  5.54057E-02,  5.60074E-02,  5.65655E-02,  5.70757E-02,  5.75343E-02,  5.79377E-02,  5.82833E-02,  5.85691E-02,NA,NA,NA,NA,NA,NA,NA,NA,NA,NA,NA,NA,NA,NA,NA,NA,NA,NA,NA,NA,NA,NA,NA,NA,NA,NA,NA,NA,  4.69114E-02,  4.61590E-02,  4.54078E-02,  4.46598E-02,  4.39168E-02,  4.31804E-02,  4.24520E-02,NA,NA,NA,NA,NA,NA,NA,NA,NA,NA,NA,NA,NA,NA,NA,NA,NA,NA,NA,
NA,NA,  4.26204E-02,  4.33471E-02,  4.40821E-02,  4.48242E-02,  4.55717E-02,  4.63228E-02,  4.70755E-02,  4.78273E-02,  4.85758E-02,  4.93179E-02,  5.00506E-02,  5.07704E-02,  5.14737E-02,  5.21567E-02,  5.28153E-02,  5.34455E-02,  5.40431E-02,  5.46041E-02,  5.51244E-02,  5.56005E-02,  5.60288E-02,  5.64065E-02,  5.67310E-02,  5.70007E-02,  5.72141E-02,  5.73709E-02,NA,NA,NA,NA,NA,NA,NA,NA,NA,NA,NA,NA,NA,NA,NA,NA,NA,NA,NA,NA,NA,NA,NA,NA,  4.74759E-02,  4.67672E-02,  4.60548E-02,  4.53406E-02,  4.46269E-02,  4.39154E-02,  4.32077E-02,  4.25055E-02,NA,NA,NA,NA,NA,NA,NA,NA,NA,NA,NA,NA,NA,NA,NA,NA,NA,NA,NA,NA,
NA,NA,NA,  4.26545E-02,  4.33542E-02,  4.40593E-02,  4.47685E-02,  4.54799E-02,  4.61916E-02,  4.69014E-02,  4.76067E-02,  4.83051E-02,  4.89934E-02,  4.96687E-02,  5.03276E-02,  5.09666E-02,  5.15822E-02,  5.21707E-02,  5.27284E-02,  5.32518E-02,  5.37373E-02,  5.41817E-02,  5.45819E-02,  5.49355E-02,  5.52402E-02,  5.54944E-02,  5.56969E-02,  5.58471E-02,  5.59449E-02,  5.59908E-02,NA,NA,NA,NA,NA,NA,NA,NA,NA,NA,NA,NA,NA,NA,NA,NA,NA,NA,NA,NA,  4.78832E-02,  4.72266E-02,  4.65615E-02,  4.58902E-02,  4.52146E-02,  4.45368E-02,  4.38586E-02,  4.31817E-02,  4.25077E-02,NA,NA,NA,NA,NA,NA,NA,NA,NA,NA,NA,NA,NA,NA,NA,NA,NA,NA,NA,NA,NA,
NA,NA,NA,NA,  4.26351E-02,  4.33052E-02,  4.39779E-02,  4.46518E-02,  4.53248E-02,  4.59949E-02,  4.66599E-02,  4.73172E-02,  4.79641E-02,  4.85979E-02,  4.92155E-02,  4.98139E-02,  5.03897E-02,  5.09396E-02,  5.14606E-02,  5.19492E-02,  5.24026E-02,  5.28177E-02,  5.31919E-02,  5.35230E-02,  5.38090E-02,  5.40484E-02,  5.42402E-02,  5.43836E-02,  5.44786E-02,  5.45254E-02,  5.45247E-02,  5.44775E-02,  5.43850E-02,NA,NA,NA,NA,NA,NA,NA,NA,NA,NA,NA,NA,NA,NA,  4.87108E-02,  4.81275E-02,  4.75296E-02,  4.69190E-02,  4.62979E-02,  4.56683E-02,  4.50322E-02,  4.43915E-02,  4.37480E-02,  4.31035E-02,  4.24595E-02,NA,NA,NA,NA,NA,NA,NA,NA,NA,NA,NA,NA,NA,NA,NA,NA,NA,NA,NA,NA,NA,NA,
NA,NA,NA,NA,NA,  4.25627E-02,  4.32010E-02,  4.38392E-02,  4.44758E-02,  4.51086E-02,  4.57357E-02,  4.63546E-02,  4.69630E-02,  4.75582E-02,  4.81375E-02,  4.86981E-02,  4.92370E-02,  4.97514E-02,  5.02384E-02,  5.06950E-02,  5.11186E-02,  5.15066E-02,  5.18568E-02,  5.21669E-02,  5.24354E-02,  5.26607E-02,  5.28420E-02,  5.29787E-02,  5.30704E-02,  5.31173E-02,  5.31200E-02,  5.30792E-02,  5.29960E-02,  5.28715E-02,  5.27072E-02,  5.25046E-02,  5.22652E-02,  5.19906E-02,  5.16825E-02,  5.13424E-02,  5.09720E-02,  5.05730E-02,  5.01470E-02,  4.96957E-02,  4.92208E-02,  4.87242E-02,  4.82077E-02,  4.76731E-02,  4.71224E-02,  4.65574E-02,  4.59801E-02,  4.53925E-02,  4.47963E-02,  4.41935E-02,  4.35857E-02,  4.29748E-02,  4.23622E-02,NA,NA,NA,NA,NA,NA,NA,NA,NA,NA,NA,NA,NA,NA,NA,NA,NA,NA,NA,NA,NA,NA,NA,
NA,NA,NA,NA,NA,NA,  4.24383E-02,  4.30430E-02,  4.36452E-02,  4.42430E-02,  4.48345E-02,  4.54176E-02,  4.59900E-02,  4.65492E-02,  4.70929E-02,  4.76185E-02,  4.81234E-02,  4.86049E-02,  4.90605E-02,  4.94876E-02,  4.98837E-02,  5.02467E-02,  5.05744E-02,  5.08651E-02,  5.11171E-02,  5.13292E-02,  5.15004E-02,  5.16303E-02,  5.17185E-02,  5.17650E-02,  5.17703E-02,  5.17349E-02,  5.16598E-02,  5.15458E-02,  5.13943E-02,  5.12065E-02,  5.09838E-02,  5.07276E-02,  5.04395E-02,  5.01210E-02,  4.97735E-02,  4.93987E-02,  4.89981E-02,  4.85733E-02,  4.81260E-02,  4.76580E-02,  4.71708E-02,  4.66663E-02,  4.61462E-02,  4.56123E-02,  4.50664E-02,  4.45103E-02,  4.39457E-02,  4.33742E-02,  4.27976E-02,  4.22174E-02,NA,NA,NA,NA,NA,NA,NA,NA,NA,NA,NA,NA,NA,NA,NA,NA,NA,NA,NA,NA,NA,NA,NA,NA,
NA,NA,NA,NA,NA,NA,NA,NA,  4.28335E-02,  4.33984E-02,  4.39566E-02,  4.45061E-02,  4.50449E-02,  4.55708E-02,  4.60814E-02,  4.65746E-02,  4.70479E-02,  4.74990E-02,  4.79255E-02,  4.83253E-02,  4.86961E-02,  4.90359E-02,  4.93428E-02,  4.96153E-02,  4.98519E-02,  5.00515E-02,  5.02132E-02,  5.03364E-02,  5.04209E-02,  5.04667E-02,  5.04739E-02,  5.04431E-02,  5.03750E-02,  5.02705E-02,  5.01306E-02,  4.99563E-02,  4.97490E-02,  4.95100E-02,  4.92406E-02,  4.89422E-02,  4.86162E-02,  4.82642E-02,  4.78875E-02,  4.74878E-02,  4.70665E-02,  4.66253E-02,  4.61658E-02,  4.56896E-02,  4.51984E-02,  4.46938E-02,  4.41775E-02,  4.36511E-02,  4.31162E-02,  4.25744E-02,  4.20272E-02,NA,NA,NA,NA,NA,NA,NA,NA,NA,NA,NA,NA,NA,NA,NA,NA,NA,NA,NA,NA,NA,NA,NA,NA,NA,
NA,NA,NA,NA,NA,NA,NA,NA,NA,  4.25748E-02,  4.31019E-02,  4.36200E-02,  4.41275E-02,  4.46222E-02,  4.51022E-02,  4.55653E-02,  4.60093E-02,  4.64323E-02,  4.68320E-02,  4.72065E-02,  4.75538E-02,  4.78722E-02,  4.81599E-02,  4.84155E-02,  4.86377E-02,  4.88254E-02,  4.89780E-02,  4.90948E-02,  4.91756E-02,  4.92203E-02,  4.92290E-02,  4.92021E-02,  4.91403E-02,  4.90442E-02,  4.89147E-02,  4.87529E-02,  4.85599E-02,  4.83367E-02,  4.80847E-02,  4.78051E-02,  4.74993E-02,  4.71686E-02,  4.68145E-02,  4.64383E-02,  4.60415E-02,  4.56256E-02,  4.51921E-02,  4.47426E-02,  4.42786E-02,  4.38016E-02,  4.33131E-02,  4.28147E-02,  4.23079E-02,  4.17941E-02,NA,NA,NA,NA,NA,NA,NA,NA,NA,NA,NA,NA,NA,NA,NA,NA,NA,NA,NA,NA,NA,NA,NA,NA,NA,NA,
NA,NA,NA,NA,NA,NA,NA,NA,NA,NA,  4.22702E-02,  4.27591E-02,  4.32373E-02,  4.37031E-02,  4.41545E-02,  4.45897E-02,  4.50066E-02,  4.54035E-02,  4.57784E-02,  4.61296E-02,  4.64552E-02,  4.67536E-02,  4.70235E-02,  4.72633E-02,  4.74721E-02,  4.76488E-02,  4.77928E-02,  4.79034E-02,  4.79805E-02,  4.80238E-02,  4.80336E-02,  4.80100E-02,  4.79537E-02,  4.78652E-02,  4.77453E-02,  4.75949E-02,  4.74150E-02,  4.72065E-02,  4.69707E-02,  4.67086E-02,  4.64217E-02,  4.61110E-02,  4.57780E-02,  4.54239E-02,  4.50501E-02,  4.46580E-02,  4.42490E-02,  4.38246E-02,  4.33861E-02,  4.29351E-02,  4.24728E-02,  4.20008E-02,NA,NA,NA,NA,NA,NA,NA,NA,NA,NA,NA,NA,NA,NA,NA,NA,NA,NA,NA,NA,NA,NA,NA,NA,NA,NA,NA,NA,
NA,NA,NA,NA,NA,NA,NA,NA,NA,NA,NA,NA,  4.23738E-02,  4.28126E-02,  4.32375E-02,  4.36467E-02,  4.40386E-02,  4.44113E-02,  4.47633E-02,  4.50928E-02,  4.53983E-02,  4.56783E-02,  4.59316E-02,  4.61568E-02,  4.63531E-02,  4.65194E-02,  4.66552E-02,  4.67599E-02,  4.68333E-02,  4.68752E-02,  4.68857E-02,  4.68651E-02,  4.68136E-02,  4.67320E-02,  4.66208E-02,  4.64808E-02,  4.63129E-02,  4.61180E-02,  4.58972E-02,  4.56516E-02,  4.53822E-02,  4.50903E-02,  4.47770E-02,  4.44436E-02,  4.40914E-02,  4.37217E-02,  4.33357E-02,  4.29348E-02,  4.25204E-02,  4.20938E-02,  4.16562E-02,NA,NA,NA,NA,NA,NA,NA,NA,NA,NA,NA,NA,NA,NA,NA,NA,NA,NA,NA,NA,NA,NA,NA,NA,NA,NA,NA,NA,NA,
NA,NA,NA,NA,NA,NA,NA,NA,NA,NA,NA,NA,NA,NA,  4.23503E-02,  4.27355E-02,  4.31040E-02,  4.34544E-02,  4.37850E-02,  4.40945E-02,  4.43814E-02,  4.46443E-02,  4.48822E-02,  4.50939E-02,  4.52784E-02,  4.54350E-02,  4.55631E-02,  4.56622E-02,  4.57320E-02,  4.57724E-02,  4.57834E-02,  4.57652E-02,  4.57181E-02,  4.56427E-02,  4.55394E-02,  4.54090E-02,  4.52522E-02,  4.50699E-02,  4.48631E-02,  4.46326E-02,  4.43796E-02,  4.41052E-02,  4.38104E-02,  4.34964E-02,  4.31644E-02,  4.28157E-02,  4.24513E-02,  4.20726E-02,  4.16808E-02,NA,NA,NA,NA,NA,NA,NA,NA,NA,NA,NA,NA,NA,NA,NA,NA,NA,NA,NA,NA,NA,NA,NA,NA,NA,NA,NA,NA,NA,NA,NA,
NA,NA,NA,NA,NA,NA,NA,NA,NA,NA,NA,NA,NA,NA,NA,NA,  4.22017E-02,  4.25313E-02,  4.28422E-02,  4.31331E-02,  4.34027E-02,  4.36498E-02,  4.38734E-02,  4.40724E-02,  4.42461E-02,  4.43936E-02,  4.45145E-02,  4.46082E-02,  4.46745E-02,  4.47134E-02,  4.47246E-02,  4.47086E-02,  4.46654E-02,  4.45955E-02,  4.44995E-02,  4.43778E-02,  4.42313E-02,  4.40606E-02,  4.38667E-02,  4.36504E-02,  4.34127E-02,  4.31546E-02,  4.28771E-02,  4.25813E-02,  4.22683E-02,  4.19391E-02,  4.15950E-02,NA,NA,NA,NA,NA,NA,NA,NA,NA,NA,NA,NA,NA,NA,NA,NA,NA,NA,NA,NA,NA,NA,NA,NA,NA,NA,NA,NA,NA,NA,NA,NA,NA,
NA,NA,NA,NA,NA,NA,NA,NA,NA,NA,NA,NA,NA,NA,NA,NA,NA,NA,  4.19333E-02,  4.22069E-02,  4.24605E-02,  4.26930E-02,  4.29033E-02,  4.30905E-02,  4.32540E-02,  4.33931E-02,  4.35071E-02,  4.35958E-02,  4.36588E-02,  4.36961E-02,  4.37075E-02,  4.36932E-02,  4.36535E-02,  4.35887E-02,  4.34993E-02,  4.33857E-02,  4.32486E-02,  4.30887E-02,  4.29068E-02,  4.27037E-02,  4.24802E-02,  4.22373E-02,  4.19760E-02,  4.16971E-02,NA,NA,NA,NA,NA,NA,NA,NA,NA,NA,NA,NA,NA,NA,NA,NA,NA,NA,NA,NA,NA,NA,NA,NA,NA,NA,NA,NA,NA,NA,NA,NA,NA,NA,NA,NA,
NA,NA,NA,NA,NA,NA,NA,NA,NA,NA,NA,NA,NA,NA,NA,NA,NA,NA,NA,NA,NA,  4.17720E-02,  4.19700E-02,  4.21464E-02,  4.23004E-02,  4.24315E-02,  4.25392E-02,  4.26230E-02,  4.26829E-02,  4.27185E-02,  4.27300E-02,  4.27173E-02,  4.26808E-02,  4.26206E-02,  4.25371E-02,  4.24310E-02,  4.23026E-02,  4.21527E-02,  4.19819E-02,  4.17910E-02,  4.15808E-02,NA,NA,NA,NA,NA,NA,NA,NA,NA,NA,NA,NA,NA,NA,NA,NA,NA,NA,NA,NA,NA,NA,NA,NA,NA,NA,NA,NA,NA,NA,NA,NA,NA,NA,NA,NA,NA,NA,NA,
NA,NA,NA,NA,NA,NA,NA,NA,NA,NA,NA,NA,NA,NA,NA,NA,NA,NA,NA,NA,NA,NA,NA,NA,NA,NA,  4.16087E-02,  4.16880E-02,  4.17448E-02,  4.17790E-02,  4.17903E-02,  4.17790E-02,  4.17453E-02,  4.16893E-02,  4.16114E-02,  4.15120E-02,NA,NA,NA,NA,NA,NA,NA,NA,NA,NA,NA,NA,NA,NA,NA,NA,NA,NA,NA,NA,NA,NA,NA,NA,NA,NA,NA,NA,NA,NA,NA,NA,NA,NA,NA,NA,NA,NA,NA,NA,NA,NA,NA,NA,
NA,NA,NA,NA,NA,NA,NA,NA,NA,NA,NA,NA,NA,NA,NA,NA,NA,NA,NA,NA,NA,NA,NA,NA,NA,NA,NA,NA,NA,NA,NA,NA,NA,NA,NA,NA,NA,NA,NA,NA,NA,NA,NA,NA,NA,NA,NA,NA,NA,NA,NA,NA,NA,NA,NA,NA,NA,NA,NA,NA,NA,NA,NA,NA,NA,NA,NA,NA,NA,NA,NA,NA,NA,NA,NA,NA,NA,NA,NA,NA,
NA,NA,NA,NA,NA,NA,NA,NA,NA,NA,NA,NA,NA,NA,NA,NA,NA,NA,NA,NA,NA,NA,NA,NA,NA,NA,NA,NA,NA,NA,NA,NA,NA,NA,NA,NA,NA,NA,NA,NA,NA,NA,NA,NA,NA,NA,NA,NA,NA,NA,NA,NA,NA,NA,NA,NA,NA,NA,NA,NA,NA,NA,NA,NA,NA,NA,NA,NA,NA,NA,NA,NA,NA,NA,NA,NA,NA,NA,NA,NA,
