NA,NA,NA,NA,NA,NA,NA,NA,NA,NA,NA,NA,NA,NA,NA,NA,NA,NA,NA,NA,NA,NA,NA,NA,NA,NA,NA,NA,NA,NA,NA,NA,NA,NA,NA,NA,NA,NA,NA,NA,NA,NA,NA,NA,NA,NA,NA,NA,NA,NA,NA,NA,NA,NA,NA,NA,NA,NA,NA,NA,NA,NA,NA,NA,NA,NA,NA,NA,NA,NA,NA,NA,NA,NA,NA,NA,NA,NA,NA,NA,NA,NA,NA,NA,NA,NA,
NA,NA,NA,NA,NA,NA,NA,NA,NA,NA,NA,NA,NA,NA,NA,NA,NA,NA,NA,NA,NA,NA,NA,NA,NA,NA,NA,NA,NA,NA,NA,NA,NA,NA,NA,NA,NA,NA,NA,NA,NA,NA,NA,NA,NA,NA,NA,NA,NA,NA,NA,NA,NA,NA,NA,NA,NA,NA,NA,NA,NA,NA,NA,NA,NA,NA,NA,NA,NA,NA,NA,NA,NA,NA,NA,NA,NA,NA,NA,NA,NA,NA,NA,NA,NA,NA,
NA,NA,NA,NA,NA,NA,NA,NA,NA,NA,NA,NA,NA,NA,NA,NA,NA,NA,NA,NA,NA,NA,NA,NA,NA,NA,NA,NA,NA,NA,NA,NA,NA,NA,NA,NA,NA,NA,NA,NA,NA,NA,NA,NA,NA,NA,NA,NA,NA,NA,NA,NA,NA,NA,NA,NA,NA,NA,NA,NA,NA,NA,NA,NA,NA,NA,NA,NA,NA,NA,NA,NA,NA,NA,NA,NA,NA,NA,NA,NA,NA,NA,NA,NA,NA,NA,
NA,NA,NA,NA,NA,NA,NA,NA,NA,NA,NA,NA,NA,NA,NA,NA,NA,NA,NA,NA,NA,NA,NA,NA,NA,NA,NA,NA,NA,NA,NA,NA,NA,NA,NA,NA,NA,NA,NA,NA,NA,NA,NA,NA,NA,NA,NA,NA,NA,NA,NA,NA,NA,NA,NA,NA,NA,NA,NA,NA,NA,NA,NA,NA,NA,NA,NA,NA,NA,NA,NA,NA,NA,NA,NA,NA,NA,NA,NA,NA,NA,NA,NA,NA,NA,NA,
NA,NA,NA,NA,NA,NA,NA,NA,NA,NA,NA,NA,NA,NA,NA,NA,NA,NA,NA,NA,NA,NA,NA,NA,NA,NA,NA,NA,NA,NA,NA,NA,NA,NA,NA,NA,NA,NA,NA,NA,NA,NA,NA,NA,NA,NA,NA,NA,NA,NA,NA,NA,NA,NA,NA,NA,NA,NA,NA,NA,NA,NA,NA,NA,NA,NA,NA,NA,NA,NA,NA,NA,NA,NA,NA,NA,NA,NA,NA,NA,NA,NA,NA,NA,NA,NA,
NA,NA,NA,NA,NA,NA,NA,NA,NA,NA,NA,NA,NA,NA,NA,NA,NA,NA,NA,NA,NA,NA,NA,NA,NA,NA,NA,NA,NA,NA,NA,NA,NA,NA,NA,NA,NA,NA,NA,NA,NA,NA,NA,NA,NA,NA,NA,NA,NA,NA,NA,NA,NA,NA,NA,NA,NA,NA,NA,NA,NA,NA,NA,NA,NA,NA,NA,NA,NA,NA,NA,NA,NA,NA,NA,NA,NA,NA,NA,NA,NA,NA,NA,NA,NA,NA,
NA,NA,NA,NA,NA,NA,NA,NA,NA,NA,NA,NA,NA,NA,NA,NA,NA,NA,NA,NA,NA,NA,NA,NA,NA,NA,NA,NA,NA,NA,NA,NA,NA,NA,NA,NA,NA,NA,NA,NA,NA,NA,NA,NA,NA,NA,NA,NA,NA,NA,NA,NA,NA,NA,NA,NA,NA,NA,NA,NA,NA,NA,NA,NA,NA,NA,NA,NA,NA,NA,NA,NA,NA,NA,NA,NA,NA,NA,NA,NA,NA,NA,NA,NA,NA,NA,
NA,NA,NA,NA,NA,NA,NA,NA,NA,NA,NA,NA,NA,NA,NA,NA,NA,NA,NA,NA,NA,NA,NA,NA,NA,NA,NA,NA,NA,NA,NA,NA,NA,NA,NA,NA,NA,NA,NA,NA,NA,NA,NA,NA,NA,NA,NA,NA,NA,NA,NA,NA,NA,NA,NA,NA,NA,NA,NA,NA,NA,NA,NA,NA,NA,NA,NA,NA,NA,NA,NA,NA,NA,NA,NA,NA,NA,NA,NA,NA,NA,NA,NA,NA,NA,NA,
NA,NA,NA,NA,NA,NA,NA,NA,NA,NA,NA,NA,NA,NA,NA,NA,NA,NA,NA,NA,NA,NA,NA,NA,NA,NA,NA,NA,NA,NA,NA,NA,NA,NA,NA,NA,NA,NA,NA,NA,NA,NA,NA,NA,NA,NA,NA,NA,NA,NA,NA,NA,NA,NA,NA,NA,NA,NA,NA,NA,NA,NA,NA,NA,NA,NA,NA,NA,NA,NA,NA,NA,NA,NA,NA,NA,NA,NA,NA,NA,NA,NA,NA,NA,NA,NA,
NA,NA,NA,NA,NA,NA,NA,NA,NA,NA,NA,NA,NA,NA,NA,NA,NA,NA,NA,NA,NA,NA,NA,NA,NA,NA,NA,NA,NA,NA,NA,NA,NA,NA,NA,NA,NA,NA,NA,NA,NA,NA,NA,NA,NA,NA,NA,NA,NA,NA,NA,NA,NA,NA,NA,NA,NA,NA,NA,NA,NA,NA,NA,NA,NA,NA,NA,NA,NA,NA,NA,NA,NA,NA,NA,NA,NA,NA,NA,NA,NA,NA,NA,NA,NA,NA,
NA,NA,NA,NA,NA,NA,NA,NA,NA,NA,NA,NA,NA,NA,NA,NA,NA,NA,NA,NA,NA,NA,NA,NA,NA,NA,NA,NA,NA,NA,NA,NA,NA,NA,NA,NA,NA,NA,NA,NA,NA,NA,NA,NA,NA,NA,NA,NA,NA,NA,NA,NA,NA,NA,NA,NA,NA,NA,NA,NA,NA,NA,NA,NA,NA,NA,NA,NA,NA,NA,NA,NA,NA,NA,NA,NA,NA,NA,NA,NA,NA,NA,NA,NA,NA,NA,
NA,NA,NA,NA,NA,NA,NA,NA,NA,NA,NA,NA,NA,NA,NA,NA,NA,NA,NA,NA,NA,NA,NA,NA,NA,NA,NA,NA,NA,NA,NA,NA,NA,NA,NA,NA,NA,NA,NA,NA,NA,NA,NA,NA,NA,NA,NA,NA,NA,NA,NA,NA,NA,NA,NA,NA,NA,NA,NA,NA,NA,NA,NA,NA,NA,NA,NA,NA,NA,NA,NA,NA,NA,NA,NA,NA,NA,NA,NA,NA,NA,NA,NA,NA,NA,NA,
NA,NA,NA,NA,NA,NA,NA,NA,NA,NA,NA,NA,NA,NA,NA,NA,NA,NA,NA,NA,NA,NA,NA,NA,NA,NA,NA,NA,NA,NA,NA,NA,NA,NA,NA,NA,NA,NA,NA,NA,NA,NA,NA,NA,NA,NA,NA,NA,NA,NA,NA,NA,NA,NA,NA,NA,NA,NA,NA,NA,NA,NA,NA,NA,NA,NA,NA,NA,NA,NA,NA,NA,NA,NA,NA,NA,NA,NA,NA,NA,NA,NA,NA,NA,NA,NA,
NA,NA,NA,NA,NA,NA,NA,NA,NA,NA,NA,NA,NA,NA,NA,NA,NA,NA,NA,NA,NA,NA,NA,NA,NA,NA,NA,NA,NA,NA,NA,NA,NA,NA,NA,NA,NA,NA,NA,NA,NA,NA,NA,NA,NA,NA,NA,NA,NA,NA,NA,NA,NA,NA,NA,NA,NA,NA,NA,NA,NA,NA,NA,NA,NA,NA,NA,NA,NA,NA,NA,NA,NA,NA,NA,NA,NA,NA,NA,NA,NA,NA,NA,NA,NA,NA,
NA,NA,NA,NA,NA,NA,NA,NA,NA,NA,NA,NA,NA,NA,NA,NA,NA,NA,NA,NA,NA,NA,NA,NA,NA,NA,NA,NA,NA,NA,NA,NA,NA,NA,NA,NA,NA,NA,NA,NA,NA,NA,NA,NA,NA,NA,NA,NA,NA,NA,NA,NA,NA,NA,NA,NA,NA,NA,NA,NA,NA,NA,NA,NA,NA,NA,NA,NA,NA,NA,NA,NA,NA,NA,NA,NA,NA,NA,NA,NA,NA,NA,NA,NA,NA,NA,
NA,NA,NA,NA,NA,NA,NA,NA,NA,NA,NA,NA,NA,NA,NA,NA,NA,NA,NA,NA,NA,NA,NA,NA,NA,NA,NA,NA,NA,NA,NA,NA,NA,NA,NA,NA,NA,NA,NA,NA,NA,NA,NA,NA,NA,NA,NA,NA,NA,NA,NA,NA,NA,NA,NA,NA,NA,NA,NA,NA,NA,NA,NA,NA,NA,NA,NA,NA,NA,NA,NA,NA,NA,NA,NA,NA,NA,NA,NA,NA,NA,NA,NA,NA,NA,NA,
NA,NA,NA,NA,NA,NA,NA,NA,NA,NA,NA,NA,NA,NA,NA,NA,NA,NA,NA,NA,NA,NA,NA,NA,NA,NA,NA,NA,NA,NA,NA,NA,NA,NA,NA,NA,NA,NA,NA,NA,NA,NA,NA,NA,NA,NA,NA,NA,NA,NA,NA,NA,NA,NA,NA,NA,NA,NA,NA,NA,NA,NA,NA,NA,NA,NA,NA,NA,NA,NA,NA,NA,NA,NA,NA,NA,NA,NA,NA,NA,NA,NA,NA,NA,NA,NA,
NA,NA,NA,NA,NA,NA,NA,NA,NA,NA,NA,NA,NA,NA,NA,NA,NA,NA,NA,NA,NA,NA,NA,NA,NA,NA,NA,NA,NA,NA,NA,NA,NA,NA,NA,NA,NA,NA,NA,NA,NA,NA,NA,NA,NA,NA,NA,NA,NA,NA,NA,NA,NA,NA,NA,NA,NA,NA,NA,NA,NA,NA,NA,NA,NA,NA,NA,NA,NA,NA,NA,NA,NA,NA,NA,NA,NA,NA,NA,NA,NA,NA,NA,NA,NA,NA,
NA,NA,NA,NA,NA,NA,NA,NA,NA,NA,NA,NA,NA,NA,NA,NA,NA,NA,NA,NA,NA,NA,NA,NA,NA,NA,NA,NA,NA,NA,NA,NA,NA,NA,NA,NA,NA,NA,NA,NA,NA,NA,NA,NA,NA,NA,NA,NA,NA,NA,NA,NA,NA,NA,NA,NA,NA,NA,NA,NA,NA,NA,NA,NA,NA,NA,NA,NA,NA,NA,NA,NA,NA,NA,NA,NA,NA,NA,NA,NA,NA,NA,NA,NA,NA,NA,
NA,NA,NA,NA,NA,NA,NA,NA,NA,NA,NA,NA,NA,NA,NA,NA,NA,NA,NA,NA,NA,NA,NA,NA,NA,NA,NA,NA,NA,NA,NA,NA,NA,NA,NA,NA,NA,NA,NA,NA,NA,NA,NA,NA,NA,NA,NA,NA,NA,NA,NA,NA,NA,NA,NA,NA,NA,NA,NA,NA,NA,NA,NA,NA,NA,NA,NA,NA,NA,NA,NA,NA,NA,NA,NA,NA,NA,NA,NA,NA,NA,NA,NA,NA,NA,NA,
NA,NA,NA,NA,NA,NA,NA,NA,NA,NA,NA,NA,NA,NA,NA,NA,NA,NA,NA,NA,NA,NA,NA,NA,NA,NA,NA,NA,NA,NA,NA,NA,NA,NA,NA,NA,NA,NA,NA,NA,NA,NA,NA,NA,NA,NA,NA,NA,NA,NA,NA,NA,NA,NA,NA,NA,NA,NA,NA,NA,NA,NA,NA,NA,NA,NA,NA,NA,NA,NA,NA,NA,NA,NA,NA,NA,NA,NA,NA,NA,NA,NA,NA,NA,NA,NA,
NA,NA,NA,NA,NA,NA,NA,NA,NA,NA,NA,NA,NA,NA,NA,NA,NA,NA,NA,NA,NA,NA,NA,NA,NA,NA,NA,NA,NA,NA,NA,NA,NA,NA,NA,NA,NA,NA,NA,NA,NA,NA,NA,NA,NA,NA,NA,NA,NA,NA,NA,NA,NA,NA,NA,NA,NA,NA,NA,NA,NA,NA,NA,NA,NA,NA,NA,NA,NA,NA,NA,NA,NA,NA,NA,NA,NA,NA,NA,NA,NA,NA,NA,NA,NA,NA,
NA,NA,NA,NA,NA,NA,NA,NA,NA,NA,NA,NA,NA,NA,NA,NA,NA,NA,NA,NA,NA,NA,NA,NA,NA,NA,NA,NA,NA,NA,NA,NA,NA,NA,NA,NA,NA,NA,NA,NA,NA,NA,NA,NA,NA,NA,NA,NA,NA,NA,NA,NA,NA,NA,NA,NA,NA,NA,NA,NA,NA,NA,NA,NA,NA,NA,NA,NA,NA,NA,NA,NA,NA,NA,NA,NA,NA,NA,NA,NA,NA,NA,NA,NA,NA,NA,
NA,NA,NA,NA,NA,NA,NA,NA,NA,NA,NA,NA,NA,NA,NA,NA,NA,NA,NA,NA,NA,NA,NA,NA,NA,NA,NA,NA,NA,NA,NA,NA,NA,NA,NA,NA,NA,NA,NA,NA,NA,NA,NA,NA,NA,NA,NA,NA,NA,NA,NA,NA,NA,NA,NA,NA,NA,NA,NA,NA,NA,NA,NA,NA,NA,NA,NA,NA,NA,NA,NA,NA,NA,NA,NA,NA,NA,NA,NA,NA,NA,NA,NA,NA,NA,NA,
NA,NA,NA,NA,NA,NA,NA,NA,NA,NA,NA,NA,NA,NA,NA,NA,NA,NA,NA,NA,NA,NA,NA,NA,NA,NA,NA,NA,NA,NA,NA,NA,NA,NA,NA,NA,NA,NA,NA,NA,NA,NA,NA,NA,NA,NA,NA,NA,NA,NA,NA,NA,NA,NA,NA,NA,NA,NA,NA,NA,NA,NA,NA,NA,NA,NA,NA,NA,NA,NA,NA,NA,NA,NA,NA,NA,NA,NA,NA,NA,NA,NA,NA,NA,NA,NA,
NA,NA,NA,NA,NA,NA,NA,NA,NA,NA,NA,NA,NA,NA,NA,NA,NA,NA,NA,NA,NA,NA,NA,NA,NA,NA,NA,NA,NA,NA,NA,NA,NA,NA,NA,NA,NA,NA,NA,NA,NA,NA,NA,NA,NA,NA,NA,NA,NA,NA,NA,NA,NA,NA,NA,NA,NA,NA,NA,NA,NA,NA,NA,NA,NA,NA,NA,NA,NA,NA,NA,NA,NA,NA,NA,NA,NA,NA,NA,NA,NA,NA,NA,NA,NA,NA,
NA,NA,NA,NA,NA,NA,NA,NA,NA,NA,NA,NA,NA,NA,NA,NA,NA,NA,NA,NA,NA,NA,NA,NA,NA,NA,NA,NA,NA,NA,NA,NA,NA,NA,NA,NA,NA,NA,NA,NA,NA,NA,NA,NA,NA,NA,NA,NA,NA,NA,NA,NA,NA,NA,NA,NA,NA,NA,NA,NA,NA,NA,NA,NA,NA,NA,NA,NA,NA,NA,NA,NA,NA,NA,NA,NA,NA,NA,NA,NA,NA,NA,NA,NA,NA,NA,
NA,NA,NA,NA,NA,NA,NA,NA,NA,NA,NA,NA,NA,NA,NA,NA,NA,NA,NA,NA,NA,NA,NA,NA,NA,  5.37394E-03,NA,NA,NA,NA,NA,NA,NA,NA,NA,NA,NA,NA,NA,NA,NA,NA,NA,NA,NA,NA,NA,NA,NA,NA,NA,NA,NA,NA,NA,NA,NA,NA,NA,NA,NA,NA,NA,NA,NA,NA,NA,NA,NA,NA,NA,NA,NA,NA,NA,NA,NA,NA,NA,NA,NA,NA,NA,NA,NA,NA,
NA,NA,NA,NA,NA,NA,NA,NA,NA,NA,NA,NA,NA,NA,NA,NA,NA,NA,NA,NA,NA,NA,NA,  5.39611E-03,  5.47789E-03,  5.55624E-03,NA,NA,NA,NA,NA,NA,NA,NA,NA,NA,NA,NA,NA,NA,NA,NA,NA,NA,NA,NA,NA,NA,NA,NA,NA,NA,NA,NA,NA,NA,NA,NA,NA,NA,NA,NA,NA,NA,NA,NA,NA,NA,NA,NA,NA,NA,NA,NA,NA,NA,NA,NA,NA,NA,NA,NA,NA,NA,NA,NA,
NA,NA,NA,NA,NA,NA,NA,NA,NA,NA,NA,NA,NA,NA,NA,NA,NA,NA,NA,NA,  5.28750E-03,  5.38399E-03,  5.47875E-03,  5.57126E-03,  5.66094E-03,NA,NA,NA,NA,NA,NA,NA,NA,NA,NA,NA,NA,NA,NA,NA,NA,NA,NA,NA,NA,NA,NA,NA,NA,NA,NA,NA,NA,NA,NA,NA,NA,NA,NA,NA,NA,NA,NA,NA,NA,NA,NA,NA,NA,NA,NA,NA,NA,NA,NA,NA,NA,NA,NA,NA,NA,NA,NA,NA,NA,NA,
NA,NA,NA,NA,NA,NA,NA,NA,NA,NA,NA,NA,NA,NA,NA,NA,NA,NA,NA,  5.33875E-03,  5.44453E-03,  5.54931E-03,  5.65256E-03,  5.75370E-03,  5.85212E-03,NA,NA,NA,NA,NA,NA,NA,NA,NA,NA,NA,NA,NA,NA,NA,NA,NA,NA,NA,NA,NA,NA,NA,NA,NA,NA,NA,NA,NA,NA,NA,NA,NA,NA,NA,NA,NA,NA,NA,NA,NA,NA,NA,NA,NA,NA,NA,NA,NA,NA,NA,NA,NA,NA,NA,NA,NA,NA,NA,NA,NA,
NA,NA,NA,NA,NA,NA,NA,NA,NA,NA,NA,NA,NA,NA,NA,NA,NA,  5.26281E-03,  5.37733E-03,  5.49207E-03,  5.60659E-03,  5.72041E-03,  5.83295E-03,  5.94360E-03,NA,NA,NA,NA,NA,NA,NA,NA,NA,NA,NA,NA,NA,NA,NA,NA,NA,NA,NA,NA,NA,NA,NA,NA,NA,NA,NA,NA,NA,NA,NA,NA,NA,NA,NA,NA,NA,NA,NA,NA,NA,NA,NA,NA,NA,NA,NA,NA,NA,NA,NA,NA,NA,NA,NA,NA,NA,NA,NA,NA,NA,NA,
NA,NA,NA,NA,NA,NA,NA,NA,NA,NA,NA,NA,NA,NA,NA,  5.15957E-03,  5.28038E-03,  5.40255E-03,  5.52574E-03,  5.64957E-03,  5.77357E-03,  5.89723E-03,  6.01995E-03,  6.14105E-03,NA,NA,NA,NA,NA,NA,NA,NA,NA,NA,NA,NA,NA,NA,NA,NA,NA,NA,NA,NA,NA,NA,NA,NA,NA,NA,NA,NA,NA,NA,NA,NA,NA,NA,NA,NA,NA,NA,NA,NA,NA,NA,NA,NA,NA,NA,NA,NA,NA,NA,NA,NA,NA,NA,NA,NA,NA,NA,NA,NA,NA,NA,
NA,NA,NA,NA,NA,NA,NA,NA,NA,NA,NA,NA,NA,NA,  5.15779E-03,  5.28480E-03,  5.41394E-03,  5.54492E-03,  5.67741E-03,  5.81102E-03,  5.94528E-03,  6.07965E-03,  6.21349E-03,  6.34610E-03,NA,NA,NA,NA,NA,NA,NA,NA,NA,NA,NA,NA,NA,NA,NA,NA,NA,NA,NA,NA,NA,NA,NA,NA,NA,NA,NA,NA,NA,NA,NA,NA,NA,NA,NA,NA,NA,NA,NA,NA,NA,NA,NA,NA,NA,NA,NA,NA,NA,NA,NA,NA,NA,NA,NA,NA,NA,NA,NA,NA,NA,NA,
NA,NA,NA,NA,NA,NA,NA,NA,NA,NA,NA,NA,NA,  5.14352E-03,  5.27595E-03,  5.41124E-03,  5.54918E-03,  5.68953E-03,  5.83196E-03,  5.97609E-03,  6.12143E-03,  6.26744E-03,  6.41344E-03,  6.55869E-03,NA,NA,NA,NA,NA,NA,NA,NA,NA,NA,NA,NA,NA,NA,NA,NA,NA,NA,NA,NA,NA,NA,NA,NA,NA,NA,NA,NA,NA,NA,NA,NA,NA,NA,NA,NA,NA,NA,NA,NA,NA,NA,NA,NA,NA,NA,NA,NA,NA,NA,NA,NA,NA,NA,NA,NA,NA,NA,NA,NA,NA,NA,
NA,NA,NA,NA,NA,NA,NA,NA,NA,NA,NA,NA,  5.11695E-03,  5.25390E-03,  5.39441E-03,  5.53838E-03,  5.68562E-03,  5.83590E-03,  5.98893E-03,  6.14433E-03,  6.30163E-03,  6.46026E-03,  6.61954E-03,NA,NA,NA,NA,NA,NA,NA,NA,NA,NA,NA,NA,NA,NA,NA,NA,NA,NA,NA,NA,NA,NA,NA,NA,NA,NA,NA,NA,NA,NA,NA,NA,NA,NA,NA,NA,NA,NA,NA,NA,NA,NA,NA,NA,NA,NA,NA,NA,NA,NA,NA,NA,NA,NA,NA,NA,NA,NA,NA,NA,NA,NA,NA,
NA,NA,NA,NA,NA,NA,NA,NA,NA,NA,  4.94212E-03,  5.07842E-03,  5.21895E-03,  5.36369E-03,  5.51262E-03,  5.66566E-03,  5.82266E-03,  5.98344E-03,  6.14773E-03,  6.31518E-03,  6.48534E-03,  6.65764E-03,  6.83138E-03,NA,NA,NA,NA,NA,NA,NA,NA,NA,NA,NA,NA,NA,NA,NA,NA,NA,NA,NA,NA,NA,NA,NA,NA,NA,NA,NA,NA,NA,NA,NA,NA,NA,NA,NA,NA,NA,NA,NA,NA,NA,NA,NA,NA,NA,  2.76165E-03,NA,NA,NA,NA,NA,NA,NA,NA,NA,NA,NA,NA,NA,NA,NA,NA,NA,
NA,NA,NA,NA,NA,NA,NA,NA,NA,  4.89010E-03,  5.02848E-03,  5.17160E-03,  5.31952E-03,  5.47229E-03,  5.62992E-03,  5.79239E-03,  5.95960E-03,  6.13142E-03,  6.30763E-03,  6.48792E-03,  6.67187E-03,  6.85892E-03,  7.04840E-03,NA,NA,NA,NA,NA,NA,NA,NA,NA,NA,NA,NA,NA,NA,NA,NA,NA,NA,NA,NA,NA,NA,NA,NA,NA,NA,NA,NA,NA,NA,NA,NA,NA,NA,NA,NA,NA,NA,NA,NA,NA,NA,NA,NA,NA,  2.74751E-03,  2.59131E-03,NA,NA,NA,NA,NA,NA,NA,NA,NA,NA,NA,NA,NA,NA,NA,NA,
NA,NA,NA,NA,NA,NA,NA,NA,  4.82826E-03,  4.96782E-03,  5.11254E-03,  5.26256E-03,  5.41800E-03,  5.57898E-03,  5.74555E-03,  5.91777E-03,  6.09560E-03,  6.27898E-03,  6.46775E-03,  6.66165E-03,  6.86033E-03,  7.06327E-03,  7.26980E-03,NA,NA,NA,NA,NA,NA,NA,NA,NA,NA,NA,NA,NA,NA,NA,NA,NA,NA,NA,NA,NA,NA,NA,NA,NA,NA,NA,NA,NA,NA,NA,NA,NA,NA,NA,NA,NA,NA,NA,NA,NA,NA,NA,NA,NA,  2.72532E-03,  2.56350E-03,  2.41227E-03,NA,NA,NA,NA,NA,NA,NA,NA,NA,NA,NA,NA,NA,NA,NA,
NA,NA,NA,NA,NA,NA,NA,NA,  4.89726E-03,  5.04261E-03,  5.19366E-03,  5.35062E-03,  5.51366E-03,  5.68295E-03,  5.85865E-03,  6.04087E-03,  6.22967E-03,  6.42507E-03,  6.62699E-03,  6.83527E-03,  7.04961E-03,  7.26958E-03,NA,NA,NA,NA,NA,NA,NA,NA,NA,NA,NA,NA,NA,NA,NA,NA,NA,NA,NA,NA,NA,NA,NA,NA,NA,NA,NA,NA,NA,NA,NA,NA,NA,NA,NA,NA,NA,NA,NA,NA,NA,NA,NA,NA,NA,NA,  2.69402E-03,  2.52679E-03,  2.37111E-03,  2.22639E-03,NA,NA,NA,NA,NA,NA,NA,NA,NA,NA,NA,NA,NA,NA,
NA,NA,NA,NA,NA,NA,NA,  4.81773E-03,  4.96278E-03,  5.11384E-03,  5.27116E-03,  5.43501E-03,  5.60564E-03,  5.78330E-03,  5.96823E-03,  6.16063E-03,  6.36068E-03,  6.56848E-03,  6.78408E-03,  7.00743E-03,  7.23834E-03,  7.47646E-03,NA,NA,NA,NA,NA,NA,NA,NA,NA,NA,NA,NA,NA,NA,NA,NA,NA,NA,NA,NA,NA,NA,NA,NA,NA,NA,NA,NA,NA,NA,NA,NA,NA,NA,NA,NA,NA,NA,NA,NA,NA,NA,NA,NA,NA,NA,  2.65248E-03,  2.48013E-03,  2.32037E-03,  2.17245E-03,NA,NA,NA,NA,NA,NA,NA,NA,NA,NA,NA,NA,NA,NA,
NA,NA,NA,NA,NA,NA,  4.73022E-03,  4.87411E-03,  5.02421E-03,  5.18083E-03,  5.34428E-03,  5.51491E-03,  5.69304E-03,  5.87902E-03,  6.07318E-03,  6.27584E-03,  6.48729E-03,  6.70778E-03,  6.93749E-03,  7.17651E-03,  7.42481E-03,NA,NA,NA,NA,NA,NA,NA,NA,NA,NA,NA,NA,NA,NA,NA,NA,NA,NA,NA,NA,NA,NA,NA,NA,NA,NA,NA,NA,NA,NA,NA,NA,NA,NA,NA,NA,NA,NA,NA,NA,NA,NA,NA,NA,NA,NA,NA,  2.59944E-03,  2.42241E-03,  2.25903E-03,  2.10844E-03,  1.96975E-03,NA,NA,NA,NA,NA,NA,NA,NA,NA,NA,NA,NA,NA,
NA,NA,NA,NA,NA,  4.63579E-03,  4.77773E-03,  4.92598E-03,  5.08090E-03,  5.24285E-03,  5.41221E-03,  5.58941E-03,  5.77485E-03,  5.96898E-03,  6.17225E-03,  6.38511E-03,  6.60800E-03,  6.84132E-03,  7.08542E-03,  7.34060E-03,  7.60701E-03,NA,NA,NA,NA,NA,NA,NA,NA,NA,NA,NA,NA,NA,NA,NA,NA,NA,NA,NA,NA,NA,NA,NA,NA,NA,NA,NA,NA,NA,NA,NA,NA,NA,NA,NA,NA,NA,NA,NA,NA,NA,NA,NA,NA,NA,NA,NA,  2.53356E-03,  2.35241E-03,  2.18603E-03,  2.03339E-03,  1.89346E-03,  1.76529E-03,NA,NA,NA,NA,NA,NA,NA,NA,NA,NA,NA,NA,
NA,NA,NA,NA,NA,  4.67478E-03,  4.82040E-03,  4.97273E-03,  5.13217E-03,  5.29913E-03,  5.47409E-03,  5.65753E-03,  5.84996E-03,  6.05195E-03,  6.26407E-03,  6.48691E-03,  6.72109E-03,  6.96719E-03,  7.22580E-03,  7.49743E-03,NA,NA,NA,NA,NA,NA,NA,NA,NA,NA,NA,NA,NA,NA,NA,NA,NA,NA,NA,NA,NA,NA,NA,NA,NA,NA,NA,NA,NA,NA,NA,NA,NA,NA,NA,NA,NA,NA,NA,NA,NA,NA,NA,NA,NA,NA,NA,NA,  2.45338E-03,  2.26886E-03,  2.10024E-03,  1.94632E-03,  1.80592E-03,  1.67794E-03,  1.56133E-03,NA,NA,NA,NA,NA,NA,NA,NA,NA,NA,NA,
NA,NA,NA,NA,  4.56638E-03,  4.70870E-03,  4.85767E-03,  5.01372E-03,  5.17729E-03,  5.34887E-03,  5.52899E-03,  5.71823E-03,  5.91721E-03,  6.12660E-03,  6.34712E-03,  6.57953E-03,  6.82464E-03,  7.08327E-03,  7.35623E-03,  7.64434E-03,NA,NA,NA,NA,NA,NA,NA,NA,NA,NA,NA,NA,NA,NA,NA,NA,NA,NA,NA,NA,NA,NA,NA,NA,NA,NA,NA,NA,NA,NA,NA,NA,NA,NA,NA,NA,NA,NA,NA,NA,NA,NA,NA,NA,NA,NA,NA,NA,  2.35735E-03,  2.17040E-03,  2.00049E-03,  1.84623E-03,  1.70626E-03,  1.57934E-03,  1.46431E-03,NA,NA,NA,NA,NA,NA,NA,NA,NA,NA,NA,
NA,NA,NA,  4.45366E-03,  4.59210E-03,  4.73707E-03,  4.88899E-03,  5.04831E-03,  5.21553E-03,  5.39122E-03,  5.57596E-03,  5.77041E-03,  5.97532E-03,  6.19148E-03,  6.41976E-03,  6.66110E-03,  6.91652E-03,  7.18711E-03,  7.47398E-03,  7.77828E-03,NA,NA,NA,NA,NA,NA,NA,NA,NA,NA,NA,NA,NA,NA,NA,NA,NA,NA,NA,NA,NA,NA,NA,NA,NA,NA,NA,NA,NA,NA,NA,NA,NA,NA,NA,NA,NA,NA,NA,NA,NA,NA,NA,NA,NA,NA,NA,  2.45199E-03,  2.24385E-03,  2.05562E-03,  1.88556E-03,  1.73206E-03,  1.59359E-03,  1.46875E-03,  1.35624E-03,  1.25487E-03,NA,NA,NA,NA,NA,NA,NA,NA,NA,NA,
NA,NA,NA,  4.47175E-03,  4.61219E-03,  4.75938E-03,  4.91376E-03,  5.07584E-03,  5.24615E-03,  5.42532E-03,  5.61400E-03,  5.81295E-03,  6.02300E-03,  6.24508E-03,  6.48023E-03,  6.72958E-03,  6.99440E-03,  7.27604E-03,  7.57598E-03,  7.89576E-03,NA,NA,NA,NA,NA,NA,NA,NA,NA,NA,NA,NA,NA,NA,NA,NA,NA,NA,NA,NA,NA,NA,NA,NA,NA,NA,NA,NA,NA,NA,NA,NA,NA,NA,NA,NA,NA,NA,NA,NA,NA,NA,NA,NA,NA,NA,NA,  2.32052E-03,  2.11117E-03,  1.92307E-03,  1.75423E-03,  1.60279E-03,  1.46705E-03,  1.34544E-03,  1.23654E-03,  1.13903E-03,NA,NA,NA,NA,NA,NA,NA,NA,NA,NA,
NA,NA,  4.34874E-03,  4.48424E-03,  4.62623E-03,  4.77514E-03,  4.93144E-03,  5.09566E-03,  5.26840E-03,  5.45030E-03,  5.64211E-03,  5.84465E-03,  6.05886E-03,  6.28581E-03,  6.52667E-03,  6.78281E-03,  7.05573E-03,  7.34712E-03,  7.65882E-03,NA,NA,NA,NA,NA,NA,NA,NA,NA,NA,NA,NA,NA,NA,NA,NA,NA,NA,NA,NA,NA,NA,NA,NA,NA,NA,NA,NA,NA,NA,NA,NA,NA,NA,NA,NA,NA,NA,NA,NA,NA,NA,NA,NA,NA,NA,NA,NA,  2.16637E-03,  1.95755E-03,  1.77127E-03,  1.60525E-03,  1.45739E-03,  1.32579E-03,  1.20873E-03,  1.10463E-03,  1.01210E-03,  9.29863E-04,NA,NA,NA,NA,NA,NA,NA,NA,NA,
NA,NA,  4.35432E-03,  4.49077E-03,  4.63380E-03,  4.78387E-03,  4.94147E-03,  5.10715E-03,  5.28153E-03,  5.46531E-03,  5.65928E-03,  5.86435E-03,  6.08154E-03,  6.31202E-03,  6.55717E-03,  6.81852E-03,  7.09785E-03,  7.39717E-03,  7.71877E-03,NA,NA,NA,NA,NA,NA,NA,NA,NA,NA,NA,NA,NA,NA,NA,NA,NA,NA,NA,NA,NA,NA,NA,NA,NA,NA,NA,NA,NA,NA,NA,NA,NA,NA,NA,NA,NA,NA,NA,NA,NA,NA,NA,NA,NA,NA,NA,  2.22008E-03,  1.98738E-03,  1.78122E-03,  1.59875E-03,  1.43741E-03,  1.29487E-03,  1.16902E-03,  1.05797E-03,  9.60026E-04,  8.73688E-04,  7.97612E-04,  7.30609E-04,NA,NA,NA,NA,NA,NA,NA,NA,
NA,  4.22342E-03,  4.35410E-03,  4.49099E-03,  4.63452E-03,  4.78513E-03,  4.94333E-03,  5.10969E-03,  5.28484E-03,  5.46951E-03,  5.66454E-03,  5.87088E-03,  6.08964E-03,  6.32209E-03,  6.56975E-03,  6.83435E-03,  7.11793E-03,  7.42284E-03,  7.75182E-03,NA,NA,NA,NA,NA,NA,NA,NA,NA,NA,NA,NA,NA,NA,NA,NA,NA,NA,NA,NA,NA,NA,NA,NA,NA,NA,NA,NA,NA,NA,NA,NA,NA,NA,NA,NA,NA,NA,NA,NA,NA,NA,NA,NA,NA,NA,NA,  2.01032E-03,  1.78141E-03,  1.58039E-03,  1.40407E-03,  1.24958E-03,  1.11432E-03,  9.96008E-04,  8.92600E-04,  8.02289E-04,  7.23478E-04,  6.54760E-04,  5.94895E-04,NA,NA,NA,NA,NA,NA,NA,NA,
NA,  4.21720E-03,  4.34781E-03,  4.48461E-03,  4.62803E-03,  4.77851E-03,  4.93655E-03,  5.10272E-03,  5.27767E-03,  5.46213E-03,  5.65695E-03,  5.86313E-03,  6.08182E-03,  6.31440E-03,  6.56247E-03,  6.82794E-03,  7.11311E-03,  7.42065E-03,  7.75374E-03,NA,NA,NA,NA,NA,NA,NA,NA,NA,NA,NA,NA,NA,NA,NA,NA,NA,NA,NA,NA,NA,NA,NA,NA,NA,NA,NA,NA,NA,NA,NA,NA,NA,NA,NA,NA,NA,NA,NA,NA,NA,NA,NA,NA,NA,NA,  2.02328E-03,  1.76828E-03,  1.54632E-03,  1.35338E-03,  1.18589E-03,  1.04067E-03,  9.14910E-04,  8.06134E-04,  7.12163E-04,  6.31088E-04,  5.61240E-04,  5.01161E-04,  4.49577E-04,NA,NA,NA,NA,NA,NA,NA,NA,
  4.08094E-03,  4.20520E-03,  4.33522E-03,  4.47136E-03,  4.61402E-03,  4.76364E-03,  4.92069E-03,  5.08574E-03,  5.25941E-03,  5.44243E-03,  5.63565E-03,  5.84006E-03,  6.05684E-03,  6.28741E-03,  6.53344E-03,  6.79699E-03,  7.08054E-03,  7.38707E-03,  7.72019E-03,NA,NA,NA,NA,NA,NA,NA,NA,NA,NA,NA,NA,NA,NA,NA,NA,NA,NA,NA,NA,NA,NA,NA,NA,NA,NA,NA,NA,NA,NA,NA,NA,NA,NA,NA,NA,NA,NA,NA,NA,NA,NA,NA,NA,NA,NA,  1.73698E-03,  1.49137E-03,  1.28006E-03,  1.09857E-03,  9.42962E-04,  8.09767E-04,  6.95962E-04,  5.98910E-04,  5.16322E-04,  4.46211E-04,  3.86857E-04,  3.36773E-04,  2.94670E-04,  2.59438E-04,NA,NA,NA,NA,NA,NA,NA,
  4.06397E-03,  4.18723E-03,  4.31614E-03,  4.45101E-03,  4.59223E-03,  4.74021E-03,  4.89540E-03,  5.05831E-03,  5.22956E-03,  5.40981E-03,  5.59989E-03,  5.80076E-03,  6.01357E-03,  6.23972E-03,  6.48094E-03,  6.73933E-03,  7.01750E-03,  7.31869E-03,  7.64686E-03,NA,NA,NA,NA,NA,NA,NA,NA,NA,NA,NA,NA,NA,NA,NA,NA,NA,NA,NA,NA,NA,NA,NA,NA,NA,NA,NA,NA,NA,NA,NA,NA,NA,NA,NA,NA,NA,NA,NA,NA,NA,NA,NA,NA,NA,NA,  1.40859E-03,  1.17711E-03,  9.80749E-04,  8.14562E-04,  6.74261E-04,  5.56131E-04,  4.56967E-04,  3.74012E-04,  3.04896E-04,  2.47587E-04,  2.00342E-04,  1.61669E-04,  1.30292E-04,  1.05117E-04,NA,NA,NA,NA,NA,NA,NA,
  4.04142E-03,  4.16319E-03,  4.29041E-03,  4.42339E-03,  4.56246E-03,  4.70799E-03,  4.86038E-03,  5.02011E-03,  5.18769E-03,  5.36377E-03,  5.54906E-03,  5.74445E-03,  5.95104E-03,  6.17014E-03,  6.40343E-03,  6.65301E-03,  6.92152E-03,  7.21231E-03,  7.52965E-03,NA,NA,NA,NA,NA,NA,NA,NA,NA,NA,NA,NA,NA,NA,NA,NA,NA,NA,NA,NA,NA,NA,NA,NA,NA,NA,NA,NA,NA,NA,NA,NA,NA,NA,NA,NA,NA,NA,NA,NA,NA,NA,NA,NA,NA,NA,  1.03516E-03,  8.23311E-04,  6.46777E-04,  5.00202E-04,  3.79000E-04,  2.79258E-04,  1.97642E-04,  1.31321E-04,  7.78905E-05,  3.53106E-05,  1.85398E-06, -2.39429E-05, -4.33194E-05, -5.73246E-05, -6.68467E-05,NA,NA,NA,NA,NA,NA,
  4.01321E-03,  4.13299E-03,  4.25796E-03,  4.38839E-03,  4.52458E-03,  4.66681E-03,  4.81545E-03,  4.97088E-03,  5.13353E-03,  5.30393E-03,  5.48270E-03,  5.67058E-03,  5.86853E-03,  6.07773E-03,  6.29971E-03,  6.53644E-03,  6.79048E-03,  7.06517E-03,  7.36487E-03,NA,NA,NA,NA,NA,NA,NA,NA,NA,NA,NA,NA,NA,NA,NA,NA,NA,NA,NA,NA,NA,NA,NA,NA,NA,NA,NA,NA,NA,NA,NA,NA,NA,NA,NA,NA,NA,NA,NA,NA,NA,NA,NA,NA,NA,NA,  6.14067E-04,  4.28114E-04,  2.76883E-04,  1.54684E-04,  5.67170E-05, -2.10567E-05, -8.20276E-05, -1.29040E-04, -1.64476E-04, -1.90331E-04, -2.08277E-04, -2.19709E-04, -2.25798E-04, -2.27519E-04, -2.25691E-04,NA,NA,NA,NA,NA,NA,
  3.97932E-03,  4.09658E-03,  4.21873E-03,  4.34596E-03,  4.47851E-03,  4.61661E-03,  4.76052E-03,  4.91052E-03,  5.06693E-03,  5.23012E-03,  5.40056E-03,  5.57881E-03,  5.76561E-03,  5.96190E-03,  6.16896E-03,  6.38849E-03,  6.62283E-03,  6.87509E-03,  7.14954E-03,NA,NA,NA,NA,NA,NA,NA,NA,NA,NA,NA,NA,NA,NA,NA,NA,NA,NA,NA,NA,NA,NA,NA,NA,NA,NA,NA,NA,NA,NA,NA,NA,NA,NA,NA,NA,NA,NA,NA,NA,NA,NA,NA,NA,NA,  3.36545E-04,  1.43240E-04, -9.80869E-06, -1.29703E-04, -2.22349E-04, -2.92647E-04, -3.44658E-04, -3.81740E-04, -4.06669E-04, -4.21738E-04, -4.28840E-04, -4.29536E-04, -4.25114E-04, -4.16636E-04, -4.04975E-04, -3.90852E-04,NA,NA,NA,NA,NA,NA,
  3.93977E-03,  4.05401E-03,  4.17274E-03,  4.29612E-03,  4.42429E-03,  4.55741E-03,  4.69560E-03,  4.83904E-03,  4.98789E-03,  5.14233E-03,  5.30263E-03,  5.46909E-03,  5.64214E-03,  5.82242E-03,  6.01081E-03,  6.20861E-03,  6.41769E-03,  6.64075E-03,  6.88161E-03,NA,NA,NA,NA,NA,NA,NA,NA,NA,NA,NA,NA,NA,NA,NA,NA,NA,NA,NA,NA,NA,NA,NA,NA,NA,NA,NA,NA,NA,NA,NA,NA,NA,NA,NA,NA,NA,NA,NA,NA,NA,NA,NA,NA,NA, -2.28513E-04, -3.78660E-04, -4.91107E-04, -5.73140E-04, -6.30711E-04, -6.68672E-04, -6.90973E-04, -7.00828E-04, -7.00851E-04, -6.93162E-04, -6.79483E-04, -6.61210E-04, -6.39472E-04, -6.15182E-04, -5.89078E-04, -5.61752E-04, -5.33680E-04,NA,NA,NA,NA,NA,
  3.89462E-03,  4.00532E-03,  4.12007E-03,  4.23896E-03,  4.36202E-03,  4.48931E-03,  4.62084E-03,  4.75660E-03,  4.89659E-03,  5.04077E-03,  5.18912E-03,  5.34164E-03,  5.49840E-03,  5.65956E-03,  5.82550E-03,  5.99693E-03,  6.17505E-03,  6.36182E-03,  6.56034E-03,NA,NA,NA,NA,NA,NA,NA,NA,NA,NA,NA,NA,NA,NA,NA,NA,NA,NA,NA,NA,NA,NA,NA,NA,NA,NA,NA,NA,NA,NA,NA,NA,NA,NA,NA,NA,NA,NA,NA,NA,NA,NA,NA,NA,NA, -8.54922E-04, -9.52008E-04, -1.01558E-03, -1.05284E-03, -1.06957E-03, -1.07038E-03, -1.05895E-03, -1.03822E-03, -1.01052E-03, -9.77719E-04, -9.41280E-04, -9.02372E-04, -8.61914E-04, -8.20628E-04, -7.79079E-04, -7.37702E-04, -6.96835E-04,NA,NA,NA,NA,NA,
  3.84396E-03,  3.95065E-03,  4.06088E-03,  4.17464E-03,  4.29190E-03,  4.41255E-03,  4.53648E-03,  4.66351E-03,  4.79339E-03,  4.92585E-03,  5.06053E-03,  5.19705E-03,  5.33501E-03,  5.47404E-03,  5.61385E-03,  5.75436E-03,  5.89585E-03,  6.03924E-03,NA,NA,NA,NA,NA,NA,NA,NA,NA,NA,NA,NA,NA,NA,NA,NA,NA,NA,NA,NA,NA,NA,NA,NA,NA,NA,NA,NA,NA,NA,NA,NA,NA,NA,NA,NA,NA,NA,NA,NA,NA,NA,NA,NA,NA,NA, -1.54252E-03, -1.57598E-03, -1.58198E-03, -1.56733E-03, -1.53734E-03, -1.49616E-03, -1.44701E-03, -1.39240E-03, -1.33425E-03, -1.27407E-03, -1.21299E-03, -1.15188E-03, -1.09139E-03, -1.03202E-03, -9.74103E-04, -9.17905E-04, -8.63593E-04,NA,NA,NA,NA,NA,
  3.78798E-03,  3.89017E-03,  3.99535E-03,  4.10341E-03,  4.21419E-03,  4.32746E-03,  4.44293E-03,  4.56021E-03,  4.67883E-03,  4.79820E-03,  4.91760E-03,  5.03620E-03,  5.15307E-03,  5.26715E-03,  5.37736E-03,  5.48264E-03,  5.58211E-03,  5.67531E-03,NA,NA,NA,NA,NA,NA,NA,NA,NA,NA,NA,NA,NA,NA,NA,NA,NA,NA,NA,NA,NA,NA,NA,NA,NA,NA,NA,NA,NA,NA,NA,NA,NA,NA,NA,NA,NA,NA,NA,NA,NA,NA,NA,NA,NA, -2.30340E-03, -2.28945E-03, -2.24831E-03, -2.18789E-03, -2.11415E-03, -2.03163E-03, -1.94373E-03, -1.85302E-03, -1.76138E-03, -1.67022E-03, -1.58055E-03, -1.49310E-03, -1.40836E-03, -1.32667E-03, -1.24823E-03, -1.17315E-03, -1.10146E-03, -1.03314E-03,NA,NA,NA,NA,NA,
  3.72685E-03,  3.82412E-03,  3.92377E-03,  4.02558E-03,  4.12926E-03,  4.23446E-03,  4.34067E-03,  4.44731E-03,  4.55362E-03,  4.65867E-03,  4.76136E-03,  4.86033E-03,  4.95404E-03,  5.04068E-03,  5.11820E-03,  5.18440E-03,  5.23699E-03,  5.27379E-03,NA,NA,NA,NA,NA,NA,NA,NA,NA,NA,NA,NA,NA,NA,NA,NA,NA,NA,NA,NA,NA,NA,NA,NA,NA,NA,NA,NA,NA,NA,NA,NA,NA,NA,NA,NA,NA,NA,NA,NA,NA,NA,NA,NA,NA, -3.20320E-03, -3.09181E-03, -2.96509E-03, -2.82950E-03, -2.68973E-03, -2.54913E-03, -2.41008E-03, -2.27423E-03, -2.14271E-03, -2.01621E-03, -1.89519E-03, -1.77984E-03, -1.67024E-03, -1.56634E-03, -1.46801E-03, -1.37509E-03, -1.28735E-03, -1.20458E-03,NA,NA,NA,NA,NA,
  3.66084E-03,  3.75279E-03,  3.84645E-03,  3.94152E-03,  4.03757E-03,  4.13407E-03,  4.23034E-03,  4.32554E-03,  4.41863E-03,  4.50833E-03,  4.59308E-03,  4.67099E-03,  4.73982E-03,  4.79691E-03,  4.83919E-03,  4.86311E-03,  4.86476E-03,NA,NA,NA,NA,NA,NA,NA,NA,NA,NA,NA,NA,NA,NA,NA,NA,NA,NA,NA,NA,NA,NA,NA,NA,NA,NA,NA,NA,NA,NA,NA,NA,NA,NA,NA,NA,NA,NA,NA,NA,NA,NA,NA,NA,NA,NA, -4.16585E-03, -3.94343E-03, -3.72057E-03, -3.50159E-03, -3.28934E-03, -3.08562E-03, -2.89144E-03, -2.70734E-03, -2.53344E-03, -2.36965E-03, -2.21570E-03, -2.07121E-03, -1.93575E-03, -1.80883E-03, -1.68998E-03, -1.57869E-03, -1.47450E-03, -1.37693E-03, -1.28556E-03,NA,NA,NA,NA,
  3.59022E-03,  3.67649E-03,  3.76379E-03,  3.85169E-03,  3.93963E-03,  4.02690E-03,  4.11264E-03,  4.19576E-03,  4.27490E-03,  4.34840E-03,  4.41426E-03,  4.46999E-03,  4.51263E-03,  4.53862E-03,  4.54373E-03,  4.52300E-03,  4.47069E-03,NA,NA,NA,NA,NA,NA,NA,NA,NA,NA,NA,NA,NA,NA,NA,NA,NA,NA,NA,NA,NA,NA,NA,NA,NA,NA,NA,NA,NA,NA,NA,NA,NA,NA,NA,NA,NA,NA,NA,NA,NA,NA,NA,NA,NA, -5.54225E-03, -5.18172E-03, -4.83566E-03, -4.50707E-03, -4.19740E-03, -3.90710E-03, -3.63596E-03, -3.38336E-03, -3.14844E-03, -2.93019E-03, -2.72757E-03, -2.53951E-03, -2.36496E-03, -2.20291E-03, -2.05243E-03, -1.91261E-03, -1.78263E-03, -1.66172E-03, -1.54918E-03, -1.44434E-03,NA,NA,NA,NA,
  3.51533E-03,  3.59562E-03,  3.67622E-03,  3.75658E-03,  3.83602E-03,  3.91365E-03,  3.98840E-03,  4.05893E-03,  4.12357E-03,  4.18029E-03,  4.22659E-03,  4.25940E-03,  4.27502E-03,  4.26894E-03,  4.23574E-03,  4.16897E-03,  4.06095E-03,NA,NA,NA,NA,NA,NA,NA,NA,NA,NA,NA,NA,NA,NA,NA,NA,NA,NA,NA,NA,NA,NA,NA,NA,NA,NA,NA,NA,NA,NA,NA,NA,NA,NA,NA,NA,NA,NA,NA,NA,NA,NA,NA,NA,NA, -6.75804E-03, -6.23780E-03, -5.75730E-03, -5.31501E-03, -4.90874E-03, -4.53599E-03, -4.19417E-03, -3.88070E-03, -3.59314E-03, -3.32920E-03, -3.08674E-03, -2.86381E-03, -2.65865E-03, -2.46962E-03, -2.29528E-03, -2.13431E-03, -1.98551E-03, -1.84780E-03, -1.72022E-03, -1.60189E-03,NA,NA,NA,NA,
  3.43652E-03,  3.51057E-03,  3.58420E-03,  3.65675E-03,  3.72739E-03,  3.79506E-03,  3.85850E-03,  3.91611E-03,  3.96591E-03,  4.00550E-03,  4.03190E-03,  4.04146E-03,  4.02973E-03,  3.99127E-03,  3.91947E-03,  3.80636E-03,  3.64232E-03,NA,NA,NA,NA,NA,NA,NA,NA,NA,NA,NA,NA,NA,NA,NA,NA,NA,NA,NA,NA,NA,NA,NA,NA,NA,NA,NA,NA,NA,NA,NA,NA,NA,NA,NA,NA,NA,NA,NA,NA,NA,NA,NA,NA,NA,NA, -7.31781E-03, -6.69473E-03, -6.13299E-03, -5.62606E-03, -5.16800E-03, -4.75349E-03, -4.37776E-03, -4.03662E-03, -3.72633E-03, -3.44363E-03, -3.18560E-03, -2.94970E-03, -2.73366E-03, -2.53548E-03, -2.35340E-03, -2.18586E-03, -2.03145E-03, -1.88895E-03, -1.75726E-03,NA,NA,NA,NA,
  3.35419E-03,  3.42180E-03,  3.48826E-03,  3.55279E-03,  3.61442E-03,  3.67194E-03,  3.72389E-03,  3.76841E-03,  3.80325E-03,  3.82563E-03,  3.83212E-03,  3.81852E-03,  3.77965E-03,  3.70919E-03,  3.59938E-03,  3.44079E-03,  3.22192E-03,NA,NA,NA,NA,NA,NA,NA,NA,NA,NA,NA,NA,NA,NA,NA,NA,NA,NA,NA,NA,NA,NA,NA,NA,NA,NA,NA,NA,NA,NA,NA,NA,NA,NA,NA,NA,NA,NA,NA,NA,NA,NA,NA,NA,NA,NA,NA, -7.63220E-03, -6.94810E-03, -6.33872E-03, -5.79432E-03, -5.30658E-03, -4.86841E-03, -4.47371E-03, -4.11726E-03, -3.79457E-03, -3.50175E-03, -3.23544E-03, -2.99271E-03, -2.77103E-03, -2.56818E-03, -2.38220E-03, -2.21139E-03, -2.05425E-03, -1.90943E-03,NA,NA,NA,NA,
  3.26873E-03,  3.32976E-03,  3.38892E-03,  3.44530E-03,  3.49782E-03,  3.54512E-03,  3.58553E-03,  3.61698E-03,  3.63695E-03,  3.64231E-03,  3.62922E-03,  3.59295E-03,  3.52770E-03,  3.42629E-03,  3.27996E-03,  3.07790E-03,  2.80690E-03,NA,NA,NA,NA,NA,NA,NA,NA,NA,NA,NA,NA,NA,NA,NA,NA,NA,NA,NA,NA,NA,NA,NA,NA,NA,NA,NA,NA,NA,NA,NA,NA,NA,NA,NA,NA,NA,NA,NA,NA,NA,NA,NA,NA,NA,NA,NA,NA, -7.74629E-03, -7.03528E-03, -6.40558E-03, -5.84575E-03, -5.34626E-03, -4.89910E-03, -4.49752E-03, -4.13580E-03, -3.80907E-03, -3.51315E-03, -3.24448E-03, -2.99996E-03, -2.77692E-03, -2.57305E-03, -2.38632E-03, -2.21497E-03, -2.05744E-03,NA,NA,NA,NA,
  3.18058E-03,  3.23495E-03,  3.28673E-03,  3.33494E-03,  3.37834E-03,  3.41545E-03,  3.44442E-03,  3.46299E-03,  3.46838E-03,  3.45716E-03,  3.42514E-03,  3.36712E-03,  3.27672E-03,  3.14608E-03,  2.96551E-03,  2.72307E-03,  2.40406E-03,NA,NA,NA,NA,NA,NA,NA,NA,NA,NA,NA,NA,NA,NA,NA,NA,NA,NA,NA,NA,NA,NA,NA,NA,NA,NA,NA,NA,NA,NA,NA,NA,NA,NA,NA,NA,NA,NA,NA,NA,NA,NA,NA,NA,NA,NA,NA,NA, -8.51298E-03, -7.70400E-03, -6.99224E-03, -6.36317E-03, -5.80487E-03, -5.30744E-03, -4.86265E-03, -4.46357E-03, -4.10439E-03, -3.78016E-03, -3.48666E-03, -3.22029E-03, -2.97794E-03, -2.75695E-03, -2.55499E-03, -2.37003E-03, -2.20031E-03,NA,NA,NA,NA,
  3.09018E-03,  3.13786E-03,  3.18228E-03,  3.22233E-03,  3.25671E-03,  3.28377E-03,  3.30154E-03,  3.30757E-03,  3.29888E-03,  3.27177E-03,  3.22175E-03,  3.14324E-03,  3.02940E-03,  2.87181E-03,  2.66004E-03,  2.38125E-03,  2.01957E-03,NA,NA,NA,NA,NA,NA,NA,NA,NA,NA,NA,NA,NA,NA,NA,NA,NA,NA,NA,NA,NA,NA,NA,NA,NA,NA,NA,NA,NA,NA,NA,NA,NA,NA,NA,NA,NA,NA,NA,NA,NA,NA,NA,NA,NA,NA,NA,NA,NA, -8.33328E-03, -7.54493E-03, -6.85121E-03, -6.23797E-03, -5.69354E-03, -5.20832E-03, -4.77426E-03, -4.38467E-03, -4.03387E-03, -3.71705E-03, -3.43014E-03, -3.16963E-03, -2.93250E-03, -2.71616E-03, -2.51836E-03, -2.33713E-03,NA,NA,NA,NA,
  2.99795E-03,  3.03899E-03,  3.07610E-03,  3.10813E-03,  3.13364E-03,  3.15092E-03,  3.15785E-03,  3.15184E-03,  3.12972E-03,  3.08762E-03,  3.02078E-03,  2.92337E-03,  2.78819E-03,  2.60638E-03,  2.36705E-03,  2.05669E-03,  1.65868E-03,NA,NA,NA,NA,NA,NA,NA,NA,NA,NA,NA,NA,NA,NA,NA,NA,NA,NA,NA,NA,NA,NA,NA,NA,NA,NA,NA,NA,NA,NA,NA,NA,NA,NA,NA,NA,NA,NA,NA,NA,NA,NA,NA,NA,NA,NA,NA,NA,NA,NA, -8.05483E-03, -7.30270E-03, -6.63967E-03, -6.05255E-03, -5.53049E-03, -5.06449E-03, -4.64705E-03, -4.27187E-03, -3.93361E-03, -3.62776E-03, -3.35045E-03, -3.09839E-03, -2.86872E-03, -2.65898E-03, -2.46703E-03,NA,NA,NA,NA,
  2.90435E-03,  2.93882E-03,  2.96876E-03,  2.99294E-03,  3.00986E-03,  3.01770E-03,  3.01425E-03,  2.99681E-03,  2.96209E-03,  2.90607E-03,  2.82382E-03,  2.70933E-03,  2.55518E-03,  2.35229E-03,  2.08945E-03,  1.75286E-03,  1.32547E-03,NA,NA,NA,NA,NA,NA,NA,NA,NA,NA,NA,NA,NA,NA,NA,NA,NA,NA,NA,NA,NA,NA,NA,NA,NA,NA,NA,NA,NA,NA,NA,NA,NA,NA,NA,NA,NA,NA,NA,NA,NA,NA,NA,NA,NA,NA,NA,NA,NA,NA, -8.51411E-03, -7.71124E-03, -7.00472E-03, -6.38010E-03, -5.82553E-03, -5.33120E-03, -4.88896E-03, -4.49196E-03, -4.13445E-03, -3.81153E-03, -3.51904E-03, -3.25343E-03, -3.01162E-03, -2.79098E-03, -2.58921E-03,NA,NA,NA,NA,
  2.80981E-03,  2.83785E-03,  2.86080E-03,  2.87738E-03,  2.88603E-03,  2.88486E-03,  2.87159E-03,  2.84345E-03,  2.79707E-03,  2.72833E-03,  2.63224E-03,  2.50267E-03,  2.33215E-03,  2.11151E-03,  1.82949E-03,  1.47226E-03,  1.02281E-03,NA,NA,NA,NA,NA,NA,NA,NA,NA,NA,NA,NA,NA,NA,NA,NA,NA,NA,NA,NA,NA,NA,NA,NA,NA,NA,NA,NA,NA,NA,NA,NA,NA,NA,NA,NA,NA,NA,NA,NA,NA,NA,NA,NA,NA,NA,NA,NA,NA,NA, -8.91619E-03, -8.07145E-03, -7.32866E-03, -6.67249E-03, -6.09033E-03, -5.57177E-03, -5.10816E-03, -4.69225E-03, -4.31794E-03, -3.98004E-03, -3.67417E-03, -3.39654E-03, -3.14394E-03, -2.91355E-03, -2.70297E-03,NA,NA,NA,NA,
  2.71474E-03,  2.73652E-03,  2.75272E-03,  2.76201E-03,  2.76278E-03,  2.75310E-03,  2.73066E-03,  2.69263E-03,  2.63561E-03,  2.55546E-03,  2.44718E-03,  2.30466E-03,  2.12045E-03,  1.88550E-03,  1.58870E-03,  1.21649E-03,  7.52251E-04,NA,NA,NA,NA,NA,NA,NA,NA,NA,NA,NA,NA,NA,NA,NA,NA,NA,NA,NA,NA,NA,NA,NA,NA,NA,NA,NA,NA,NA,NA,NA,NA,NA,NA,NA,NA,NA,NA,NA,NA,NA,NA,NA,NA,NA,NA,NA,NA,NA,NA,NA, -8.37915E-03, -7.60800E-03, -6.92676E-03, -6.32237E-03, -5.78406E-03, -5.30283E-03, -4.87117E-03, -4.48272E-03, -4.13213E-03, -3.81481E-03, -3.52684E-03, -3.26487E-03, -3.02599E-03, -2.80768E-03,NA,NA,NA,NA,
  2.61954E-03,  2.63529E-03,  2.64502E-03,  2.64736E-03,  2.64069E-03,  2.62306E-03,  2.59213E-03,  2.54507E-03,  2.47851E-03,  2.38832E-03,  2.26956E-03,  2.11622E-03,  1.92104E-03,  1.67519E-03,  1.36792E-03,  9.86202E-04,  5.14126E-04,NA,NA,NA,NA,NA,NA,NA,NA,NA,NA,NA,NA,NA,NA,NA,NA,NA,NA,NA,NA,NA,NA,NA,NA,NA,NA,NA,NA,NA,NA,NA,NA,NA,NA,NA,NA,NA,NA,NA,NA,NA,NA,NA,NA,NA,NA,NA,NA,NA,NA,NA, -8.63153E-03, -7.84031E-03, -7.14082E-03, -6.51986E-03, -5.96649E-03, -5.47159E-03, -5.02749E-03, -4.62774E-03, -4.26685E-03, -3.94014E-03, -3.64360E-03, -3.37379E-03, -3.12773E-03,NA,NA,NA,NA,NA,
  2.52459E-03,  2.53457E-03,  2.53813E-03,  2.53392E-03,  2.52029E-03,  2.49529E-03,  2.45661E-03,  2.40144E-03,  2.32644E-03,  2.22759E-03,  2.10006E-03,  1.93804E-03,  1.73450E-03,  1.48101E-03,  1.16736E-03,  7.81216E-04,  3.07675E-04, -2.71277E-04,NA,NA,NA,NA,NA,NA,NA,NA,NA,NA,NA,NA,NA,NA,NA,NA,NA,NA,NA,NA,NA,NA,NA,NA,NA,NA,NA,NA,NA,NA,NA,NA,NA,NA,NA,NA,NA,NA,NA,NA,NA,NA,NA,NA,NA,NA,NA,NA,NA,NA, -8.82719E-03, -8.02428E-03, -7.31346E-03, -6.68167E-03, -6.11805E-03, -5.61352E-03, -5.16041E-03, -4.75226E-03, -4.38354E-03, -4.04956E-03, -3.74627E-03, -3.47020E-03, -3.21833E-03,NA,NA,NA,NA,NA,
  2.43025E-03,  2.43473E-03,  2.43248E-03,  2.42212E-03,  2.40204E-03,  2.37031E-03,  2.32462E-03,  2.26225E-03,  2.17994E-03,  2.07379E-03,  1.93915E-03,  1.77046E-03,  1.56106E-03,  1.30298E-03,  9.86656E-04,  6.00647E-04,  1.31239E-04, -4.37986E-04,NA,NA,NA,NA,NA,NA,NA,NA,NA,NA,NA,NA,NA,NA,NA,NA,NA,NA,NA,NA,NA,NA,NA,NA,NA,NA,NA,NA,NA,NA,NA,NA,NA,NA,NA,NA,NA,NA,NA,NA,NA,NA,NA,NA,NA,NA,NA,NA,NA,NA,NA, -8.15968E-03, -7.44434E-03, -6.80741E-03, -6.23833E-03, -5.72820E-03, -5.26950E-03, -4.85585E-03, -4.48180E-03, -4.14269E-03, -3.83451E-03, -3.55377E-03, -3.29748E-03,NA,NA,NA,NA,NA,
  2.33685E-03,  2.33614E-03,  2.32843E-03,  2.31237E-03,  2.28636E-03,  2.24852E-03,  2.19659E-03,  2.12793E-03,  2.03939E-03,  1.92726E-03,  1.78709E-03,  1.61363E-03,  1.40065E-03,  1.14070E-03,  8.24994E-04,  4.43055E-04, -1.75167E-05, -5.71408E-04, -1.23597E-03,NA,NA,NA,NA,NA,NA,NA,NA,NA,NA,NA,NA,NA,NA,NA,NA,NA,NA,NA,NA,NA,NA,NA,NA,NA,NA,NA,NA,NA,NA,NA,NA,NA,NA,NA,NA,NA,NA,NA,NA,NA,NA,NA,NA,NA,NA,NA,NA,NA,NA, -8.24735E-03, -7.53398E-03, -6.89738E-03, -6.32745E-03, -5.81564E-03, -5.35469E-03, -4.93842E-03, -4.56150E-03, -4.21939E-03, -3.90814E-03, -3.62434E-03, -3.36502E-03,NA,NA,NA,NA,NA,
  2.24469E-03,  2.23910E-03,  2.22631E-03,  2.20500E-03,  2.17360E-03,  2.13027E-03,  2.07285E-03,  1.99878E-03,  1.90507E-03,  1.78819E-03,  1.64396E-03,  1.46746E-03,  1.25292E-03,  9.93516E-04,  6.81219E-04,  3.06607E-04, -1.41365E-04, -6.75612E-04, -1.31118E-03,NA,NA,NA,NA,NA,NA,NA,NA,NA,NA,NA,NA,NA,NA,NA,NA,NA,NA,NA,NA,NA,NA,NA,NA,NA,NA,NA,NA,NA,NA,NA,NA,NA,NA,NA,NA,NA,NA,NA,NA,NA,NA,NA,NA,NA,NA,NA,NA,NA,NA, -8.28906E-03, -7.58367E-03, -6.95251E-03, -6.38609E-03, -5.87632E-03, -5.41632E-03, -5.00017E-03, -4.62276E-03, -4.27971E-03, -3.96718E-03, -3.68188E-03, -3.42090E-03,NA,NA,NA,NA,NA,
  2.15403E-03,  2.14389E-03,  2.12642E-03,  2.10031E-03,  2.06405E-03,  2.01585E-03,  1.95366E-03,  1.87503E-03,  1.77714E-03,  1.65665E-03,  1.50969E-03,  1.33170E-03,  1.11738E-03,  8.60534E-04,  5.53946E-04,  1.89237E-04, -2.43295E-04, -7.54836E-04, -1.35822E-03, -2.06807E-03,NA,NA,NA,NA,NA,NA,NA,NA,NA,NA,NA,NA,NA,NA,NA,NA,NA,NA,NA,NA,NA,NA,NA,NA,NA,NA,NA,NA,NA,NA,NA,NA,NA,NA,NA,NA,NA,NA,NA,NA,NA,NA,NA,NA,NA,NA,NA,NA,NA, -8.28735E-03, -7.59536E-03, -6.97428E-03, -6.41536E-03, -5.91110E-03, -5.45504E-03, -5.04160E-03, -4.66595E-03, -4.32392E-03, -4.01184E-03, -3.72654E-03,NA,NA,NA,NA,NA,NA,
  2.06512E-03,  2.05078E-03,  2.02900E-03,  1.99854E-03,  1.95793E-03,  1.90548E-03,  1.83920E-03,  1.75682E-03,  1.65565E-03,  1.53261E-03,  1.38410E-03,  1.20596E-03,  9.93361E-04,  7.40736E-04,  4.41667E-04,  8.87878E-05, -3.26319E-04, -8.13216E-04, -1.38269E-03, -2.04682E-03,NA,NA,NA,NA,NA,NA,NA,NA,NA,NA,NA,NA,NA,NA,NA,NA,NA,NA,NA,NA,NA,NA,NA,NA,NA,NA,NA,NA,NA,NA,NA,NA,NA,NA,NA,NA,NA,NA,NA,NA,NA,NA,NA,NA,NA,NA,NA,NA,NA, -8.24544E-03, -7.57153E-03, -6.96463E-03, -6.41680E-03, -5.92117E-03, -5.47177E-03, -5.06343E-03, -4.69165E-03, -4.35247E-03, -4.04246E-03, -3.75858E-03,NA,NA,NA,NA,NA,NA,
  1.97817E-03,  1.95995E-03,  1.93426E-03,  1.89989E-03,  1.85544E-03,  1.79930E-03,  1.72961E-03,  1.64420E-03,  1.54059E-03,  1.41593E-03,  1.26692E-03,  1.08976E-03,  8.80123E-04,  6.33035E-04,  3.42843E-04,  3.13256E-06, -3.93321E-04, -8.54603E-04, -1.38968E-03, -2.00837E-03, -2.72129E-03,NA,NA,NA,NA,NA,NA,NA,NA,NA,NA,NA,NA,NA,NA,NA,NA,NA,NA,NA,NA,NA,NA,NA,NA,NA,NA,NA,NA,NA,NA,NA,NA,NA,NA,NA,NA,NA,NA,NA,NA,NA,NA,NA,NA,NA,NA,NA,NA, -8.16698E-03, -7.51511E-03, -6.92590E-03, -6.39226E-03, -5.90801E-03, -5.46771E-03, -5.06663E-03, -4.70061E-03, -4.36598E-03, -4.05953E-03, -3.77840E-03,NA,NA,NA,NA,NA,NA,
  1.89336E-03,  1.87160E-03,  1.84237E-03,  1.80452E-03,  1.75672E-03,  1.69744E-03,  1.62493E-03,  1.53717E-03,  1.43188E-03,  1.30642E-03,  1.15780E-03,  9.82578E-04,  7.76888E-04,  5.36334E-04,  2.55970E-04, -6.97391E-05, -4.46946E-04, -8.82424E-04, -1.38355E-03, -1.95824E-03, -2.61486E-03, -3.36200E-03,NA,NA,NA,NA,NA,NA,NA,NA,NA,NA,NA,NA,NA,NA,NA,NA,NA,NA,NA,NA,NA,NA,NA,NA,NA,NA,NA,NA,NA,NA,NA,NA,NA,NA,NA,NA,NA,NA,NA,NA,NA,NA,NA,NA,NA,NA,NA, -8.05593E-03, -7.42928E-03, -6.86066E-03, -6.34384E-03, -5.87332E-03, -5.44425E-03, -5.05233E-03, -4.69377E-03, -4.36521E-03, -4.06367E-03,NA,NA,NA,NA,NA,NA,NA,
  1.81085E-03,  1.78587E-03,  1.75347E-03,  1.71256E-03,  1.66186E-03,  1.59994E-03,  1.52518E-03,  1.43570E-03,  1.32939E-03,  1.20384E-03,  1.05635E-03,  8.83845E-04,  6.82870E-04,  4.49567E-04,  1.79640E-04, -1.31659E-04, -4.89533E-04, -8.99619E-04, -1.36794E-03, -1.90085E-03, -2.50486E-03, -3.18650E-03,NA,NA,NA,NA,NA,NA,NA,NA,NA,NA,NA,NA,NA,NA,NA,NA,NA,NA,NA,NA,NA,NA,NA,NA,NA,NA,NA,NA,NA,NA,NA,NA,NA,NA,NA,NA,NA,NA,NA,NA,NA,NA,NA,NA,NA,NA,NA, -7.91640E-03, -7.31742E-03, -6.77167E-03, -6.27380E-03, -5.81897E-03, -5.40291E-03, -5.02177E-03, -4.67216E-03, -4.35100E-03, -4.05559E-03,NA,NA,NA,NA,NA,NA,NA,
  1.73075E-03,  1.70288E-03,  1.66767E-03,  1.62407E-03,  1.57091E-03,  1.50683E-03,  1.43033E-03,  1.33967E-03,  1.23293E-03,  1.10792E-03,  9.62188E-04,  7.93001E-04,  5.97310E-04,  3.71737E-04,  1.12568E-04, -1.84249E-04, -5.23090E-04, -9.08627E-04, -1.34576E-03, -1.83955E-03, -2.39507E-03, -3.01726E-03, -3.71071E-03,NA,NA,NA,NA,NA,NA,NA,NA,NA,NA,NA,NA,NA,NA,NA,NA,NA,NA,NA,NA,NA,NA,NA,NA,NA,NA,NA,NA,NA,NA,NA,NA,NA,NA,NA,NA,NA,NA,NA,NA,NA,NA,NA,NA,NA,NA, -7.75252E-03, -7.18293E-03, -6.66177E-03, -6.18449E-03, -5.74692E-03, -5.34533E-03, -4.97634E-03, -4.63692E-03, -4.32432E-03, -4.03610E-03,NA,NA,NA,NA,NA,NA,NA,
NA,  1.62272E-03,  1.58503E-03,  1.53913E-03,  1.48390E-03,  1.41810E-03,  1.34032E-03,  1.24898E-03,  1.14232E-03,  1.01835E-03,  8.74887E-04,  7.09495E-04,  5.19488E-04,  3.01926E-04,  5.36111E-05, -2.28904E-04, -5.49290E-04, -9.11406E-04, -1.31923E-03, -1.77680E-03, -2.28805E-03, -2.85673E-03, -3.48619E-03, -4.17921E-03,NA,NA,NA,NA,NA,NA,NA,NA,NA,NA,NA,NA,NA,NA,NA,NA,NA,NA,NA,NA,NA,NA,NA,NA,NA,NA,NA,NA,NA,NA,NA,NA,NA,NA,NA,NA,NA,NA,NA,NA,NA,NA,NA,NA, -8.15527E-03, -7.56830E-03, -7.02919E-03, -6.53380E-03, -6.07829E-03, -5.65917E-03, -5.27320E-03, -4.91745E-03, -4.58925E-03, -4.28619E-03,NA,NA,NA,NA,NA,NA,NA,NA,
NA,  1.54545E-03,  1.50561E-03,  1.45775E-03,  1.40083E-03,  1.33371E-03,  1.25507E-03,  1.16348E-03,  1.05733E-03,  9.34837E-04,  7.94048E-04,  6.32801E-04,  4.48741E-04,  2.39315E-04,  1.77452E-06, -2.66804E-04, -5.69495E-04, -9.09484E-04, -1.29001E-03, -1.71427E-03, -2.18536E-03, -2.70612E-03, -3.27902E-03, -3.90603E-03,NA,NA,NA,NA,NA,NA,NA,NA,NA,NA,NA,NA,NA,NA,NA,NA,NA,NA,NA,NA,NA,NA,NA,NA,NA,NA,NA,NA,NA,NA,NA,NA,NA,NA,NA,NA,NA,NA,NA,NA,NA,NA,NA,NA, -7.91819E-03, -7.36758E-03, -6.85947E-03, -6.39051E-03, -5.95757E-03, -5.55772E-03, -5.18821E-03, -4.84654E-03, -4.53040E-03, -4.23764E-03,NA,NA,NA,NA,NA,NA,NA,NA,
NA,NA,  1.42943E-03,  1.37993E-03,  1.32167E-03,  1.25358E-03,  1.17446E-03,  1.08299E-03,  9.77733E-04,  8.57077E-04,  7.19276E-04,  5.62425E-04,  3.84462E-04,  1.83174E-04, -4.37958E-05, -2.98926E-04, -5.84791E-04, -9.04020E-04, -1.25925E-03, -1.65304E-03, -2.08781E-03, -2.56575E-03, -3.08871E-03, -3.65809E-03,NA,NA,NA,NA,NA,NA,NA,NA,NA,NA,NA,NA,NA,NA,NA,NA,NA,NA,NA,NA,NA,NA,NA,NA,NA,NA,NA,NA,NA,NA,NA,NA,NA,NA,NA,NA,NA,NA,NA,NA,NA,NA,NA,NA, -7.66846E-03, -7.15393E-03, -6.67684E-03, -6.23457E-03, -5.82461E-03, -5.44453E-03, -5.09206E-03, -4.76507E-03, -4.46159E-03,NA,NA,NA,NA,NA,NA,NA,NA,NA,
NA,NA,  1.35649E-03,  1.30566E-03,  1.24637E-03,  1.17764E-03,  1.09836E-03,  1.00736E-03,  9.03303E-04,  7.84768E-04,  6.50198E-04,  4.97911E-04,  3.26106E-04,  1.32867E-04, -8.38246E-05, -3.26071E-04, -5.96027E-04, -8.95870E-04, -1.22775E-03, -1.59372E-03, -1.99570E-03, -2.43539E-03, -2.91417E-03, -3.43308E-03, -3.99274E-03,NA,NA,NA,NA,NA,NA,NA,NA,NA,NA,NA,NA,NA,NA,NA,NA,NA,NA,NA,NA,NA,NA,NA,NA,NA,NA,NA,NA,NA,NA,NA,NA,NA,NA,NA,NA,NA,NA,NA,NA,NA,NA, -7.92379E-03, -7.40982E-03, -6.93060E-03, -6.48415E-03, -6.06847E-03, -5.68155E-03, -5.32148E-03, -4.98637E-03, -4.67445E-03, -4.38405E-03,NA,NA,NA,NA,NA,NA,NA,NA,NA,
NA,NA,NA,  1.23489E-03,  1.17486E-03,  1.10578E-03,  1.02665E-03,  9.36384E-04,  8.33802E-04,  7.17620E-04,  5.86459E-04,  4.38837E-04,  2.73184E-04,  8.78401E-05, -1.18923E-04, -3.48888E-04, -6.03864E-04, -8.85653E-04, -1.19602E-03, -1.53661E-03, -1.90897E-03, -2.31442E-03, -2.75401E-03, -3.22852E-03, -3.73839E-03,NA,NA,NA,NA,NA,NA,NA,NA,NA,NA,NA,NA,NA,NA,NA,NA,NA,NA,NA,NA,NA,NA,NA,NA,NA,NA,NA,NA,NA,NA,NA,NA,NA,NA,NA,NA,NA,NA,NA,NA,NA,NA, -7.62045E-03, -7.14556E-03, -6.70055E-03, -6.28403E-03, -5.89450E-03, -5.53045E-03, -5.19035E-03, -4.87269E-03, -4.57604E-03,NA,NA,NA,NA,NA,NA,NA,NA,NA,NA,
NA,NA,NA,NA,  1.10707E-03,  1.03790E-03,  9.59167E-04,  8.69888E-04,  7.68998E-04,  6.55352E-04,  5.27726E-04,  3.84819E-04,  2.25258E-04,  4.76107E-05, -1.49606E-04, -3.67905E-04, -6.08805E-04, -8.73805E-04, -1.16435E-03, -1.48179E-03, -1.82734E-03, -2.20205E-03, -2.60674E-03, -3.04198E-03, -3.50809E-03, -4.00509E-03,NA,NA,NA,NA,NA,NA,NA,NA,NA,NA,NA,NA,NA,NA,NA,NA,NA,NA,NA,NA,NA,NA,NA,NA,NA,NA,NA,NA,NA,NA,NA,NA,NA,NA,NA,NA,NA,NA,NA,NA,NA, -7.31624E-03, -6.87856E-03, -6.46639E-03, -6.07880E-03, -5.71476E-03, -5.37315E-03, -5.05279E-03, -4.75251E-03, -4.47113E-03,NA,NA,NA,NA,NA,NA,NA,NA,NA,NA,
NA,NA,NA,NA,  1.04289E-03,  9.73870E-04,  8.95763E-04,  8.07679E-04,  7.08663E-04,  5.97694E-04,  4.73688E-04,  3.35502E-04,  1.81939E-04,  1.17591E-05, -1.76308E-04, -3.83549E-04, -6.11240E-04, -8.60631E-04, -1.13291E-03, -1.42918E-03, -1.75042E-03, -2.09744E-03, -2.47089E-03, -2.87120E-03, -3.29856E-03, -3.75297E-03,NA,NA,NA,NA,NA,NA,NA,NA,NA,NA,NA,NA,NA,NA,NA,NA,NA,NA,NA,NA,NA,NA,NA,NA,NA,NA,NA,NA,NA,NA,NA,NA,NA,NA,NA,NA,NA,NA,NA,NA, -7.43827E-03, -7.01381E-03, -6.61128E-03, -6.23037E-03, -5.87055E-03, -5.53115E-03, -5.21136E-03, -4.91034E-03, -4.62718E-03,NA,NA,NA,NA,NA,NA,NA,NA,NA,NA,NA,
NA,NA,NA,NA,NA,  9.13567E-04,  8.36281E-04,  7.49568E-04,  6.52574E-04,  5.44389E-04,  4.24053E-04,  2.90563E-04,  1.42875E-04, -2.00826E-05, -1.99400E-04, -3.96171E-04, -6.11471E-04, -8.46342E-04, -1.10177E-03, -1.37864E-03, -1.67775E-03, -1.99974E-03, -2.34510E-03, -2.71415E-03, -3.10700E-03, -3.52358E-03, -3.96362E-03,NA,NA,NA,NA,NA,NA,NA,NA,NA,NA,NA,NA,NA,NA,NA,NA,NA,NA,NA,NA,NA,NA,NA,NA,NA,NA,NA,NA,NA,NA,NA,NA,NA,NA,NA,NA,NA,NA, -7.50866E-03, -7.10304E-03, -6.71533E-03, -6.34580E-03, -5.99446E-03, -5.66109E-03, -5.34531E-03, -5.04661E-03, -4.76437E-03,NA,NA,NA,NA,NA,NA,NA,NA,NA,NA,NA,NA,
NA,NA,NA,NA,NA,NA,  7.80561E-04,  6.95368E-04,  6.00514E-04,  4.95190E-04,  3.78547E-04,  2.49703E-04,  1.07750E-04, -4.82395E-05, -2.19201E-04, -4.06064E-04, -6.09736E-04, -8.31086E-04, -1.07093E-03, -1.32998E-03, -1.60889E-03, -1.90816E-03, -2.22815E-03, -2.56909E-03, -2.93100E-03, -3.31378E-03, -3.71711E-03,NA,NA,NA,NA,NA,NA,NA,NA,NA,NA,NA,NA,NA,NA,NA,NA,NA,NA,NA,NA,NA,NA,NA,NA,NA,NA,NA,NA,NA,NA,NA,NA,NA,NA,NA,NA,NA,NA, -7.14430E-03, -6.77621E-03, -6.42255E-03, -6.08383E-03, -5.76030E-03, -5.45198E-03, -5.15872E-03, -4.88023E-03, -4.61613E-03,NA,NA,NA,NA,NA,NA,NA,NA,NA,NA,NA,NA,
NA,NA,NA,NA,NA,NA,  7.28442E-04,  6.44894E-04,  5.52273E-04,  4.49862E-04,  3.36911E-04,  2.12646E-04,  7.62753E-05, -7.30025E-05, -2.35990E-04, -4.13477E-04, -6.06230E-04, -8.14974E-04, -1.04038E-03, -1.28303E-03, -1.54344E-03, -1.82200E-03, -2.11897E-03, -2.43449E-03, -2.76854E-03, -3.12093E-03, -3.49134E-03, -3.87925E-03,NA,NA,NA,NA,NA,NA,NA,NA,NA,NA,NA,NA,NA,NA,NA,NA,NA,NA,NA,NA,NA,NA,NA,NA,NA,NA,NA,NA,NA,NA,NA,NA,NA,NA,NA,NA, -7.13708E-03, -6.79283E-03, -6.45909E-03, -6.13686E-03, -5.82678E-03, -5.52927E-03, -5.24454E-03, -4.97263E-03, -4.71342E-03,NA,NA,NA,NA,NA,NA,NA,NA,NA,NA,NA,NA,NA,
NA,NA,NA,NA,NA,NA,NA,  5.97962E-04,  5.07647E-04,  4.08181E-04,  2.98903E-04,  1.79134E-04,  4.81865E-05, -9.46341E-05, -2.50015E-04, -4.18629E-04, -6.01119E-04, -7.98091E-04, -1.01009E-03, -1.23760E-03, -1.48102E-03, -1.74064E-03, -2.01664E-03, -2.30909E-03, -2.61791E-03, -2.94289E-03, -3.28364E-03, -3.63964E-03, -4.01017E-03,NA,NA,NA,NA,NA,NA,NA,NA,NA,NA,NA,NA,NA,NA,NA,NA,NA,NA,NA,NA,NA,NA,NA,NA,NA,NA,NA,NA,NA,NA,NA,NA,NA,NA, -7.08232E-03, -6.76535E-03, -6.45502E-03, -6.15266E-03, -5.85931E-03, -5.57574E-03, -5.30248E-03, -5.03988E-03, -4.78811E-03,NA,NA,NA,NA,NA,NA,NA,NA,NA,NA,NA,NA,NA,NA,
NA,NA,NA,NA,NA,NA,NA,NA,  4.66437E-04,  3.69931E-04,  2.64293E-04,  1.48929E-04,  2.32392E-05, -1.13375E-04, -2.61502E-04, -4.21712E-04, -5.94548E-04, -7.80510E-04, -9.80047E-04, -1.19354E-03, -1.42130E-03, -1.66355E-03, -1.92039E-03, -2.19182E-03, -2.47773E-03, -2.77785E-03, -3.09180E-03, -3.41900E-03, -3.75874E-03,NA,NA,NA,NA,NA,NA,NA,NA,NA,NA,NA,NA,NA,NA,NA,NA,NA,NA,NA,NA,NA,NA,NA,NA,NA,NA,NA,NA,NA,NA,NA,NA,NA, -6.98230E-03, -6.69521E-03, -6.41102E-03, -6.13136E-03, -5.85757E-03, -5.59070E-03, -5.33159E-03, -5.08085E-03, -4.83891E-03,NA,NA,NA,NA,NA,NA,NA,NA,NA,NA,NA,NA,NA,NA,NA,
NA,NA,NA,NA,NA,NA,NA,NA,NA,  3.34906E-04,  2.32863E-04,  1.21803E-04,  1.20553E-06, -1.29446E-04, -2.70655E-04, -4.22905E-04, -5.86649E-04, -7.62300E-04, -9.50224E-04, -1.15072E-03, -1.36403E-03, -1.59029E-03, -1.82956E-03, -2.08179E-03, -2.34681E-03, -2.62435E-03, -2.91397E-03, -3.21512E-03, -3.52706E-03, -3.84890E-03,NA,NA,NA,NA,NA,NA,NA,NA,NA,NA,NA,NA,NA,NA,NA,NA,NA,NA,NA,NA,NA,NA,NA,NA,NA,NA,NA,NA,NA,NA,NA, -6.84055E-03, -6.58496E-03, -6.32885E-03, -6.07404E-03, -5.82206E-03, -5.57422E-03, -5.33157E-03, -5.09496E-03, -4.86505E-03,NA,NA,NA,NA,NA,NA,NA,NA,NA,NA,NA,NA,NA,NA,NA,NA,
NA,NA,NA,NA,NA,NA,NA,NA,NA,NA,  2.04406E-04,  9.75445E-05, -1.81277E-05, -1.43055E-04, -2.77666E-04, -4.22370E-04, -5.77544E-04, -7.43528E-04, -9.20613E-04, -1.10903E-03, -1.30896E-03, -1.52048E-03, -1.74360E-03, -1.97824E-03, -2.22418E-03, -2.48114E-03, -2.74866E-03, -3.02618E-03, -3.31298E-03, -3.60818E-03,NA,NA,NA,NA,NA,NA,NA,NA,NA,NA,NA,NA,NA,NA,NA,NA,NA,NA,NA,NA,NA,NA,NA,NA,NA,NA,NA,NA,NA,NA, -6.66153E-03, -6.43812E-03, -6.21120E-03, -5.98265E-03, -5.75414E-03, -5.52712E-03, -5.30281E-03, -5.08225E-03, -4.86630E-03,NA,NA,NA,NA,NA,NA,NA,NA,NA,NA,NA,NA,NA,NA,NA,NA,NA,
NA,NA,NA,NA,NA,NA,NA,NA,NA,NA,NA,  7.59515E-05, -3.49613E-05, -1.54395E-04, -2.82714E-04, -4.20262E-04, -5.67352E-04, -7.24260E-04, -8.91216E-04, -1.06840E-03, -1.25592E-03, -1.45382E-03, -1.66208E-03, -1.88055E-03, -2.10903E-03, -2.34718E-03, -2.59457E-03, -2.85063E-03, -3.11465E-03, -3.38578E-03,NA,NA,NA,NA,NA,NA,NA,NA,NA,NA,NA,NA,NA,NA,NA,NA,NA,NA,NA,NA,NA,NA,NA,NA,NA,NA,NA,NA,NA, -6.45037E-03, -6.25896E-03, -6.06153E-03, -5.85994E-03, -5.65590E-03, -5.45093E-03, -5.24637E-03, -5.04337E-03, -4.84294E-03,NA,NA,NA,NA,NA,NA,NA,NA,NA,NA,NA,NA,NA,NA,NA,NA,NA,NA,
NA,NA,NA,NA,NA,NA,NA,NA,NA,NA,NA,NA, -4.94849E-05, -1.63648E-04, -2.85967E-04, -4.16727E-04, -5.56186E-04, -7.04565E-04, -8.62044E-04, -1.02875E-03, -1.20475E-03, -1.39005E-03, -1.58459E-03, -1.78820E-03, -2.00066E-03, -2.22162E-03, -2.45064E-03, -2.68716E-03, -2.93051E-03, -3.17986E-03, -3.43427E-03,NA,NA,NA,NA,NA,NA,NA,NA,NA,NA,NA,NA,NA,NA,NA,NA,NA,NA,NA,NA,NA,NA,NA,NA,NA,NA,NA, -6.21262E-03, -6.05225E-03, -5.88386E-03, -5.70924E-03, -5.53004E-03, -5.34779E-03, -5.16387E-03, -4.97952E-03, -4.79581E-03,NA,NA,NA,NA,NA,NA,NA,NA,NA,NA,NA,NA,NA,NA,NA,NA,NA,NA,NA,
NA,NA,NA,NA,NA,NA,NA,NA,NA,NA,NA,NA,NA, -1.70988E-04, -2.87584E-04, -4.11903E-04, -5.44155E-04, -6.84514E-04, -8.33115E-04, -9.90044E-04, -1.15533E-03, -1.32896E-03, -1.51082E-03, -1.70074E-03, -1.89848E-03, -2.10369E-03, -2.31593E-03, -2.53466E-03, -2.75922E-03, -2.98885E-03, -3.22264E-03, -3.45956E-03,NA,NA,NA,NA,NA,NA,NA,NA,NA,NA,NA,NA,NA,NA,NA,NA,NA,NA,NA,NA,NA,NA,NA,NA,NA,NA, -5.82299E-03, -5.68258E-03, -5.53431E-03, -5.37974E-03, -5.22033E-03, -5.05746E-03, -4.89237E-03, -4.72619E-03,NA,NA,NA,NA,NA,NA,NA,NA,NA,NA,NA,NA,NA,NA,NA,NA,NA,NA,NA,NA,
NA,NA,NA,NA,NA,NA,NA,NA,NA,NA,NA,NA,NA,NA,NA, -4.05921E-04, -5.31363E-04, -6.64175E-04, -8.04454E-04, -9.52253E-04, -1.10757E-03, -1.27036E-03, -1.44050E-03, -1.61779E-03, -1.80200E-03, -1.99276E-03, -2.18965E-03, -2.39215E-03, -2.59963E-03, -2.81136E-03, -3.02651E-03, -3.24411E-03, -3.46310E-03,NA,NA,NA,NA,NA,NA,NA,NA,NA,NA,NA,NA,NA,NA,NA,NA,NA,NA,NA,NA,NA,NA,NA,NA, -5.57621E-03, -5.46221E-03, -5.33916E-03, -5.20849E-03, -5.07155E-03, -4.92966E-03, -4.78402E-03,NA,NA,NA,NA,NA,NA,NA,NA,NA,NA,NA,NA,NA,NA,NA,NA,NA,NA,NA,NA,NA,NA,
NA,NA,NA,NA,NA,NA,NA,NA,NA,NA,NA,NA,NA,NA,NA,NA, -5.17912E-04, -6.43618E-04, -7.76092E-04, -9.15356E-04, -1.06139E-03, -1.21411E-03, -1.37339E-03, -1.53903E-03, -1.71077E-03, -1.88826E-03, -2.07110E-03, -2.25877E-03, -2.45069E-03, -2.64618E-03, -2.84445E-03, -3.04462E-03, -3.24570E-03, -3.44663E-03,NA,NA,NA,NA,NA,NA,NA,NA,NA,NA,NA,NA,NA,NA,NA,NA,NA,NA,NA,NA,NA,NA, -5.31675E-03, -5.22720E-03, -5.12784E-03, -5.01992E-03, -4.90466E-03, -4.78327E-03, -4.65688E-03,NA,NA,NA,NA,NA,NA,NA,NA,NA,NA,NA,NA,NA,NA,NA,NA,NA,NA,NA,NA,NA,NA,NA,
NA,NA,NA,NA,NA,NA,NA,NA,NA,NA,NA,NA,NA,NA,NA,NA,NA,NA, -7.48060E-04, -8.79340E-04, -1.01671E-03, -1.16008E-03, -1.30929E-03, -1.46416E-03, -1.62441E-03, -1.78972E-03, -1.95967E-03, -2.13379E-03, -2.31153E-03, -2.49224E-03, -2.67521E-03, -2.85961E-03, -3.04457E-03, -3.22909E-03, -3.41213E-03,NA,NA,NA,NA,NA,NA,NA,NA,NA,NA,NA,NA,NA,NA,NA,NA,NA,NA,NA,NA, -5.04912E-03, -4.98183E-03, -4.90433E-03, -4.81769E-03, -4.72297E-03, -4.62123E-03,NA,NA,NA,NA,NA,NA,NA,NA,NA,NA,NA,NA,NA,NA,NA,NA,NA,NA,NA,NA,NA,NA,NA,NA,NA,
NA,NA,NA,NA,NA,NA,NA,NA,NA,NA,NA,NA,NA,NA,NA,NA,NA,NA,NA, -8.44200E-04, -9.73488E-04, -1.10815E-03, -1.24804E-03, -1.39294E-03, -1.54259E-03, -1.69668E-03, -1.85481E-03, -2.01654E-03, -2.18133E-03, -2.34860E-03, -2.51767E-03, -2.68780E-03, -2.85819E-03, -3.02795E-03, -3.19612E-03, -3.36171E-03,NA,NA,NA,NA,NA,NA,NA,NA,NA,NA,NA,NA,NA,NA,NA,NA,NA, -4.81364E-03, -4.77739E-03, -4.73004E-03, -4.67239E-03, -4.60532E-03, -4.52973E-03, -4.44654E-03,NA,NA,NA,NA,NA,NA,NA,NA,NA,NA,NA,NA,NA,NA,NA,NA,NA,NA,NA,NA,NA,NA,NA,NA,NA,NA,
NA,NA,NA,NA,NA,NA,NA,NA,NA,NA,NA,NA,NA,NA,NA,NA,NA,NA,NA,NA,NA, -1.05824E-03, -1.18946E-03, -1.32514E-03, -1.46501E-03, -1.60877E-03, -1.75605E-03, -1.90642E-03, -2.05938E-03, -2.21439E-03, -2.37084E-03, -2.52804E-03, -2.68525E-03, -2.84168E-03, -2.99648E-03, -3.14875E-03, -3.29756E-03, -3.44195E-03,NA,NA,NA,NA,NA,NA,NA,NA,NA,NA,NA,NA,NA, -4.53191E-03, -4.52416E-03, -4.50513E-03, -4.47536E-03, -4.43546E-03, -4.38613E-03, -4.32809E-03,NA,NA,NA,NA,NA,NA,NA,NA,NA,NA,NA,NA,NA,NA,NA,NA,NA,NA,NA,NA,NA,NA,NA,NA,NA,NA,NA,NA,
NA,NA,NA,NA,NA,NA,NA,NA,NA,NA,NA,NA,NA,NA,NA,NA,NA,NA,NA,NA,NA,NA,NA,NA, -1.39140E-03, -1.52564E-03, -1.66294E-03, -1.80289E-03, -1.94504E-03, -2.08888E-03, -2.23383E-03, -2.37928E-03, -2.52457E-03, -2.66896E-03, -2.81170E-03, -2.95198E-03, -3.08898E-03, -3.22185E-03, -3.34974E-03, -3.47179E-03, -3.58717E-03,NA,NA,NA,NA,NA,NA,NA, -4.18814E-03, -4.21624E-03, -4.23336E-03, -4.23965E-03, -4.23538E-03, -4.22089E-03, -4.19663E-03,NA,NA,NA,NA,NA,NA,NA,NA,NA,NA,NA,NA,NA,NA,NA,NA,NA,NA,NA,NA,NA,NA,NA,NA,NA,NA,NA,NA,NA,NA,NA,
NA,NA,NA,NA,NA,NA,NA,NA,NA,NA,NA,NA,NA,NA,NA,NA,NA,NA,NA,NA,NA,NA,NA,NA,NA,NA, -1.57509E-03, -1.70549E-03, -1.83773E-03, -1.97136E-03, -2.10584E-03, -2.24061E-03, -2.37507E-03, -2.50856E-03, -2.64040E-03, -2.76988E-03, -2.89625E-03, -3.01877E-03, -3.13669E-03, -3.24924E-03, -3.35571E-03, -3.45540E-03, -3.54765E-03, -3.63187E-03, -3.70752E-03, -3.77415E-03, -3.83139E-03, -3.87897E-03, -3.91671E-03, -3.94454E-03, -3.96248E-03, -3.97064E-03, -3.96924E-03,NA,NA,NA,NA,NA,NA,NA,NA,NA,NA,NA,NA,NA,NA,NA,NA,NA,NA,NA,NA,NA,NA,NA,NA,NA,NA,NA,NA,NA,NA,NA,NA,NA,
NA,NA,NA,NA,NA,NA,NA,NA,NA,NA,NA,NA,NA,NA,NA,NA,NA,NA,NA,NA,NA,NA,NA,NA,NA,NA,NA,NA,NA,NA, -1.98614E-03, -2.11119E-03, -2.23581E-03, -2.35942E-03, -2.48140E-03, -2.60111E-03, -2.71789E-03, -2.83108E-03, -2.94002E-03, -3.04403E-03, -3.14248E-03, -3.23476E-03, -3.32030E-03, -3.39857E-03, -3.46910E-03, -3.53149E-03, -3.58543E-03, -3.63065E-03, -3.66702E-03,NA,NA,NA,NA,NA,NA,NA,NA,NA,NA,NA,NA,NA,NA,NA,NA,NA,NA,NA,NA,NA,NA,NA,NA,NA,NA,NA,NA,NA,NA,NA,NA,NA,NA,NA,NA,NA,
NA,NA,NA,NA,NA,NA,NA,NA,NA,NA,NA,NA,NA,NA,NA,NA,NA,NA,NA,NA,NA,NA,NA,NA,NA,NA,NA,NA,NA,NA,NA,NA,NA,NA,NA,NA,NA, -2.65735E-03, -2.75817E-03, -2.85448E-03, -2.94569E-03, -3.03129E-03,NA,NA,NA,NA,NA,NA,NA,NA,NA,NA,NA,NA,NA,NA,NA,NA,NA,NA,NA,NA,NA,NA,NA,NA,NA,NA,NA,NA,NA,NA,NA,NA,NA,NA,NA,NA,NA,NA,NA,NA,NA,NA,NA,NA,
NA,NA,NA,NA,NA,NA,NA,NA,NA,NA,NA,NA,NA,NA,NA,NA,NA,NA,NA,NA,NA,NA,NA,NA,NA,NA,NA,NA,NA,NA,NA,NA,NA,NA,NA,NA,NA,NA,NA,NA,NA,NA,NA,NA,NA,NA,NA,NA,NA,NA,NA,NA,NA,NA,NA,NA,NA,NA,NA,NA,NA,NA,NA,NA,NA,NA,NA,NA,NA,NA,NA,NA,NA,NA,NA,NA,NA,NA,NA,NA,NA,NA,NA,NA,NA,NA,
NA,NA,NA,NA,NA,NA,NA,NA,NA,NA,NA,NA,NA,NA,NA,NA,NA,NA,NA,NA,NA,NA,NA,NA,NA,NA,NA,NA,NA,NA,NA,NA,NA,NA,NA,NA,NA,NA,NA,NA,NA,NA,NA,NA,NA,NA,NA,NA,NA,NA,NA,NA,NA,NA,NA,NA,NA,NA,NA,NA,NA,NA,NA,NA,NA,NA,NA,NA,NA,NA,NA,NA,NA,NA,NA,NA,NA,NA,NA,NA,NA,NA,NA,NA,NA,NA,
NA,NA,NA,NA,NA,NA,NA,NA,NA,NA,NA,NA,NA,NA,NA,NA,NA,NA,NA,NA,NA,NA,NA,NA,NA,NA,NA,NA,NA,NA,NA,NA,NA,NA,NA,NA,NA,NA,NA,NA,NA,NA,NA,NA,NA,NA,NA,NA,NA,NA,NA,NA,NA,NA,NA,NA,NA,NA,NA,NA,NA,NA,NA,NA,NA,NA,NA,NA,NA,NA,NA,NA,NA,NA,NA,NA,NA,NA,NA,NA,NA,NA,NA,NA,NA,NA,
NA,NA,NA,NA,NA,NA,NA,NA,NA,NA,NA,NA,NA,NA,NA,NA,NA,NA,NA,NA,NA,NA,NA,NA,NA,NA,NA,NA,NA,NA,NA,NA,NA,NA,NA,NA,NA,NA,NA,NA,NA,NA,NA,NA,NA,NA,NA,NA,NA,NA,NA,NA,NA,NA,NA,NA,NA,NA,NA,NA,NA,NA,NA,NA,NA,NA,NA,NA,NA,NA,NA,NA,NA,NA,NA,NA,NA,NA,NA,NA,NA,NA,NA,NA,NA,NA,
NA,NA,NA,NA,NA,NA,NA,NA,NA,NA,NA,NA,NA,NA,NA,NA,NA,NA,NA,NA,NA,NA,NA,NA,NA,NA,NA,NA,NA,NA,NA,NA,NA,NA,NA,NA,NA,NA,NA,NA,NA,NA,NA,NA,NA,NA,NA,NA,NA,NA,NA,NA,NA,NA,NA,NA,NA,NA,NA,NA,NA,NA,NA,NA,NA,NA,NA,NA,NA,NA,NA,NA,NA,NA,NA,NA,NA,NA,NA,NA,NA,NA,NA,NA,NA,NA,
NA,NA,NA,NA,NA,NA,NA,NA,NA,NA,NA,NA,NA,NA,NA,NA,NA,NA,NA,NA,NA,NA,NA,NA,NA,NA,NA,NA,NA,NA,NA,NA,NA,NA,NA,NA,NA,NA,NA,NA,NA,NA,NA,NA,NA,NA,NA,NA,NA,NA,NA,NA,NA,NA,NA,NA,NA,NA,NA,NA,NA,NA,NA,NA,NA,NA,NA,NA,NA,NA,NA,NA,NA,NA,NA,NA,NA,NA,NA,NA,NA,NA,NA,NA,NA,NA,
NA,NA,NA,NA,NA,NA,NA,NA,NA,NA,NA,NA,NA,NA,NA,NA,NA,NA,NA,NA,NA,NA,NA,NA,NA,NA,NA,NA,NA,NA,NA,NA,NA,NA,NA,NA,NA,NA,NA,NA,NA,NA,NA,NA,NA,NA,NA,NA,NA,NA,NA,NA,NA,NA,NA,NA,NA,NA,NA,NA,NA,NA,NA,NA,NA,NA,NA,NA,NA,NA,NA,NA,NA,NA,NA,NA,NA,NA,NA,NA,NA,NA,NA,NA,NA,NA,
NA,NA,NA,NA,NA,NA,NA,NA,NA,NA,NA,NA,NA,NA,NA,NA,NA,NA,NA,NA,NA,NA,NA,NA,NA,NA,NA,NA,NA,NA,NA,NA,NA,NA,NA,NA,NA,NA,NA,NA,NA,NA,NA,NA,NA,NA,NA,NA,NA,NA,NA,NA,NA,NA,NA,NA,NA,NA,NA,NA,NA,NA,NA,NA,NA,NA,NA,NA,NA,NA,NA,NA,NA,NA,NA,NA,NA,NA,NA,NA,NA,NA,NA,NA,NA,NA,
NA,NA,NA,NA,NA,NA,NA,NA,NA,NA,NA,NA,NA,NA,NA,NA,NA,NA,NA,NA,NA,NA,NA,NA,NA,NA,NA,NA,NA,NA,NA,NA,NA,NA,NA,NA,NA,NA,NA,NA,NA,NA,NA,NA,NA,NA,NA,NA,NA,NA,NA,NA,NA,NA,NA,NA,NA,NA,NA,NA,NA,NA,NA,NA,NA,NA,NA,NA,NA,NA,NA,NA,NA,NA,NA,NA,NA,NA,NA,NA,NA,NA,NA,NA,NA,NA,
